row_id,analysis_id,analysis_name,cancer_id,cancer_name,phecode,phecode_sort,disease_name,system,system_display,disease_system,disease_system_display,system_color,sex,count,beta,se,effect_ratio,hr_original,hr_plot,ci_lower,ci_upper,p_value,q_value,significant,positive_significant,direction,model_type,effect_measure,events_group_one,person_years_group_one,incidence_rate_group_one,events_group_two,person_years_group_two,incidence_rate_group_two,group_one_label,group_two_label,incidence_rate_cancer,incidence_rate_matched_unexposed,comparison_label
78,analysis,MDD diagnosis,analysis,MDD diagnosis,428.2,428.2,Heart failure NOS,circulatory system,Circulatory system diseases,circulatory system,Circulatory system diseases,#F46D5A,Both,2040.0,0.4755952686221131,0.024775010589481,1.608971682833677,1.608971682833677,1.608971682833677,1.5327082181203393,1.6890298137341742,3.9533978778463476e-82,2.8282000203054646e-81,True,True,elevated,,Hazard ratio,2040.0,460.02,4.43,12626.0,4498.1,2.81,Exposed group,Unexposed group,4.43,2.81,Unexposed group
186,analysis,MDD diagnosis,analysis,MDD diagnosis,433.2,433.2,Occlusion of cerebral arteries,circulatory system,Circulatory system diseases,circulatory system,Circulatory system diseases,#F46D5A,Both,1988.0,0.4173944523425814,0.0248259588784397,1.5180011739748134,1.5180011739748134,1.5180011739748134,1.4459052166559654,1.5936919914558942,1.965825294858136e-63,1.1080106207382219e-62,True,True,elevated,,Hazard ratio,1988.0,440.78,4.51,12617.0,4247.66,2.97,Exposed group,Unexposed group,4.51,2.97,Unexposed group
58,analysis,MDD diagnosis,analysis,MDD diagnosis,458.1,458.1,Orthostatic hypotension,circulatory system,Circulatory system diseases,circulatory system,Circulatory system diseases,#F46D5A,Both,448.0,0.8833768391412388,0.0546736575853291,2.4190546881929698,2.4190546881929698,2.4190546881929698,2.1732341946555858,2.6926806134650314,1.0093981387809536e-58,5.215223717034927e-58,True,True,elevated,,Hazard ratio,448.0,465.14,0.96,1930.0,4562.02,0.42,Exposed group,Unexposed group,0.96,0.42,Unexposed group
92,analysis,MDD diagnosis,analysis,MDD diagnosis,427.4,427.4,Cardiac arrest and ventricular fibrillation,circulatory system,Circulatory system diseases,circulatory system,Circulatory system diseases,#F46D5A,Both,673.0,0.6202542641846189,0.0436391149463461,1.8594007607643657,1.8594007607643657,1.8594007607643657,1.7069729529315332,2.0254399363466526,7.580804923014389e-46,3.2229393578452854e-45,True,True,elevated,,Hazard ratio,673.0,451.95,1.49,3523.0,4323.96,0.81,Exposed group,Unexposed group,1.49,0.81,Unexposed group
119,analysis,MDD diagnosis,analysis,MDD diagnosis,433.8,433.8,Late effects of cerebrovascular disease,circulatory system,Circulatory system diseases,circulatory system,Circulatory system diseases,#F46D5A,Both,658.0,0.5309954053158732,0.0435780145329668,1.7006242768272282,1.7006242768272282,1.7006242768272282,1.5613994412175176,1.852263331591159,3.7393759021148446e-34,1.2420069960595735e-33,True,True,elevated,,Hazard ratio,658.0,446.87,1.47,3761.0,4288.27,0.88,Exposed group,Unexposed group,1.47,0.88,Unexposed group
41,analysis,MDD diagnosis,analysis,MDD diagnosis,433.3,433.3,Cerebral ischemia,circulatory system,Circulatory system diseases,circulatory system,Circulatory system diseases,#F46D5A,Both,1018.0,0.375932244426115,0.0343406806523955,1.4563484547027705,1.4563484547027705,1.4563484547027705,1.3615510261853871,1.5577461150738843,6.857870400324212e-28,2.1992480938970748e-27,True,True,elevated,,Hazard ratio,1018.0,444.19,2.29,6960.0,4269.62,1.63,Exposed group,Unexposed group,2.29,1.63,Unexposed group
7,analysis,MDD diagnosis,analysis,MDD diagnosis,455,455.0,Hemorrhoids,circulatory system,Circulatory system diseases,circulatory system,Circulatory system diseases,#F46D5A,Both,838.0,0.4022943914861042,0.0379406865670489,1.4952514571869904,1.4952514571869904,1.4952514571869904,1.3880926989127,1.6106827173510192,2.8781704713923343e-26,8.497455677444036e-26,True,True,elevated,,Hazard ratio,838.0,434.77,1.93,5387.0,4110.27,1.31,Exposed group,Unexposed group,1.93,1.31,Unexposed group
59,analysis,MDD diagnosis,analysis,MDD diagnosis,411.2,411.2,Myocardial infarction,circulatory system,Circulatory system diseases,circulatory system,Circulatory system diseases,#F46D5A,Both,2103.0,0.2429151129093159,0.0238598546298195,1.274960391846362,1.274960391846362,1.274960391846362,1.2167091520805393,1.3360004714334788,2.412858715762127e-24,6.799874562602358e-24,True,True,elevated,,Hazard ratio,2103.0,437.78,4.8,15353.0,4146.06,3.7,Exposed group,Unexposed group,4.8,3.7,Unexposed group
149,analysis,MDD diagnosis,analysis,MDD diagnosis,411.4,411.4,Coronary atherosclerosis,circulatory system,Circulatory system diseases,circulatory system,Circulatory system diseases,#F46D5A,Both,824.0,0.3478859586574746,0.038588635862964,1.4160707499219385,1.4160707499219385,1.4160707499219385,1.3129181199937843,1.5273278190371649,1.9643312318488186e-19,4.937373096268653e-19,True,True,elevated,,Hazard ratio,824.0,444.01,1.86,5274.0,4200.14,1.26,Exposed group,Unexposed group,1.86,1.26,Unexposed group
46,analysis,MDD diagnosis,analysis,MDD diagnosis,401.1,401.1,Essential hypertension,circulatory system,Circulatory system diseases,circulatory system,Circulatory system diseases,#F46D5A,Both,2913.0,0.1699893219777694,0.0200146256299194,1.1852921946763872,1.1852921946763872,1.1852921946763872,1.1396949692198195,1.2327136862966988,2.009285386778858e-17,4.557647340742288e-17,True,True,elevated,,Hazard ratio,2913.0,442.07,6.59,24050.0,4263.81,5.64,Exposed group,Unexposed group,6.59,5.64,Unexposed group
112,analysis,MDD diagnosis,analysis,MDD diagnosis,430.2,430.2,Intracerebral hemorrhage,circulatory system,Circulatory system diseases,circulatory system,Circulatory system diseases,#F46D5A,Both,387.0,0.4297862980661774,0.0562423315667855,1.5369290437423508,1.5369290437423508,1.5369290437423508,1.3765100245281796,1.7160433584989263,2.1439373553768252e-14,4.2878747107536504e-14,True,True,elevated,,Hazard ratio,387.0,448.26,0.86,2417.0,4295.63,0.56,Exposed group,Unexposed group,0.86,0.56,Unexposed group
160,analysis,MDD diagnosis,analysis,MDD diagnosis,451.2,451.2,Phlebitis and thrombophlebitis of lower extremities,circulatory system,Circulatory system diseases,circulatory system,Circulatory system diseases,#F46D5A,Both,906.0,0.269814063714736,0.0361876666642542,1.30972090345229,1.30972090345229,1.30972090345229,1.2200431622988117,1.4059902943989098,8.921078869062345e-14,1.7466533364690485e-13,True,True,elevated,,Hazard ratio,906.0,437.1,2.07,6496.0,4122.57,1.58,Exposed group,Unexposed group,2.07,1.58,Unexposed group
177,analysis,MDD diagnosis,analysis,MDD diagnosis,411.8,411.8,"Other chronic ischemic heart disease, unspecified",circulatory system,Circulatory system diseases,circulatory system,Circulatory system diseases,#F46D5A,Both,891.0,0.2413211178260302,0.0366370259864463,1.2729297301127467,1.2729297301127467,1.2729297301127467,1.1847272115849474,1.3676988946992945,4.493776734665233e-11,8.036946852382052e-11,True,True,elevated,,Hazard ratio,891.0,442.71,2.01,6629.0,4189.08,1.58,Exposed group,Unexposed group,2.01,1.58,Unexposed group
105,analysis,MDD diagnosis,analysis,MDD diagnosis,428.1,428.1,Congestive heart failure (CHF) NOS,circulatory system,Circulatory system diseases,circulatory system,Circulatory system diseases,#F46D5A,Both,390.0,0.3331361693808644,0.0555823161257025,1.3953372877487185,1.3953372877487185,1.3953372877487185,1.2513147890589653,1.5559363348099964,2.052913085762071e-09,3.3494897715065364e-09,True,True,elevated,,Hazard ratio,390.0,463.52,0.84,2803.0,4519.44,0.62,Exposed group,Unexposed group,0.84,0.62,Unexposed group
37,analysis,MDD diagnosis,analysis,MDD diagnosis,411.3,411.3,Angina pectoris,circulatory system,Circulatory system diseases,circulatory system,Circulatory system diseases,#F46D5A,Both,1282.0,0.1689719160829268,0.0302357383324791,1.1840868846591404,1.1840868846591404,1.1840868846591404,1.1159542505089945,1.2563792375738505,2.2906151658195983e-08,3.550453507020377e-08,True,True,elevated,,Hazard ratio,1282.0,437.6,2.93,10304.0,4143.8,2.49,Exposed group,Unexposed group,2.93,2.49,Unexposed group
94,analysis,MDD diagnosis,analysis,MDD diagnosis,411.1,411.1,Unstable angina (intermediate coronary syndrome),circulatory system,Circulatory system diseases,circulatory system,Circulatory system diseases,#F46D5A,Both,518.0,0.2467637311287425,0.0476915383761519,1.2798766820331786,1.2798766820331786,1.2798766820331786,1.1656610091153128,1.4052836188245628,2.289365022047969e-07,3.519189207445639e-07,True,True,elevated,,Hazard ratio,518.0,442.64,1.17,3921.0,4189.18,0.94,Exposed group,Unexposed group,1.17,0.94,Unexposed group
184,analysis,MDD diagnosis,analysis,MDD diagnosis,440.2,440.2,Atherosclerosis of the extremities,circulatory system,Circulatory system diseases,circulatory system,Circulatory system diseases,#F46D5A,Both,522.0,0.2385693574594133,0.0479138272763846,1.2694317475441124,1.2694317475441124,1.2694317475441124,1.1556445681771026,1.3944226503956911,6.386947401582267e-07,9.503777733554414e-07,True,True,elevated,,Hazard ratio,522.0,458.82,1.14,3988.0,4450.4,0.9,Exposed group,Unexposed group,1.14,0.9,Unexposed group
172,analysis,MDD diagnosis,analysis,MDD diagnosis,401.2,401.2,Hypertensive heart and/or renal disease,circulatory system,Circulatory system diseases,circulatory system,Circulatory system diseases,#F46D5A,Both,250.0,0.291203818920686,0.0692584951288982,1.3380372734723658,1.3380372734723658,1.3380372734723658,1.1681918995470149,1.532576750357195,2.6155179304302904e-05,3.603602481926178e-05,True,True,elevated,,Hazard ratio,250.0,453.24,0.55,1825.0,4365.68,0.42,Exposed group,Unexposed group,0.55,0.42,Unexposed group
154,analysis,MDD diagnosis,analysis,MDD diagnosis,442.1,442.1,Aortic aneurysm,circulatory system,Circulatory system diseases,circulatory system,Circulatory system diseases,#F46D5A,Both,458.0,0.187682975362461,0.050512593065393,1.206450980031596,1.206450980031596,1.206450980031596,1.092729061136019,1.3320081061137075,0.00020274771317,0.0002693648189259,True,True,elevated,,Hazard ratio,458.0,459.55,1.0,3800.0,4454.55,0.85,Exposed group,Unexposed group,1.0,0.85,Unexposed group
142,analysis,MDD diagnosis,analysis,MDD diagnosis,454.1,454.1,Varicose veins of lower extremity,circulatory system,Circulatory system diseases,circulatory system,Circulatory system diseases,#F46D5A,Both,808.0,-0.0724613529037798,0.0373312334608858,0.9301016916952619,0.9301016916952619,0.9301016916952619,0.8644770075205763,1.0007081152748845,0.0522536353022117,0.0611268941271156,False,False,protective,,Hazard ratio,808.0,436.35,1.85,8312.0,4098.98,2.03,Exposed group,Unexposed group,1.85,2.03,Unexposed group
132,analysis,MDD diagnosis,analysis,MDD diagnosis,443.9,443.9,"Peripheral vascular disease, unspecified",circulatory system,Circulatory system diseases,circulatory system,Circulatory system diseases,#F46D5A,Both,288.0,0.1073484165853338,0.063691092465312,1.1133220867916538,1.1133220867916538,1.1133220867916538,0.9826658704066291,1.2613504816496997,0.0919009823314386,0.1035974709918035,False,False,elevated,,Hazard ratio,288.0,459.78,0.63,2481.0,4456.85,0.56,Exposed group,Unexposed group,0.63,0.56,Unexposed group
54,analysis,MDD diagnosis,analysis,MDD diagnosis,427.1,427.1,"Paroxysmal tachycardia, unspecified",circulatory system,Circulatory system diseases,circulatory system,Circulatory system diseases,#F46D5A,Both,353.0,0.070713864803675,0.0570054391155813,1.0732740804381773,1.0732740804381773,1.0732740804381773,0.9598130089247427,1.2001475714846608,0.2147994784690244,0.2350158999719915,False,False,elevated,,Hazard ratio,353.0,450.33,0.78,3178.0,4308.0,0.74,Exposed group,Unexposed group,0.78,0.74,Unexposed group
18,analysis,MDD diagnosis,analysis,MDD diagnosis,394.3,394.3,Aortic valve disease,circulatory system,Circulatory system diseases,circulatory system,Circulatory system diseases,#F46D5A,Both,256.0,0.0590138025330733,0.066799634914762,1.0607898822265471,1.0607898822265471,1.0607898822265471,0.9306114070592225,1.209178359193056,0.3769958940333779,0.3961651767808378,False,False,elevated,,Hazard ratio,256.0,465.22,0.55,2458.0,4545.78,0.54,Exposed group,Unexposed group,0.55,0.54,Unexposed group
81,analysis,MDD diagnosis,analysis,MDD diagnosis,427.6,427.6,Premature beats,circulatory system,Circulatory system diseases,circulatory system,Circulatory system diseases,#F46D5A,Both,278.0,0.0447977171955618,0.0641682123630866,1.0458162878591093,1.0458162878591093,1.0458162878591093,0.9222195325628008,1.1859776000536262,0.4850962577619938,0.501266133020727,False,False,elevated,,Hazard ratio,278.0,450.73,0.62,2615.0,4311.24,0.61,Exposed group,Unexposed group,0.62,0.61,Unexposed group
127,analysis,MDD diagnosis,analysis,MDD diagnosis,427.2,427.2,Atrial fibrillation and flutter,circulatory system,Circulatory system diseases,circulatory system,Circulatory system diseases,#F46D5A,Both,1996.0,0.0078980321541126,0.0239640053979949,1.0079293038842285,1.0079293038842285,1.0079293038842285,0.9616820248772464,1.0564006140784654,0.7417181170047431,0.7538774303982635,False,False,elevated,,Hazard ratio,1996.0,444.08,4.49,19420.0,4236.45,4.58,Exposed group,Unexposed group,4.49,4.58,Unexposed group
450,analysis,MDD diagnosis,analysis,MDD diagnosis,414.2,414.2,ASCVD,circulatory system,Circulatory system diseases,circulatory system,Circulatory system diseases,#F46D5A,Both,35.0,,,,,,,,,,False,False,elevated,,Hazard ratio,35.0,445.72,0.08,206.0,4215.49,0.05,Exposed group,Unexposed group,0.08,0.05,Unexposed group
970,analysis,MDD diagnosis,analysis,MDD diagnosis,426.7,426.7,Abnormal electrocardiogram [ECG] [EKG],circulatory system,Circulatory system diseases,circulatory system,Circulatory system diseases,#F46D5A,Both,0.0,,,,,,,,,,False,False,elevated,,Hazard ratio,0.0,452.14,0.0,0.0,4325.37,0.0,Exposed group,Unexposed group,0.0,0.0,Unexposed group
522,analysis,MDD diagnosis,analysis,MDD diagnosis,429.2,429.2,Abnormal function study of cardiovascular system,circulatory system,Circulatory system diseases,circulatory system,Circulatory system diseases,#F46D5A,Both,0.0,,,,,,,,,,False,False,elevated,,Hazard ratio,0.0,465.03,0.0,0.0,4530.12,0.0,Exposed group,Unexposed group,0.0,0.0,Unexposed group
248,analysis,MDD diagnosis,analysis,MDD diagnosis,396,396.0,Abnormal heart sounds,circulatory system,Circulatory system diseases,circulatory system,Circulatory system diseases,#F46D5A,Both,0.0,,,,,,,,,,False,False,elevated,,Hazard ratio,0.0,466.36,0.0,0.0,4556.57,0.0,Exposed group,Unexposed group,0.0,0.0,Unexposed group
579,analysis,MDD diagnosis,analysis,MDD diagnosis,446.2,446.2,Acute febrile mucocutaneous lymph node syndrome (Kawasaki disease),circulatory system,Circulatory system diseases,circulatory system,Circulatory system diseases,#F46D5A,Both,0.0,,,,,,,,,,False,False,elevated,,Hazard ratio,0.0,461.08,0.0,3.0,4468.1,0.0,Exposed group,Unexposed group,0.0,0.0,Unexposed group
236,analysis,MDD diagnosis,analysis,MDD diagnosis,415.1,415.1,Acute pulmonary heart disease,circulatory system,Circulatory system diseases,circulatory system,Circulatory system diseases,#F46D5A,Both,113.0,,,,,,,,,,False,False,elevated,,Hazard ratio,113.0,464.84,0.24,622.0,4544.13,0.14,Exposed group,Unexposed group,0.24,0.14,Unexposed group
937,analysis,MDD diagnosis,analysis,MDD diagnosis,394.4,394.4,Acute rheumatic heart disease,circulatory system,Circulatory system diseases,circulatory system,Circulatory system diseases,#F46D5A,Both,1.0,,,,,,,,,,False,False,elevated,,Hazard ratio,1.0,466.35,0.0,13.0,4556.48,0.0,Exposed group,Unexposed group,0.0,0.0,Unexposed group
661,analysis,MDD diagnosis,analysis,MDD diagnosis,441.1,441.1,Acute vascular insufficiency of intestine,circulatory system,Circulatory system diseases,circulatory system,Circulatory system diseases,#F46D5A,Both,63.0,,,,,,,,,,False,False,elevated,,Hazard ratio,63.0,460.98,0.14,348.0,4467.5,0.08,Exposed group,Unexposed group,0.14,0.08,Unexposed group
1060,analysis,MDD diagnosis,analysis,MDD diagnosis,433.6,433.6,"Acute, but ill-defined cerebrovascular disease",circulatory system,Circulatory system diseases,circulatory system,Circulatory system diseases,#F46D5A,Both,13.0,,,,,,,,,,False,False,elevated,,Hazard ratio,13.0,449.06,0.03,47.0,4302.77,0.01,Exposed group,Unexposed group,0.03,0.01,Unexposed group
228,analysis,MDD diagnosis,analysis,MDD diagnosis,442.3,442.3,Aneurysm of artery of lower extremity,circulatory system,Circulatory system diseases,circulatory system,Circulatory system diseases,#F46D5A,Both,25.0,,,,,,,,,,False,False,elevated,,Hazard ratio,25.0,460.96,0.05,224.0,4467.05,0.05,Exposed group,Unexposed group,0.05,0.05,Unexposed group
315,analysis,MDD diagnosis,analysis,MDD diagnosis,442.2,442.2,Aneurysm of iliac artery,circulatory system,Circulatory system diseases,circulatory system,Circulatory system diseases,#F46D5A,Both,23.0,,,,,,,,,,False,False,elevated,,Hazard ratio,23.0,461.01,0.05,195.0,4467.47,0.04,Exposed group,Unexposed group,0.05,0.04,Unexposed group
1061,analysis,MDD diagnosis,analysis,MDD diagnosis,442.8,442.8,Aneurysm of other specified artery,circulatory system,Circulatory system diseases,circulatory system,Circulatory system diseases,#F46D5A,Both,34.0,,,,,,,,,,False,False,elevated,,Hazard ratio,34.0,460.98,0.07,216.0,4467.24,0.05,Exposed group,Unexposed group,0.07,0.05,Unexposed group
310,analysis,MDD diagnosis,analysis,MDD diagnosis,426.4,426.4,Anomalous atrioventricular excitation,circulatory system,Circulatory system diseases,circulatory system,Circulatory system diseases,#F46D5A,Both,13.0,,,,,,,,,,False,False,elevated,,Hazard ratio,13.0,452.05,0.03,174.0,4324.08,0.04,Exposed group,Unexposed group,0.03,0.04,Unexposed group
475,analysis,MDD diagnosis,analysis,MDD diagnosis,447.7,447.7,Aortic ectasia,circulatory system,Circulatory system diseases,circulatory system,Circulatory system diseases,#F46D5A,Both,0.0,,,,,,,,,,False,False,elevated,,Hazard ratio,0.0,461.08,0.0,0.0,4468.11,0.0,Exposed group,Unexposed group,0.0,0.0,Unexposed group
745,analysis,MDD diagnosis,analysis,MDD diagnosis,427.5,427.5,Arrhythmia (cardiac) NOS,circulatory system,Circulatory system diseases,circulatory system,Circulatory system diseases,#F46D5A,Both,249.0,,,,,,,,,,False,False,elevated,,Hazard ratio,249.0,451.22,0.55,1987.0,4317.14,0.46,Exposed group,Unexposed group,0.55,0.46,Unexposed group
220,analysis,MDD diagnosis,analysis,MDD diagnosis,442.4,442.4,Arterial dissection,circulatory system,Circulatory system diseases,circulatory system,Circulatory system diseases,#F46D5A,Both,5.0,,,,,,,,,,False,False,elevated,,Hazard ratio,5.0,461.05,0.01,43.0,4467.79,0.01,Exposed group,Unexposed group,0.01,0.01,Unexposed group
1117,analysis,MDD diagnosis,analysis,MDD diagnosis,444.1,444.1,Arterial embolism and thrombosis of lower extremity artery,circulatory system,Circulatory system diseases,circulatory system,Circulatory system diseases,#F46D5A,Both,81.0,,,,,,,,,,False,False,elevated,,Hazard ratio,81.0,460.81,0.18,548.0,4466.01,0.12,Exposed group,Unexposed group,0.18,0.12,Unexposed group
605,analysis,MDD diagnosis,analysis,MDD diagnosis,446.9,446.9,Arteritis NOS,circulatory system,Circulatory system diseases,circulatory system,Circulatory system diseases,#F46D5A,Both,52.0,,,,,,,,,,False,False,elevated,,Hazard ratio,52.0,460.81,0.11,329.0,4466.6,0.07,Exposed group,Unexposed group,0.11,0.07,Unexposed group
727,analysis,MDD diagnosis,analysis,MDD diagnosis,444.5,444.5,Atheroembolism,circulatory system,Circulatory system diseases,circulatory system,Circulatory system diseases,#F46D5A,Both,0.0,,,,,,,,,,False,False,elevated,,Hazard ratio,0.0,461.08,0.0,0.0,4468.11,0.0,Exposed group,Unexposed group,0.0,0.0,Unexposed group
606,analysis,MDD diagnosis,analysis,MDD diagnosis,440.9,440.9,Atherosclerosis of aorta,circulatory system,Circulatory system diseases,circulatory system,Circulatory system diseases,#F46D5A,Both,35.0,,,,,,,,,,False,False,elevated,,Hazard ratio,35.0,461.02,0.08,225.0,4467.57,0.05,Exposed group,Unexposed group,0.08,0.05,Unexposed group
887,analysis,MDD diagnosis,analysis,MDD diagnosis,440.1,440.1,Atherosclerosis of renal artery,circulatory system,Circulatory system diseases,circulatory system,Circulatory system diseases,#F46D5A,Both,31.0,,,,,,,,,,False,False,elevated,,Hazard ratio,31.0,460.92,0.07,184.0,4467.11,0.04,Exposed group,Unexposed group,0.07,0.04,Unexposed group
842,analysis,MDD diagnosis,analysis,MDD diagnosis,426.2,426.2,Atrioventricular [AV] block,circulatory system,Circulatory system diseases,circulatory system,Circulatory system diseases,#F46D5A,Both,235.0,,,,,,,,,,False,False,elevated,,Hazard ratio,235.0,451.25,0.52,1786.0,4318.06,0.41,Exposed group,Unexposed group,0.52,0.41,Unexposed group
955,analysis,MDD diagnosis,analysis,MDD diagnosis,459.7,459.7,Blood vessel replaced,circulatory system,Circulatory system diseases,circulatory system,Circulatory system diseases,#F46D5A,Both,0.0,,,,,,,,,,False,False,elevated,,Hazard ratio,0.0,466.75,0.0,0.0,4568.5,0.0,Exposed group,Unexposed group,0.0,0.0,Unexposed group
820,analysis,MDD diagnosis,analysis,MDD diagnosis,426.3,426.3,Bundle branch block,circulatory system,Circulatory system diseases,circulatory system,Circulatory system diseases,#F46D5A,Both,48.0,,,,,,,,,,False,False,elevated,,Hazard ratio,48.0,451.9,0.11,451.0,4323.29,0.1,Exposed group,Unexposed group,0.11,0.1,Unexposed group
344,analysis,MDD diagnosis,analysis,MDD diagnosis,429.9,429.9,"Cardiac complications, not elsewhere classified",circulatory system,Circulatory system diseases,circulatory system,Circulatory system diseases,#F46D5A,Both,0.0,,,,,,,,,,False,False,elevated,,Hazard ratio,0.0,465.03,0.0,4.0,4530.12,0.0,Exposed group,Unexposed group,0.0,0.0,Unexposed group
359,analysis,MDD diagnosis,analysis,MDD diagnosis,426.9,426.9,Cardiac pacemaker/device in situ,circulatory system,Circulatory system diseases,circulatory system,Circulatory system diseases,#F46D5A,Both,0.0,,,,,,,,,,False,False,elevated,,Hazard ratio,0.0,452.14,0.0,0.0,4325.37,0.0,Exposed group,Unexposed group,0.0,0.0,Unexposed group
326,analysis,MDD diagnosis,analysis,MDD diagnosis,416,416.0,Cardiomegaly,circulatory system,Circulatory system diseases,circulatory system,Circulatory system diseases,#F46D5A,Both,191.0,,,,,,,,,,False,False,elevated,,Hazard ratio,191.0,465.36,0.41,805.0,4546.6,0.18,Exposed group,Unexposed group,0.41,0.18,Unexposed group
762,analysis,MDD diagnosis,analysis,MDD diagnosis,433.5,433.5,Cerebral aneurysm,circulatory system,Circulatory system diseases,circulatory system,Circulatory system diseases,#F46D5A,Both,48.0,,,,,,,,,,False,False,elevated,,Hazard ratio,48.0,448.95,0.11,295.0,4301.82,0.07,Exposed group,Unexposed group,0.11,0.07,Unexposed group
678,analysis,MDD diagnosis,analysis,MDD diagnosis,415.2,415.2,Chronic pulmonary heart disease,circulatory system,Circulatory system diseases,circulatory system,Circulatory system diseases,#F46D5A,Both,49.0,,,,,,,,,,False,False,elevated,,Hazard ratio,49.0,465.26,0.11,421.0,4545.68,0.09,Exposed group,Unexposed group,0.11,0.09,Unexposed group
577,analysis,MDD diagnosis,analysis,MDD diagnosis,441.2,441.2,Chronic vascular insufficiency of intestine,circulatory system,Circulatory system diseases,circulatory system,Circulatory system diseases,#F46D5A,Both,3.0,,,,,,,,,,False,False,elevated,,Hazard ratio,3.0,461.08,0.01,40.0,4467.99,0.01,Exposed group,Unexposed group,0.01,0.01,Unexposed group
744,analysis,MDD diagnosis,analysis,MDD diagnosis,453,453.0,Chronic venous hypertension,circulatory system,Circulatory system diseases,circulatory system,Circulatory system diseases,#F46D5A,Both,0.0,,,,,,,,,,False,False,elevated,,Hazard ratio,0.0,441.43,0.0,0.0,4153.74,0.0,Exposed group,Unexposed group,0.0,0.0,Unexposed group
919,analysis,MDD diagnosis,analysis,MDD diagnosis,456,456.0,Chronic venous insufficiency [CVI],circulatory system,Circulatory system diseases,circulatory system,Circulatory system diseases,#F46D5A,Both,107.0,,,,,,,,,,False,False,elevated,,Hazard ratio,107.0,440.98,0.24,790.0,4150.46,0.19,Exposed group,Unexposed group,0.24,0.19,Unexposed group
950,analysis,MDD diagnosis,analysis,MDD diagnosis,459.9,459.9,Circulatory disease NEC,circulatory system,Circulatory system diseases,circulatory system,Circulatory system diseases,#F46D5A,Both,150.0,,,,,,,,,,False,False,elevated,,Hazard ratio,150.0,466.49,0.32,812.0,4566.73,0.18,Exposed group,Unexposed group,0.32,0.18,Unexposed group
649,analysis,MDD diagnosis,analysis,MDD diagnosis,452.2,452.2,Deep vein thrombosis [DVT],circulatory system,Circulatory system diseases,circulatory system,Circulatory system diseases,#F46D5A,Both,0.0,,,,,,,,,,False,False,elevated,,Hazard ratio,0.0,441.43,0.0,0.0,4153.74,0.0,Exposed group,Unexposed group,0.0,0.0,Unexposed group
528,analysis,MDD diagnosis,analysis,MDD diagnosis,448,448.0,Disease of capillaries,circulatory system,Circulatory system diseases,circulatory system,Circulatory system diseases,#F46D5A,Both,19.0,,,,,,,,,,False,False,elevated,,Hazard ratio,19.0,460.99,0.04,135.0,4467.34,0.03,Exposed group,Unexposed group,0.04,0.03,Unexposed group
371,analysis,MDD diagnosis,analysis,MDD diagnosis,394.7,394.7,Disease of tricuspid valve,circulatory system,Circulatory system diseases,circulatory system,Circulatory system diseases,#F46D5A,Both,11.0,,,,,,,,,,False,False,elevated,,Hazard ratio,11.0,466.33,0.02,102.0,4556.32,0.02,Exposed group,Unexposed group,0.02,0.02,Unexposed group
871,analysis,MDD diagnosis,analysis,MDD diagnosis,402,402.0,Elevated blood pressure reading without diagnosis of hypertension,circulatory system,Circulatory system diseases,circulatory system,Circulatory system diseases,#F46D5A,Both,0.0,,,,,,,,,,False,False,elevated,,Hazard ratio,0.0,454.16,0.0,0.0,4373.87,0.0,Exposed group,Unexposed group,0.0,0.0,Unexposed group
200,analysis,MDD diagnosis,analysis,MDD diagnosis,444.2,444.2,Embolism and thrombosis of abdominal aorta,circulatory system,Circulatory system diseases,circulatory system,Circulatory system diseases,#F46D5A,Both,3.0,,,,,,,,,,False,False,elevated,,Hazard ratio,3.0,461.07,0.01,21.0,4468.05,0.0,Exposed group,Unexposed group,0.01,0.0,Unexposed group
978,analysis,MDD diagnosis,analysis,MDD diagnosis,457.2,457.2,Encounter for long-term (current) use of antiplatelets/antithrombotics,circulatory system,Circulatory system diseases,circulatory system,Circulatory system diseases,#F46D5A,Both,0.0,,,,,,,,,,False,False,elevated,,Hazard ratio,0.0,441.43,0.0,0.0,4153.74,0.0,Exposed group,Unexposed group,0.0,0.0,Unexposed group
824,analysis,MDD diagnosis,analysis,MDD diagnosis,457.3,457.3,Encounter for long-term (current) use of aspirin,circulatory system,Circulatory system diseases,circulatory system,Circulatory system diseases,#F46D5A,Both,0.0,,,,,,,,,,False,False,elevated,,Hazard ratio,0.0,441.43,0.0,0.0,4153.74,0.0,Exposed group,Unexposed group,0.0,0.0,Unexposed group
377,analysis,MDD diagnosis,analysis,MDD diagnosis,420.3,420.3,Endocarditis,circulatory system,Circulatory system diseases,circulatory system,Circulatory system diseases,#F46D5A,Both,124.0,,,,,,,,,,False,False,elevated,,Hazard ratio,124.0,465.13,0.27,732.0,4542.22,0.16,Exposed group,Unexposed group,0.27,0.16,Unexposed group
548,analysis,MDD diagnosis,analysis,MDD diagnosis,446.5,446.5,Giant cell arteritis,circulatory system,Circulatory system diseases,circulatory system,Circulatory system diseases,#F46D5A,Both,160.0,,,,,,,,,,False,False,elevated,,Hazard ratio,160.0,460.23,0.35,1270.0,4461.88,0.28,Exposed group,Unexposed group,0.35,0.28,Unexposed group
455,analysis,MDD diagnosis,analysis,MDD diagnosis,428.4,428.4,Heart failure with preserved EF [Diastolic heart failure],circulatory system,Circulatory system diseases,circulatory system,Circulatory system diseases,#F46D5A,Both,0.0,,,,,,,,,,False,False,elevated,,Hazard ratio,0.0,465.03,0.0,0.0,4530.12,0.0,Exposed group,Unexposed group,0.0,0.0,Unexposed group
866,analysis,MDD diagnosis,analysis,MDD diagnosis,428.3,428.3,Heart failure with reduced EF [Systolic or combined heart failure],circulatory system,Circulatory system diseases,circulatory system,Circulatory system diseases,#F46D5A,Both,4.0,,,,,,,,,,False,False,elevated,,Hazard ratio,4.0,465.03,0.01,21.0,4530.12,0.0,Exposed group,Unexposed group,0.01,0.0,Unexposed group
830,analysis,MDD diagnosis,analysis,MDD diagnosis,429.1,429.1,Heart transplant/surgery,circulatory system,Circulatory system diseases,circulatory system,Circulatory system diseases,#F46D5A,Both,8.0,,,,,,,,,,False,False,elevated,,Hazard ratio,8.0,464.96,0.02,55.0,4529.75,0.01,Exposed group,Unexposed group,0.02,0.01,Unexposed group
529,analysis,MDD diagnosis,analysis,MDD diagnosis,395.6,395.6,Heart valve replaced,circulatory system,Circulatory system diseases,circulatory system,Circulatory system diseases,#F46D5A,Both,0.0,,,,,,,,,,False,False,elevated,,Hazard ratio,0.0,466.36,0.0,0.0,4556.57,0.0,Exposed group,Unexposed group,0.0,0.0,Unexposed group
429,analysis,MDD diagnosis,analysis,MDD diagnosis,459.1,459.1,Hemorrhage NOS,circulatory system,Circulatory system diseases,circulatory system,Circulatory system diseases,#F46D5A,Both,2.0,,,,,,,,,,False,False,elevated,,Hazard ratio,2.0,466.75,0.0,8.0,4568.44,0.0,Exposed group,Unexposed group,0.0,0.0,Unexposed group
242,analysis,MDD diagnosis,analysis,MDD diagnosis,446.3,446.3,Hypersensitivity angiitis,circulatory system,Circulatory system diseases,circulatory system,Circulatory system diseases,#F46D5A,Both,5.0,,,,,,,,,,False,False,elevated,,Hazard ratio,5.0,461.06,0.01,68.0,4467.74,0.02,Exposed group,Unexposed group,0.01,0.02,Unexposed group
1092,analysis,MDD diagnosis,analysis,MDD diagnosis,458.9,458.9,Hypotension NOS,circulatory system,Circulatory system diseases,circulatory system,Circulatory system diseases,#F46D5A,Both,171.0,,,,,,,,,,False,False,elevated,,Hazard ratio,171.0,466.25,0.37,778.0,4566.23,0.17,Exposed group,Unexposed group,0.37,0.17,Unexposed group
1095,analysis,MDD diagnosis,analysis,MDD diagnosis,458.2,458.2,Iatrogenic hypotension,circulatory system,Circulatory system diseases,circulatory system,Circulatory system diseases,#F46D5A,Both,60.0,,,,,,,,,,False,False,elevated,,Hazard ratio,60.0,466.54,0.13,229.0,4567.67,0.05,Exposed group,Unexposed group,0.13,0.05,Unexposed group
945,analysis,MDD diagnosis,analysis,MDD diagnosis,452.1,452.1,Iatrogenic pulmonary embolism and infarction,circulatory system,Circulatory system diseases,circulatory system,Circulatory system diseases,#F46D5A,Both,0.0,,,,,,,,,,False,False,elevated,,Hazard ratio,0.0,441.43,0.0,0.0,4153.74,0.0,Exposed group,Unexposed group,0.0,0.0,Unexposed group
546,analysis,MDD diagnosis,analysis,MDD diagnosis,394.2,394.2,Mitral valve disease,circulatory system,Circulatory system diseases,circulatory system,Circulatory system diseases,#F46D5A,Both,166.0,,,,,,,,,,False,False,elevated,,Hazard ratio,166.0,465.56,0.36,1801.0,4548.63,0.4,Exposed group,Unexposed group,0.36,0.4,Unexposed group
583,analysis,MDD diagnosis,analysis,MDD diagnosis,394.1,394.1,Mitral valve stenosis and aortic valve stenosis,circulatory system,Circulatory system diseases,circulatory system,Circulatory system diseases,#F46D5A,Both,0.0,,,,,,,,,,False,False,elevated,,Hazard ratio,0.0,466.36,0.0,1.0,4556.57,0.0,Exposed group,Unexposed group,0.0,0.0,Unexposed group
812,analysis,MDD diagnosis,analysis,MDD diagnosis,420.1,420.1,Myocarditis,circulatory system,Circulatory system diseases,circulatory system,Circulatory system diseases,#F46D5A,Both,71.0,,,,,,,,,,False,False,elevated,,Hazard ratio,71.0,465.29,0.15,396.0,4543.12,0.09,Exposed group,Unexposed group,0.15,0.09,Unexposed group
689,analysis,MDD diagnosis,analysis,MDD diagnosis,450,450.0,Noninfectious disorders of lymphatic channels,circulatory system,Circulatory system diseases,circulatory system,Circulatory system diseases,#F46D5A,Both,86.0,,,,,,,,,,False,False,elevated,,Hazard ratio,86.0,467.97,0.18,567.0,4588.49,0.12,Exposed group,Unexposed group,0.18,0.12,Unexposed group
1036,analysis,MDD diagnosis,analysis,MDD diagnosis,395.2,395.2,Nonrheumatic aortic valve disorders,circulatory system,Circulatory system diseases,circulatory system,Circulatory system diseases,#F46D5A,Both,27.0,,,,,,,,,,False,False,elevated,,Hazard ratio,27.0,466.28,0.06,312.0,4555.09,0.07,Exposed group,Unexposed group,0.06,0.07,Unexposed group
975,analysis,MDD diagnosis,analysis,MDD diagnosis,395.1,395.1,Nonrheumatic mitral valve disorders,circulatory system,Circulatory system diseases,circulatory system,Circulatory system diseases,#F46D5A,Both,167.0,,,,,,,,,,False,False,elevated,,Hazard ratio,167.0,465.53,0.36,1745.0,4548.74,0.38,Exposed group,Unexposed group,0.36,0.38,Unexposed group
627,analysis,MDD diagnosis,analysis,MDD diagnosis,395.4,395.4,Nonrheumatic pulmonary valve disorders,circulatory system,Circulatory system diseases,circulatory system,Circulatory system diseases,#F46D5A,Both,3.0,,,,,,,,,,False,False,elevated,,Hazard ratio,3.0,466.33,0.01,26.0,4556.45,0.01,Exposed group,Unexposed group,0.01,0.01,Unexposed group
850,analysis,MDD diagnosis,analysis,MDD diagnosis,395.3,395.3,Nonrheumatic tricuspid valve disorders,circulatory system,Circulatory system diseases,circulatory system,Circulatory system diseases,#F46D5A,Both,17.0,,,,,,,,,,False,False,elevated,,Hazard ratio,17.0,466.25,0.04,127.0,4555.99,0.03,Exposed group,Unexposed group,0.04,0.03,Unexposed group
490,analysis,MDD diagnosis,analysis,MDD diagnosis,433.1,433.1,Occlusion and stenosis of precerebral arteries,circulatory system,Circulatory system diseases,circulatory system,Circulatory system diseases,#F46D5A,Both,213.0,,,,,,,,,,False,False,elevated,,Hazard ratio,213.0,448.06,0.48,1713.0,4294.73,0.4,Exposed group,Unexposed group,0.48,0.4,Unexposed group
271,analysis,MDD diagnosis,analysis,MDD diagnosis,411.9,411.9,Other acute and subacute forms of ischemic heart disease,circulatory system,Circulatory system diseases,circulatory system,Circulatory system diseases,#F46D5A,Both,33.0,,,,,,,,,,False,False,elevated,,Hazard ratio,33.0,445.67,0.07,246.0,4215.02,0.06,Exposed group,Unexposed group,0.07,0.06,Unexposed group
469,analysis,MDD diagnosis,analysis,MDD diagnosis,426.8,426.8,Other cardiac conduction disorders,circulatory system,Circulatory system diseases,circulatory system,Circulatory system diseases,#F46D5A,Both,6.0,,,,,,,,,,False,False,elevated,,Hazard ratio,6.0,452.12,0.01,43.0,4325.14,0.01,Exposed group,Unexposed group,0.01,0.01,Unexposed group
795,analysis,MDD diagnosis,analysis,MDD diagnosis,425.8,425.8,Other cardiomyopathy,circulatory system,Circulatory system diseases,circulatory system,Circulatory system diseases,#F46D5A,Both,10.0,,,,,,,,,,False,False,elevated,,Hazard ratio,10.0,465.43,0.02,44.0,4544.26,0.01,Exposed group,Unexposed group,0.02,0.01,Unexposed group
705,analysis,MDD diagnosis,analysis,MDD diagnosis,401.3,401.3,Other hypertensive complications,circulatory system,Circulatory system diseases,circulatory system,Circulatory system diseases,#F46D5A,Both,69.0,,,,,,,,,,False,False,elevated,,Hazard ratio,69.0,453.71,0.15,479.0,4370.55,0.11,Exposed group,Unexposed group,0.15,0.11,Unexposed group
737,analysis,MDD diagnosis,analysis,MDD diagnosis,427.3,427.3,Other specified cardiac dysrhythmias,circulatory system,Circulatory system diseases,circulatory system,Circulatory system diseases,#F46D5A,Both,124.0,,,,,,,,,,False,False,elevated,,Hazard ratio,124.0,451.37,0.27,984.0,4319.17,0.23,Exposed group,Unexposed group,0.27,0.23,Unexposed group
805,analysis,MDD diagnosis,analysis,MDD diagnosis,443.8,443.8,Other specified peripheral vascular diseases,circulatory system,Circulatory system diseases,circulatory system,Circulatory system diseases,#F46D5A,Both,7.0,,,,,,,,,,False,False,elevated,,Hazard ratio,7.0,461.06,0.02,57.0,4467.84,0.01,Exposed group,Unexposed group,0.02,0.01,Unexposed group
204,analysis,MDD diagnosis,analysis,MDD diagnosis,427.9,427.9,Palpitations,circulatory system,Circulatory system diseases,circulatory system,Circulatory system diseases,#F46D5A,Both,0.0,,,,,,,,,,False,False,elevated,,Hazard ratio,0.0,452.14,0.0,0.0,4325.37,0.0,Exposed group,Unexposed group,0.0,0.0,Unexposed group
494,analysis,MDD diagnosis,analysis,MDD diagnosis,420.2,420.2,Pericarditis,circulatory system,Circulatory system diseases,circulatory system,Circulatory system diseases,#F46D5A,Both,159.0,,,,,,,,,,False,False,elevated,,Hazard ratio,159.0,464.87,0.34,1056.0,4540.2,0.23,Exposed group,Unexposed group,0.34,0.23,Unexposed group
932,analysis,MDD diagnosis,analysis,MDD diagnosis,443.7,443.7,Peripheral angiopathy in diseases classified elsewhere,circulatory system,Circulatory system diseases,circulatory system,Circulatory system diseases,#F46D5A,Both,197.0,,,,,,,,,,False,False,elevated,,Hazard ratio,197.0,460.23,0.43,1074.0,4463.17,0.24,Exposed group,Unexposed group,0.43,0.24,Unexposed group
203,analysis,MDD diagnosis,analysis,MDD diagnosis,446.6,446.6,Polyarteritis nodosa,circulatory system,Circulatory system diseases,circulatory system,Circulatory system diseases,#F46D5A,Both,3.0,,,,,,,,,,False,False,elevated,,Hazard ratio,3.0,461.07,0.01,49.0,4467.77,0.01,Exposed group,Unexposed group,0.01,0.01,Unexposed group
320,analysis,MDD diagnosis,analysis,MDD diagnosis,452.8,452.8,Postphlebitic syndrome,circulatory system,Circulatory system diseases,circulatory system,Circulatory system diseases,#F46D5A,Both,16.0,,,,,,,,,,False,False,elevated,,Hazard ratio,16.0,441.32,0.04,89.0,4153.08,0.02,Exposed group,Unexposed group,0.04,0.02,Unexposed group
464,analysis,MDD diagnosis,analysis,MDD diagnosis,418.1,418.1,Precordial pain,circulatory system,Circulatory system diseases,circulatory system,Circulatory system diseases,#F46D5A,Both,0.0,,,,,,,,,,False,False,elevated,,Hazard ratio,0.0,468.54,0.0,0.0,4594.71,0.0,Exposed group,Unexposed group,0.0,0.0,Unexposed group
411,analysis,MDD diagnosis,analysis,MDD diagnosis,425.1,425.1,Primary/intrinsic cardiomyopathies,circulatory system,Circulatory system diseases,circulatory system,Circulatory system diseases,#F46D5A,Both,242.0,,,,,,,,,,False,False,elevated,,Hazard ratio,242.0,464.47,0.52,1825.0,4536.47,0.4,Exposed group,Unexposed group,0.52,0.4,Unexposed group
526,analysis,MDD diagnosis,analysis,MDD diagnosis,443.1,443.1,Raynaud's syndrome,circulatory system,Circulatory system diseases,circulatory system,Circulatory system diseases,#F46D5A,Both,35.0,,,,,,,,,,False,False,elevated,,Hazard ratio,35.0,460.9,0.08,235.0,4466.91,0.05,Exposed group,Unexposed group,0.08,0.05,Unexposed group
226,analysis,MDD diagnosis,analysis,MDD diagnosis,425.2,425.2,Secondary/extrinsic cardiomyopathies,circulatory system,Circulatory system diseases,circulatory system,Circulatory system diseases,#F46D5A,Both,2.0,,,,,,,,,,False,False,elevated,,Hazard ratio,2.0,465.43,0.0,14.0,4544.3,0.0,Exposed group,Unexposed group,0.0,0.0,Unexposed group
493,analysis,MDD diagnosis,analysis,MDD diagnosis,427.8,427.8,Sinoatrial node dysfunction (Bradycardia),circulatory system,Circulatory system diseases,circulatory system,Circulatory system diseases,#F46D5A,Both,166.0,,,,,,,,,,False,False,elevated,,Hazard ratio,166.0,451.43,0.37,1446.0,4319.26,0.33,Exposed group,Unexposed group,0.37,0.33,Unexposed group
295,analysis,MDD diagnosis,analysis,MDD diagnosis,447.1,447.1,Stricture of artery,circulatory system,Circulatory system diseases,circulatory system,Circulatory system diseases,#F46D5A,Both,8.0,,,,,,,,,,False,False,elevated,,Hazard ratio,8.0,461.06,0.02,37.0,4468.02,0.01,Exposed group,Unexposed group,0.02,0.01,Unexposed group
918,analysis,MDD diagnosis,analysis,MDD diagnosis,430.1,430.1,Subarachnoid hemorrhage,circulatory system,Circulatory system diseases,circulatory system,Circulatory system diseases,#F46D5A,Both,162.0,,,,,,,,,,False,False,elevated,,Hazard ratio,162.0,448.4,0.36,987.0,4298.47,0.23,Exposed group,Unexposed group,0.36,0.23,Unexposed group
749,analysis,MDD diagnosis,analysis,MDD diagnosis,430.3,430.3,Subdural hemorrhage,circulatory system,Circulatory system diseases,circulatory system,Circulatory system diseases,#F46D5A,Both,153.0,,,,,,,,,,False,False,elevated,,Hazard ratio,153.0,448.75,0.34,784.0,4300.59,0.18,Exposed group,Unexposed group,0.34,0.18,Unexposed group
835,analysis,MDD diagnosis,analysis,MDD diagnosis,429.3,429.3,Symptoms involving cardiovascular system,circulatory system,Circulatory system diseases,circulatory system,Circulatory system diseases,#F46D5A,Both,0.0,,,,,,,,,,False,False,elevated,,Hazard ratio,0.0,465.03,0.0,0.0,4530.12,0.0,Exposed group,Unexposed group,0.0,0.0,Unexposed group
237,analysis,MDD diagnosis,analysis,MDD diagnosis,427.7,427.7,Tachycardia NOS,circulatory system,Circulatory system diseases,circulatory system,Circulatory system diseases,#F46D5A,Both,0.0,,,,,,,,,,False,False,elevated,,Hazard ratio,0.0,452.14,0.0,0.0,4325.37,0.0,Exposed group,Unexposed group,0.0,0.0,Unexposed group
868,analysis,MDD diagnosis,analysis,MDD diagnosis,446.7,446.7,Takayasu's disease,circulatory system,Circulatory system diseases,circulatory system,Circulatory system diseases,#F46D5A,Both,4.0,,,,,,,,,,False,False,elevated,,Hazard ratio,4.0,461.06,0.01,23.0,4468.03,0.01,Exposed group,Unexposed group,0.01,0.01,Unexposed group
1024,analysis,MDD diagnosis,analysis,MDD diagnosis,446.1,446.1,Thromboangiitis obliterans,circulatory system,Circulatory system diseases,circulatory system,Circulatory system diseases,#F46D5A,Both,1.0,,,,,,,,,,False,False,elevated,,Hazard ratio,1.0,461.08,0.0,8.0,4468.08,0.0,Exposed group,Unexposed group,0.0,0.0,Unexposed group
764,analysis,MDD diagnosis,analysis,MDD diagnosis,446.8,446.8,Thrombotic microangiopathy,circulatory system,Circulatory system diseases,circulatory system,Circulatory system diseases,#F46D5A,Both,3.0,,,,,,,,,,False,False,elevated,,Hazard ratio,3.0,461.08,0.01,30.0,4467.99,0.01,Exposed group,Unexposed group,0.01,0.01,Unexposed group
353,analysis,MDD diagnosis,analysis,MDD diagnosis,446.4,446.4,Wegener's granulomatosis,circulatory system,Circulatory system diseases,circulatory system,Circulatory system diseases,#F46D5A,Both,18.0,,,,,,,,,,False,False,elevated,,Hazard ratio,18.0,460.98,0.04,202.0,4467.03,0.05,Exposed group,Unexposed group,0.04,0.05,Unexposed group
73,analysis,MDD diagnosis,analysis,MDD diagnosis,698,698.0,Pruritus and related conditions,dermatologic,Dermatologic diseases,dermatologic,Dermatologic diseases,#CE5A57,Both,684.0,0.5328768737512048,0.0423588915260478,1.703826959652989,1.703826959652989,1.703826959652989,1.5680823604722238,1.8513225973450207,2.7186585001288157e-36,9.194008745890175e-36,True,True,elevated,,Hazard ratio,684.0,462.77,1.48,3899.0,4539.67,0.86,Exposed group,Unexposed group,1.48,0.86,Unexposed group
79,analysis,MDD diagnosis,analysis,MDD diagnosis,690.1,690.1,Seborrheic dermatitis,dermatologic,Dermatologic diseases,dermatologic,Dermatologic diseases,#CE5A57,Both,307.0,0.4881217615951137,0.0630470561176595,1.6292532183662156,1.6292532183662156,1.6292532183662156,1.4398652482491587,1.8435517162348616,9.772522412850428e-15,2.0196546319890883e-14,True,True,elevated,,Hazard ratio,307.0,452.16,0.68,1833.0,4352.12,0.42,Exposed group,Unexposed group,0.68,0.42,Unexposed group
169,analysis,MDD diagnosis,analysis,MDD diagnosis,695.7,695.7,Prurigo and Lichen,dermatologic,Dermatologic diseases,dermatologic,Dermatologic diseases,#CE5A57,Both,458.0,0.3740260736044652,0.0510308698747743,1.4535750499036744,1.4535750499036744,1.4535750499036744,1.3152221262299038,1.6064818128927474,2.311713492133767e-13,4.3875378524171493e-13,True,True,elevated,,Hazard ratio,458.0,451.36,1.01,2994.0,4345.14,0.69,Exposed group,Unexposed group,1.01,0.69,Unexposed group
125,analysis,MDD diagnosis,analysis,MDD diagnosis,947,947.0,Urticaria,dermatologic,Dermatologic diseases,dermatologic,Dermatologic diseases,#CE5A57,Both,452.0,0.2867781028585769,0.0509509829186242,1.3321285851522957,1.3321285851522957,1.3321285851522957,1.2055238181414212,1.4720294536492358,1.8177325563753262e-08,2.846018400599014e-08,True,True,elevated,,Hazard ratio,452.0,466.07,0.97,3321.0,4575.72,0.73,Exposed group,Unexposed group,0.97,0.73,Unexposed group
144,analysis,MDD diagnosis,analysis,MDD diagnosis,696.4,696.4,Psoriasis,dermatologic,Dermatologic diseases,dermatologic,Dermatologic diseases,#CE5A57,Both,813.0,0.1866018477303044,0.0378920044201804,1.205147357358465,1.205147357358465,1.205147357358465,1.118885968226264,1.2980591357763707,8.454583769122173e-07,1.2480576040132731e-06,True,True,elevated,,Hazard ratio,813.0,444.84,1.83,6349.0,4247.39,1.49,Exposed group,Unexposed group,1.83,1.49,Unexposed group
88,analysis,MDD diagnosis,analysis,MDD diagnosis,709.7,709.7,Unspecified diffuse connective tissue disease,dermatologic,Dermatologic diseases,dermatologic,Dermatologic diseases,#CE5A57,Both,746.0,0.182501826033732,0.0394759227079485,1.2002163425871037,1.2002163425871037,1.2002163425871037,1.1108539207355017,1.2967675066217432,3.780155945354616e-06,5.367244319358462e-06,True,True,elevated,,Hazard ratio,746.0,445.57,1.67,5979.0,4261.11,1.4,Exposed group,Unexposed group,1.67,1.4,Unexposed group
166,analysis,MDD diagnosis,analysis,MDD diagnosis,706.2,706.2,Sebaceous cyst,dermatologic,Dermatologic diseases,dermatologic,Dermatologic diseases,#CE5A57,Both,570.0,0.1931938202978376,0.0451519983801021,1.2131178976066377,1.2131178976066377,1.2131178976066377,1.110372898467522,1.3253700946093414,1.879512879529268e-05,2.628491696183788e-05,True,True,elevated,,Hazard ratio,570.0,462.55,1.23,4530.0,4520.41,1.0,Exposed group,Unexposed group,1.23,1.0,Unexposed group
134,analysis,MDD diagnosis,analysis,MDD diagnosis,702.2,702.2,Seborrheic keratosis,dermatologic,Dermatologic diseases,dermatologic,Dermatologic diseases,#CE5A57,Both,1781.0,0.0850740581362699,0.0254475826789461,1.0887976980409502,1.0887976980409502,1.0887976980409502,1.0358235347598361,1.1444810698707817,0.0008284517042348,0.0010554247738881,True,True,elevated,,Hazard ratio,1781.0,454.85,3.92,16521.0,4426.45,3.73,Exposed group,Unexposed group,3.92,3.73,Unexposed group
22,analysis,MDD diagnosis,analysis,MDD diagnosis,694.2,694.2,Other dyschromia,dermatologic,Dermatologic diseases,dermatologic,Dermatologic diseases,#CE5A57,Both,423.0,0.1402979219649349,0.0524226211552179,1.1506165417403775,1.1506165417403775,1.1506165417403775,1.0382634775816362,1.2751276094294566,0.007444311122357,0.0091094859786737,True,True,elevated,,Hazard ratio,423.0,451.84,0.94,3671.0,4345.04,0.84,Exposed group,Unexposed group,0.94,0.84,Unexposed group
63,analysis,MDD diagnosis,analysis,MDD diagnosis,695.3,695.3,Rosacea,dermatologic,Dermatologic diseases,dermatologic,Dermatologic diseases,#CE5A57,Both,340.0,0.0796040002346427,0.0580659209158943,1.0828581711774057,1.0828581711774057,1.0828581711774057,0.9663731799126664,1.2133840665897255,0.1703984573811191,0.1886554349576676,False,False,elevated,,Hazard ratio,340.0,451.97,0.75,3024.0,4345.88,0.7,Exposed group,Unexposed group,0.75,0.7,Unexposed group
158,analysis,MDD diagnosis,analysis,MDD diagnosis,938.2,938.2,Chronic dermatitis due to solar radiation,dermatologic,Dermatologic diseases,dermatologic,Dermatologic diseases,#CE5A57,Both,2019.0,-0.0258043749346454,0.023758711118863,0.9745257126190429,0.9745257126190429,0.9745257126190429,0.9301853154806089,1.0209797432299403,0.2774340301505182,0.2948727406171222,False,False,protective,,Hazard ratio,2019.0,459.32,4.4,21865.0,4494.79,4.86,Exposed group,Unexposed group,4.4,4.86,Unexposed group
233,analysis,MDD diagnosis,analysis,MDD diagnosis,701.5,701.5,Abnormal granulation tissue,dermatologic,Dermatologic diseases,dermatologic,Dermatologic diseases,#CE5A57,Both,125.0,,,,,,,,,,False,False,elevated,,Hazard ratio,125.0,463.94,0.27,984.0,4526.69,0.22,Exposed group,Unexposed group,0.27,0.22,Unexposed group
1076,analysis,MDD diagnosis,analysis,MDD diagnosis,706.1,706.1,Acne,dermatologic,Dermatologic diseases,dermatologic,Dermatologic diseases,#CE5A57,Both,61.0,,,,,,,,,,False,False,elevated,,Hazard ratio,61.0,465.35,0.13,247.0,4543.96,0.05,Exposed group,Unexposed group,0.13,0.05,Unexposed group
971,analysis,MDD diagnosis,analysis,MDD diagnosis,701.6,701.6,Acquired acanthosis nigricans,dermatologic,Dermatologic diseases,dermatologic,Dermatologic diseases,#CE5A57,Both,6.0,,,,,,,,,,False,False,elevated,,Hazard ratio,6.0,464.53,0.01,27.0,4532.0,0.01,Exposed group,Unexposed group,0.01,0.01,Unexposed group
479,analysis,MDD diagnosis,analysis,MDD diagnosis,702.1,702.1,Actinic keratosis,dermatologic,Dermatologic diseases,dermatologic,Dermatologic diseases,#CE5A57,Both,0.0,,,,,,,,,,False,False,elevated,,Hazard ratio,0.0,463.33,0.0,0.0,4505.93,0.0,Exposed group,Unexposed group,0.0,0.0,Unexposed group
452,analysis,MDD diagnosis,analysis,MDD diagnosis,938.1,938.1,Acute dermatitis due to solar radiation,dermatologic,Dermatologic diseases,dermatologic,Dermatologic diseases,#CE5A57,Both,2.0,,,,,,,,,,False,False,elevated,,Hazard ratio,2.0,468.53,0.0,14.0,4594.54,0.0,Exposed group,Unexposed group,0.0,0.0,Unexposed group
877,analysis,MDD diagnosis,analysis,MDD diagnosis,704.1,704.1,Alopecia,dermatologic,Dermatologic diseases,dermatologic,Dermatologic diseases,#CE5A57,Both,77.0,,,,,,,,,,False,False,elevated,,Hazard ratio,77.0,466.46,0.17,687.0,4567.83,0.15,Exposed group,Unexposed group,0.17,0.15,Unexposed group
679,analysis,MDD diagnosis,analysis,MDD diagnosis,695.2,695.2,Bullous dermatoses,dermatologic,Dermatologic diseases,dermatologic,Dermatologic diseases,#CE5A57,Both,48.0,,,,,,,,,,False,False,elevated,,Hazard ratio,48.0,453.55,0.11,281.0,4361.08,0.06,Exposed group,Unexposed group,0.11,0.06,Unexposed group
622,analysis,MDD diagnosis,analysis,MDD diagnosis,686.1,686.1,Carbuncle and furuncle,dermatologic,Dermatologic diseases,dermatologic,Dermatologic diseases,#CE5A57,Both,11.0,,,,,,,,,,False,False,elevated,,Hazard ratio,11.0,459.18,0.02,26.0,4440.86,0.01,Exposed group,Unexposed group,0.02,0.01,Unexposed group
301,analysis,MDD diagnosis,analysis,MDD diagnosis,681.3,681.3,Cellulitis and abscess of arm/hand,dermatologic,Dermatologic diseases,dermatologic,Dermatologic diseases,#CE5A57,Both,0.0,,,,,,,,,,False,False,elevated,,Hazard ratio,0.0,459.22,0.0,1.0,4440.89,0.0,Exposed group,Unexposed group,0.0,0.0,Unexposed group
933,analysis,MDD diagnosis,analysis,MDD diagnosis,681.2,681.2,Cellulitis and abscess of face/neck,dermatologic,Dermatologic diseases,dermatologic,Dermatologic diseases,#CE5A57,Both,55.0,,,,,,,,,,False,False,elevated,,Hazard ratio,55.0,458.92,0.12,263.0,4439.74,0.06,Exposed group,Unexposed group,0.12,0.06,Unexposed group
651,analysis,MDD diagnosis,analysis,MDD diagnosis,681.1,681.1,Cellulitis and abscess of fingers/toes,dermatologic,Dermatologic diseases,dermatologic,Dermatologic diseases,#CE5A57,Both,1.0,,,,,,,,,,False,False,elevated,,Hazard ratio,1.0,459.19,0.0,7.0,4440.77,0.0,Exposed group,Unexposed group,0.0,0.0,Unexposed group
760,analysis,MDD diagnosis,analysis,MDD diagnosis,681.6,681.6,"Cellulitis and abscess of foot, toe",dermatologic,Dermatologic diseases,dermatologic,Dermatologic diseases,#CE5A57,Both,0.0,,,,,,,,,,False,False,elevated,,Hazard ratio,0.0,459.22,0.0,1.0,4440.89,0.0,Exposed group,Unexposed group,0.0,0.0,Unexposed group
414,analysis,MDD diagnosis,analysis,MDD diagnosis,681.5,681.5,"Cellulitis and abscess of leg, except foot",dermatologic,Dermatologic diseases,dermatologic,Dermatologic diseases,#CE5A57,Both,0.0,,,,,,,,,,False,False,elevated,,Hazard ratio,0.0,459.22,0.0,1.0,4440.89,0.0,Exposed group,Unexposed group,0.0,0.0,Unexposed group
1106,analysis,MDD diagnosis,analysis,MDD diagnosis,681.7,681.7,Cellulitis and abscess of trunk,dermatologic,Dermatologic diseases,dermatologic,Dermatologic diseases,#CE5A57,Both,0.0,,,,,,,,,,False,False,elevated,,Hazard ratio,0.0,459.22,0.0,2.0,4440.89,0.0,Exposed group,Unexposed group,0.0,0.0,Unexposed group
750,analysis,MDD diagnosis,analysis,MDD diagnosis,687.3,687.3,Changes in skin texture,dermatologic,Dermatologic diseases,dermatologic,Dermatologic diseases,#CE5A57,Both,0.0,,,,,,,,,,False,False,elevated,,Hazard ratio,0.0,468.54,0.0,0.0,4594.71,0.0,Exposed group,Unexposed group,0.0,0.0,Unexposed group
1052,analysis,MDD diagnosis,analysis,MDD diagnosis,707.2,707.2,Chronic ulcer of leg or foot,dermatologic,Dermatologic diseases,dermatologic,Dermatologic diseases,#CE5A57,Both,0.0,,,,,,,,,,False,False,elevated,,Hazard ratio,0.0,467.31,0.0,0.0,4573.83,0.0,Exposed group,Unexposed group,0.0,0.0,Unexposed group
392,analysis,MDD diagnosis,analysis,MDD diagnosis,707.3,707.3,Chronic ulcer of unspecified site,dermatologic,Dermatologic diseases,dermatologic,Dermatologic diseases,#CE5A57,Both,0.0,,,,,,,,,,False,False,elevated,,Hazard ratio,0.0,467.31,0.0,1.0,4573.83,0.0,Exposed group,Unexposed group,0.0,0.0,Unexposed group
773,analysis,MDD diagnosis,analysis,MDD diagnosis,701.3,701.3,Circumscribed scleroderma,dermatologic,Dermatologic diseases,dermatologic,Dermatologic diseases,#CE5A57,Both,0.0,,,,,,,,,,False,False,elevated,,Hazard ratio,0.0,464.56,0.0,0.0,4532.16,0.0,Exposed group,Unexposed group,0.0,0.0,Unexposed group
631,analysis,MDD diagnosis,analysis,MDD diagnosis,691.3,691.3,Congenital pigmentary anomalies of skin,dermatologic,Dermatologic diseases,dermatologic,Dermatologic diseases,#CE5A57,Both,0.0,,,,,,,,,,False,False,elevated,,Hazard ratio,0.0,453.76,0.0,0.0,4362.15,0.0,Exposed group,Unexposed group,0.0,0.0,Unexposed group
869,analysis,MDD diagnosis,analysis,MDD diagnosis,939.1,939.1,Contact and allergic dermatitis of eyelid,dermatologic,Dermatologic diseases,dermatologic,Dermatologic diseases,#CE5A57,Both,0.0,,,,,,,,,,False,False,elevated,,Hazard ratio,0.0,468.54,0.0,0.0,4594.63,0.0,Exposed group,Unexposed group,0.0,0.0,Unexposed group
1019,analysis,MDD diagnosis,analysis,MDD diagnosis,931,931.0,Contact dermatitis and other eczema due to plants [except food],dermatologic,Dermatologic diseases,dermatologic,Dermatologic diseases,#CE5A57,Both,0.0,,,,,,,,,,False,False,elevated,,Hazard ratio,0.0,468.54,0.0,0.0,4594.63,0.0,Exposed group,Unexposed group,0.0,0.0,Unexposed group
337,analysis,MDD diagnosis,analysis,MDD diagnosis,700,700.0,Corns and callosities,dermatologic,Dermatologic diseases,dermatologic,Dermatologic diseases,#CE5A57,Both,85.0,,,,,,,,,,False,False,elevated,,Hazard ratio,85.0,464.15,0.18,458.0,4529.91,0.1,Exposed group,Unexposed group,0.18,0.1,Unexposed group
1114,analysis,MDD diagnosis,analysis,MDD diagnosis,707.1,707.1,Decubitus ulcer,dermatologic,Dermatologic diseases,dermatologic,Dermatologic diseases,#CE5A57,Both,194.0,,,,,,,,,,False,False,elevated,,Hazard ratio,194.0,466.8,0.42,928.0,4571.03,0.2,Exposed group,Unexposed group,0.42,0.2,Unexposed group
996,analysis,MDD diagnosis,analysis,MDD diagnosis,702.4,702.4,Degenerative skin disorders,dermatologic,Dermatologic diseases,dermatologic,Dermatologic diseases,#CE5A57,Both,0.0,,,,,,,,,,False,False,elevated,,Hazard ratio,0.0,459.47,0.0,0.0,4446.58,0.0,Exposed group,Unexposed group,0.0,0.0,Unexposed group
476,analysis,MDD diagnosis,analysis,MDD diagnosis,709.5,709.5,Dermatomyositis,dermatologic,Dermatologic diseases,dermatologic,Dermatologic diseases,#CE5A57,Both,6.0,,,,,,,,,,False,False,elevated,,Hazard ratio,6.0,449.36,0.01,48.0,4293.86,0.01,Exposed group,Unexposed group,0.01,0.01,Unexposed group
473,analysis,MDD diagnosis,analysis,MDD diagnosis,689,689.0,Disorder of skin and subcutaneous tissue NOS,dermatologic,Dermatologic diseases,dermatologic,Dermatologic diseases,#CE5A57,Both,9.0,,,,,,,,,,False,False,elevated,,Hazard ratio,9.0,468.01,0.02,36.0,4587.79,0.01,Exposed group,Unexposed group,0.02,0.01,Unexposed group
303,analysis,MDD diagnosis,analysis,MDD diagnosis,687.4,687.4,Disturbance of skin sensation,dermatologic,Dermatologic diseases,dermatologic,Dermatologic diseases,#CE5A57,Both,0.0,,,,,,,,,,False,False,elevated,,Hazard ratio,0.0,468.54,0.0,0.0,4594.71,0.0,Exposed group,Unexposed group,0.0,0.0,Unexposed group
967,analysis,MDD diagnosis,analysis,MDD diagnosis,705.1,705.1,Dyshidrosis,dermatologic,Dermatologic diseases,dermatologic,Dermatologic diseases,#CE5A57,Both,0.0,,,,,,,,,,False,False,elevated,,Hazard ratio,0.0,465.68,0.0,0.0,4545.21,0.0,Exposed group,Unexposed group,0.0,0.0,Unexposed group
757,analysis,MDD diagnosis,analysis,MDD diagnosis,705.3,705.3,Hidradenitis,dermatologic,Dermatologic diseases,dermatologic,Dermatologic diseases,#CE5A57,Both,0.0,,,,,,,,,,False,False,elevated,,Hazard ratio,0.0,465.68,0.0,0.0,4545.21,0.0,Exposed group,Unexposed group,0.0,0.0,Unexposed group
643,analysis,MDD diagnosis,analysis,MDD diagnosis,704.2,704.2,Hirsutism,dermatologic,Dermatologic diseases,dermatologic,Dermatologic diseases,#CE5A57,Both,16.0,,,,,,,,,,False,False,elevated,,Hazard ratio,16.0,466.82,0.03,71.0,4571.0,0.02,Exposed group,Unexposed group,0.03,0.02,Unexposed group
843,analysis,MDD diagnosis,analysis,MDD diagnosis,705.8,705.8,Hyperhidrosis,dermatologic,Dermatologic diseases,dermatologic,Dermatologic diseases,#CE5A57,Both,0.0,,,,,,,,,,False,False,elevated,,Hazard ratio,0.0,465.68,0.0,0.0,4545.21,0.0,Exposed group,Unexposed group,0.0,0.0,Unexposed group
719,analysis,MDD diagnosis,analysis,MDD diagnosis,691.1,691.1,Ichthyosis congenita,dermatologic,Dermatologic diseases,dermatologic,Dermatologic diseases,#CE5A57,Both,0.0,,,,,,,,,,False,False,elevated,,Hazard ratio,0.0,453.76,0.0,0.0,4362.15,0.0,Exposed group,Unexposed group,0.0,0.0,Unexposed group
1099,analysis,MDD diagnosis,analysis,MDD diagnosis,686.2,686.2,Impetigo,dermatologic,Dermatologic diseases,dermatologic,Dermatologic diseases,#CE5A57,Both,48.0,,,,,,,,,,False,False,elevated,,Hazard ratio,48.0,458.97,0.1,385.0,4438.73,0.09,Exposed group,Unexposed group,0.1,0.09,Unexposed group
438,analysis,MDD diagnosis,analysis,MDD diagnosis,703.1,703.1,Ingrowing nail,dermatologic,Dermatologic diseases,dermatologic,Dermatologic diseases,#CE5A57,Both,0.0,,,,,,,,,,False,False,elevated,,Hazard ratio,0.0,466.88,0.0,0.0,4571.43,0.0,Exposed group,Unexposed group,0.0,0.0,Unexposed group
915,analysis,MDD diagnosis,analysis,MDD diagnosis,701.4,701.4,Keloid scar,dermatologic,Dermatologic diseases,dermatologic,Dermatologic diseases,#CE5A57,Both,0.0,,,,,,,,,,False,False,elevated,,Hazard ratio,0.0,464.56,0.0,0.0,4532.16,0.0,Exposed group,Unexposed group,0.0,0.0,Unexposed group
335,analysis,MDD diagnosis,analysis,MDD diagnosis,701.1,701.1,"Keratoderma, acquired",dermatologic,Dermatologic diseases,dermatologic,Dermatologic diseases,#CE5A57,Both,0.0,,,,,,,,,,False,False,elevated,,Hazard ratio,0.0,464.56,0.0,4.0,4532.14,0.0,Exposed group,Unexposed group,0.0,0.0,Unexposed group
659,analysis,MDD diagnosis,analysis,MDD diagnosis,687.2,687.2,"Localized superficial swelling, mass, or lump",dermatologic,Dermatologic diseases,dermatologic,Dermatologic diseases,#CE5A57,Both,0.0,,,,,,,,,,False,False,elevated,,Hazard ratio,0.0,468.54,0.0,0.0,4594.71,0.0,Exposed group,Unexposed group,0.0,0.0,Unexposed group
811,analysis,MDD diagnosis,analysis,MDD diagnosis,695.4,695.4,Lupus (localized and systemic),dermatologic,Dermatologic diseases,dermatologic,Dermatologic diseases,#CE5A57,Both,53.0,,,,,,,,,,False,False,elevated,,Hazard ratio,53.0,451.56,0.12,446.0,4331.49,0.1,Exposed group,Unexposed group,0.12,0.1,Unexposed group
369,analysis,MDD diagnosis,analysis,MDD diagnosis,709.6,709.6,Other specified diffuse diseases of connective tissue,dermatologic,Dermatologic diseases,dermatologic,Dermatologic diseases,#CE5A57,Both,16.0,,,,,,,,,,False,False,elevated,,Hazard ratio,16.0,449.28,0.04,109.0,4293.43,0.03,Exposed group,Unexposed group,0.04,0.03,Unexposed group
543,analysis,MDD diagnosis,analysis,MDD diagnosis,704.8,704.8,Other specified diseases of hair and hair follicles,dermatologic,Dermatologic diseases,dermatologic,Dermatologic diseases,#CE5A57,Both,2.0,,,,,,,,,,False,False,elevated,,Hazard ratio,2.0,466.87,0.0,4.0,4571.43,0.0,Exposed group,Unexposed group,0.0,0.0,Unexposed group
383,analysis,MDD diagnosis,analysis,MDD diagnosis,706.8,706.8,Other specified diseases of sebaceous glands,dermatologic,Dermatologic diseases,dermatologic,Dermatologic diseases,#CE5A57,Both,0.0,,,,,,,,,,False,False,elevated,,Hazard ratio,0.0,465.68,0.0,0.0,4545.21,0.0,Exposed group,Unexposed group,0.0,0.0,Unexposed group
652,analysis,MDD diagnosis,analysis,MDD diagnosis,695.8,695.8,Other specified erythematous conditions,dermatologic,Dermatologic diseases,dermatologic,Dermatologic diseases,#CE5A57,Both,15.0,,,,,,,,,,False,False,elevated,,Hazard ratio,15.0,453.68,0.03,130.0,4361.42,0.03,Exposed group,Unexposed group,0.03,0.03,Unexposed group
829,analysis,MDD diagnosis,analysis,MDD diagnosis,696.2,696.2,Parapsoriasis,dermatologic,Dermatologic diseases,dermatologic,Dermatologic diseases,#CE5A57,Both,13.0,,,,,,,,,,False,False,elevated,,Hazard ratio,13.0,453.69,0.03,134.0,4361.34,0.03,Exposed group,Unexposed group,0.03,0.03,Unexposed group
508,analysis,MDD diagnosis,analysis,MDD diagnosis,686.3,686.3,Pilonidal cyst,dermatologic,Dermatologic diseases,dermatologic,Dermatologic diseases,#CE5A57,Both,33.0,,,,,,,,,,False,False,elevated,,Hazard ratio,33.0,459.02,0.07,167.0,4439.83,0.04,Exposed group,Unexposed group,0.07,0.04,Unexposed group
1127,analysis,MDD diagnosis,analysis,MDD diagnosis,696.3,696.3,Pityriasis,dermatologic,Dermatologic diseases,dermatologic,Dermatologic diseases,#CE5A57,Both,5.0,,,,,,,,,,False,False,elevated,,Hazard ratio,5.0,453.73,0.01,73.0,4361.7,0.02,Exposed group,Unexposed group,0.01,0.02,Unexposed group
187,analysis,MDD diagnosis,analysis,MDD diagnosis,709.4,709.4,Polymyositis,dermatologic,Dermatologic diseases,dermatologic,Dermatologic diseases,#CE5A57,Both,15.0,,,,,,,,,,False,False,elevated,,Hazard ratio,15.0,449.32,0.03,69.0,4293.75,0.02,Exposed group,Unexposed group,0.03,0.02,Unexposed group
539,analysis,MDD diagnosis,analysis,MDD diagnosis,686.5,686.5,Pyoderma,dermatologic,Dermatologic diseases,dermatologic,Dermatologic diseases,#CE5A57,Both,15.0,,,,,,,,,,False,False,elevated,,Hazard ratio,15.0,459.16,0.03,104.0,4440.41,0.02,Exposed group,Unexposed group,0.03,0.02,Unexposed group
976,analysis,MDD diagnosis,analysis,MDD diagnosis,686.4,686.4,Pyogenic granuloma,dermatologic,Dermatologic diseases,dermatologic,Dermatologic diseases,#CE5A57,Both,0.0,,,,,,,,,,False,False,elevated,,Hazard ratio,0.0,459.22,0.0,0.0,4440.89,0.0,Exposed group,Unexposed group,0.0,0.0,Unexposed group
406,analysis,MDD diagnosis,analysis,MDD diagnosis,687.1,687.1,Rash and other nonspecific skin eruption,dermatologic,Dermatologic diseases,dermatologic,Dermatologic diseases,#CE5A57,Both,0.0,,,,,,,,,,False,False,elevated,,Hazard ratio,0.0,468.54,0.0,1.0,4594.71,0.0,Exposed group,Unexposed group,0.0,0.0,Unexposed group
917,analysis,MDD diagnosis,analysis,MDD diagnosis,697,697.0,Sarcoidosis,dermatologic,Dermatologic diseases,dermatologic,Dermatologic diseases,#CE5A57,Both,97.0,,,,,,,,,,False,False,elevated,,Hazard ratio,97.0,453.13,0.21,697.0,4357.89,0.16,Exposed group,Unexposed group,0.21,0.16,Unexposed group
983,analysis,MDD diagnosis,analysis,MDD diagnosis,701.2,701.2,Scar conditions and fibrosis of skin,dermatologic,Dermatologic diseases,dermatologic,Dermatologic diseases,#CE5A57,Both,0.0,,,,,,,,,,False,False,elevated,,Hazard ratio,0.0,464.56,0.0,0.0,4532.16,0.0,Exposed group,Unexposed group,0.0,0.0,Unexposed group
321,analysis,MDD diagnosis,analysis,MDD diagnosis,706.3,706.3,Seborrhea,dermatologic,Dermatologic diseases,dermatologic,Dermatologic diseases,#CE5A57,Both,0.0,,,,,,,,,,False,False,elevated,,Hazard ratio,0.0,465.68,0.0,0.0,4545.21,0.0,Exposed group,Unexposed group,0.0,0.0,Unexposed group
1103,analysis,MDD diagnosis,analysis,MDD diagnosis,709.2,709.2,Sicca syndrome,dermatologic,Dermatologic diseases,dermatologic,Dermatologic diseases,#CE5A57,Both,176.0,,,,,,,,,,False,False,elevated,,Hazard ratio,176.0,448.36,0.39,931.0,4288.36,0.22,Exposed group,Unexposed group,0.39,0.22,Unexposed group
570,analysis,MDD diagnosis,analysis,MDD diagnosis,709.3,709.3,Systemic sclerosis,dermatologic,Dermatologic diseases,dermatologic,Dermatologic diseases,#CE5A57,Both,16.0,,,,,,,,,,False,False,elevated,,Hazard ratio,16.0,449.29,0.04,139.0,4293.19,0.03,Exposed group,Unexposed group,0.04,0.03,Unexposed group
952,analysis,MDD diagnosis,analysis,MDD diagnosis,695.1,695.1,Toxic erythema,dermatologic,Dermatologic diseases,dermatologic,Dermatologic diseases,#CE5A57,Both,16.0,,,,,,,,,,False,False,elevated,,Hazard ratio,16.0,453.68,0.04,170.0,4361.1,0.04,Exposed group,Unexposed group,0.04,0.04,Unexposed group
1008,analysis,MDD diagnosis,analysis,MDD diagnosis,695.9,695.9,Unspecified erythematous condition,dermatologic,Dermatologic diseases,dermatologic,Dermatologic diseases,#CE5A57,Both,1.0,,,,,,,,,,False,False,elevated,,Hazard ratio,1.0,453.75,0.0,12.0,4362.11,0.0,Exposed group,Unexposed group,0.0,0.0,Unexposed group
600,analysis,MDD diagnosis,analysis,MDD diagnosis,694.3,694.3,Vascular disorders of skin,dermatologic,Dermatologic diseases,dermatologic,Dermatologic diseases,#CE5A57,Both,0.0,,,,,,,,,,False,False,elevated,,Hazard ratio,0.0,453.76,0.0,0.0,4362.15,0.0,Exposed group,Unexposed group,0.0,0.0,Unexposed group
263,analysis,MDD diagnosis,analysis,MDD diagnosis,694.1,694.1,Vitiligo,dermatologic,Dermatologic diseases,dermatologic,Dermatologic diseases,#CE5A57,Both,33.0,,,,,,,,,,False,False,elevated,,Hazard ratio,33.0,453.57,0.07,252.0,4360.78,0.06,Exposed group,Unexposed group,0.07,0.06,Unexposed group
40,analysis,MDD diagnosis,analysis,MDD diagnosis,563,563.0,Constipation,digestive,Digestive diseases,digestive,Digestive diseases,#A5C5D9,Both,1277.0,0.8900720100248635,0.0325098839893919,2.435305011350375,2.435305011350375,2.435305011350375,2.284969411045675,2.595531681797949,4.945127036597566e-165,7.075335606208826e-164,True,True,elevated,,Hazard ratio,1277.0,428.59,2.98,4979.0,4080.22,1.22,Exposed group,Unexposed group,2.98,1.22,Unexposed group
170,analysis,MDD diagnosis,analysis,MDD diagnosis,530.1,530.1,"Esophagitis, GERD and related diseases",digestive,Digestive diseases,digestive,Digestive diseases,#A5C5D9,Both,1618.0,0.4489086806262302,0.0273465017701405,1.5666015895910204,1.5666015895910204,1.5666015895910204,1.4848437341020793,1.6528611625204117,1.4796076872951372e-60,7.863057995339874e-60,True,True,elevated,,Hazard ratio,1618.0,444.28,3.64,10089.0,4323.19,2.33,Exposed group,Unexposed group,3.64,2.33,Unexposed group
102,analysis,MDD diagnosis,analysis,MDD diagnosis,550.2,550.2,Diaphragmatic hernia,digestive,Digestive diseases,digestive,Digestive diseases,#A5C5D9,Both,1302.0,0.4582535253226539,0.0306108799909928,1.581309854337335,1.581309854337335,1.581309854337335,1.4892255214192534,1.6790881028155575,1.1483219066953698e-50,5.209460357203385e-50,True,True,elevated,,Hazard ratio,1302.0,437.63,2.98,7876.0,4173.45,1.89,Exposed group,Unexposed group,2.98,1.89,Unexposed group
36,analysis,MDD diagnosis,analysis,MDD diagnosis,558,558.0,Noninfectious gastroenteritis,digestive,Digestive diseases,digestive,Digestive diseases,#A5C5D9,Both,512.0,0.7173835218367672,0.05019857787607,2.0490648571628722,2.0490648571628722,2.0490648571628722,1.85705947477403,2.2609220899458817,2.4931833088251708e-46,1.1041240367654329e-45,True,True,elevated,,Hazard ratio,512.0,430.86,1.19,2338.0,4085.82,0.57,Exposed group,Unexposed group,1.19,0.57,Unexposed group
140,analysis,MDD diagnosis,analysis,MDD diagnosis,578.9,578.9,Hemorrhage of gastrointestinal tract,digestive,Digestive diseases,digestive,Digestive diseases,#A5C5D9,Both,947.0,0.5128660285187189,0.0361304917670679,1.6700708129916908,1.6700708129916908,1.6700708129916908,1.5558939449414024,1.7926263737158326,9.863154662000509e-46,4.076770593626877e-45,True,True,elevated,,Hazard ratio,947.0,458.4,2.07,5555.0,4480.09,1.24,Exposed group,Unexposed group,2.07,1.24,Unexposed group
173,analysis,MDD diagnosis,analysis,MDD diagnosis,564.1,564.1,Irritable Bowel Syndrome,digestive,Digestive diseases,digestive,Digestive diseases,#A5C5D9,Both,452.0,0.7440399719187705,0.0534721419012856,2.1044201624461194,2.1044201624461194,2.1044201624461194,1.8950298185482473,2.33694698456113,5.169528596503918e-44,2.045813444573891e-43,True,True,elevated,,Hazard ratio,452.0,431.04,1.05,1956.0,4086.48,0.48,Exposed group,Unexposed group,1.05,0.48,Unexposed group
21,analysis,MDD diagnosis,analysis,MDD diagnosis,531.2,531.2,Gastric ulcer,digestive,Digestive diseases,digestive,Digestive diseases,#A5C5D9,Both,522.0,0.5297112395486738,0.0488906352434517,1.6984417949822193,1.6984417949822193,1.6984417949822193,1.5432423025654265,1.8692492592686196,2.3595428215263214e-27,7.194671554162228e-27,True,True,elevated,,Hazard ratio,522.0,458.49,1.14,2941.0,4465.71,0.66,Exposed group,Unexposed group,1.14,0.66,Unexposed group
27,analysis,MDD diagnosis,analysis,MDD diagnosis,562.1,562.1,Diverticulosis,digestive,Digestive diseases,digestive,Digestive diseases,#A5C5D9,Both,1655.0,0.287533992238558,0.0267852502223048,1.3331359076668143,1.3331359076668143,1.3331359076668143,1.2649529170997738,1.4049940707559467,6.987890358252308e-27,2.0963671074756926e-26,True,True,elevated,,Hazard ratio,1655.0,425.69,3.89,11777.0,4039.84,2.92,Exposed group,Unexposed group,3.89,2.92,Unexposed group
168,analysis,MDD diagnosis,analysis,MDD diagnosis,574.1,574.1,Cholelithiasis,digestive,Digestive diseases,digestive,Digestive diseases,#A5C5D9,Both,1579.0,0.2603843168804275,0.027323496082871,1.2974286145810223,1.2974286145810223,1.2974286145810223,1.2297738178622502,1.3688053733814194,1.5776085329462353e-21,4.2526838714202855e-21,True,True,elevated,,Hazard ratio,1579.0,437.55,3.61,11584.0,4165.23,2.78,Exposed group,Unexposed group,3.61,2.78,Unexposed group
157,analysis,MDD diagnosis,analysis,MDD diagnosis,571.5,571.5,Other chronic nonalcoholic liver disease,digestive,Digestive diseases,digestive,Digestive diseases,#A5C5D9,Both,272.0,0.6320854081318149,0.0685659416067314,1.8815302492700448,1.8815302492700448,1.8815302492700448,1.6449272570193143,2.152165734874578,3.0086451983497126e-20,7.665863108123925e-20,True,True,elevated,,Hazard ratio,272.0,465.95,0.58,1341.0,4560.9,0.29,Exposed group,Unexposed group,0.58,0.29,Unexposed group
137,analysis,MDD diagnosis,analysis,MDD diagnosis,577.1,577.1,Acute pancreatitis,digestive,Digestive diseases,digestive,Digestive diseases,#A5C5D9,Both,412.0,0.4750976344109312,0.0544984070313494,1.608171202669153,1.608171202669153,1.608171202669153,1.4452477449045316,1.789461098425853,2.840539587553927e-18,6.861563159545849e-18,True,True,elevated,,Hazard ratio,412.0,463.2,0.89,2519.0,4531.51,0.56,Exposed group,Unexposed group,0.89,0.56,Unexposed group
45,analysis,MDD diagnosis,analysis,MDD diagnosis,550.5,550.5,Ventral hernia,digestive,Digestive diseases,digestive,Digestive diseases,#A5C5D9,Both,483.0,0.4081741048935361,0.0502146462242751,1.5040690041492168,1.5040690041492168,1.5040690041492168,1.363088932626141,1.6596302083415746,4.3432446232449833e-16,9.285557470385829e-16,True,True,elevated,,Hazard ratio,483.0,442.17,1.09,2973.0,4199.5,0.71,Exposed group,Unexposed group,1.09,0.71,Unexposed group
171,analysis,MDD diagnosis,analysis,MDD diagnosis,578.2,578.2,Blood in stool,digestive,Digestive diseases,digestive,Digestive diseases,#A5C5D9,Both,259.0,0.5421491848982922,0.0692149612345609,1.7196988441732952,1.7196988441732952,1.7196988441732952,1.501534913940529,1.9695606723455112,4.770003195801545e-15,1.008205220930781e-14,True,True,elevated,,Hazard ratio,259.0,460.96,0.56,1478.0,4494.96,0.33,Exposed group,Unexposed group,0.56,0.33,Unexposed group
52,analysis,MDD diagnosis,analysis,MDD diagnosis,578.8,578.8,Hemorrhage of rectum and anus,digestive,Digestive diseases,digestive,Digestive diseases,#A5C5D9,Both,362.0,0.4207931467242752,0.0577178672214274,1.5231691732866368,1.5231691732866368,1.5231691732866368,1.3602467634064739,1.705605477524237,3.087656755298545e-13,5.80105208571242e-13,True,True,elevated,,Hazard ratio,362.0,460.33,0.79,2350.0,4489.9,0.52,Exposed group,Unexposed group,0.79,0.52,Unexposed group
136,analysis,MDD diagnosis,analysis,MDD diagnosis,560.4,560.4,Other intestinal obstruction,digestive,Digestive diseases,digestive,Digestive diseases,#A5C5D9,Both,280.0,0.4507480171014817,0.0662062918944662,1.5694857486933302,1.5694857486933302,1.5694857486933302,1.3784830907425756,1.7869537405964948,9.880313665349371e-12,1.7842119822863917e-11,True,True,elevated,,Hazard ratio,280.0,432.73,0.65,1706.0,4091.77,0.42,Exposed group,Unexposed group,0.65,0.42,Unexposed group
47,analysis,MDD diagnosis,analysis,MDD diagnosis,531.3,531.3,Duodenal ulcer,digestive,Digestive diseases,digestive,Digestive diseases,#A5C5D9,Both,252.0,0.4490397207892648,0.0697012601219538,1.5668068907697867,1.5668068907697867,1.5668068907697867,1.3667357751549654,1.7961656361013476,1.1763974803320068e-10,2.083904108016697e-10,True,True,elevated,,Hazard ratio,252.0,459.71,0.55,1560.0,4471.47,0.35,Exposed group,Unexposed group,0.55,0.35,Unexposed group
16,analysis,MDD diagnosis,analysis,MDD diagnosis,531.1,531.1,Hemorrhage from gastrointestinal ulcer,digestive,Digestive diseases,digestive,Digestive diseases,#A5C5D9,Both,264.0,0.434011298406297,0.0683661157093517,1.5434363063884575,1.5434363063884575,1.5434363063884575,1.349877316448476,1.7647497315871605,2.1765164511540147e-10,3.8191703765532704e-10,True,True,elevated,,Hazard ratio,264.0,459.78,0.57,1614.0,4472.12,0.36,Exposed group,Unexposed group,0.57,0.36,Unexposed group
19,analysis,MDD diagnosis,analysis,MDD diagnosis,574.3,574.3,Cholecystitis without cholelithiasis,digestive,Digestive diseases,digestive,Digestive diseases,#A5C5D9,Both,330.0,0.3822397837326207,0.060492161067608,1.4655634612812727,1.4655634612812727,1.4655634612812727,1.3017052661028676,1.650048067696,2.6354813693180887e-10,4.497243437551969e-10,True,True,elevated,,Hazard ratio,330.0,445.61,0.74,2211.0,4231.04,0.52,Exposed group,Unexposed group,0.74,0.52,Unexposed group
162,analysis,MDD diagnosis,analysis,MDD diagnosis,560.1,560.1,Paralytic ileus,digestive,Digestive diseases,digestive,Digestive diseases,#A5C5D9,Both,378.0,0.3562463596800512,0.0564312424959707,1.4279592965291898,1.4279592965291898,1.4279592965291898,1.2784406900205085,1.5949646850738366,2.7380525409313947e-10,4.6297979328476304e-10,True,True,elevated,,Hazard ratio,378.0,432.7,0.87,2568.0,4090.33,0.63,Exposed group,Unexposed group,0.87,0.63,Unexposed group
28,analysis,MDD diagnosis,analysis,MDD diagnosis,540.1,540.1,Appendicitis,digestive,Digestive diseases,digestive,Digestive diseases,#A5C5D9,Both,449.0,0.251066260954719,0.0510924488659852,1.2853952530261414,1.2853952530261414,1.2853952530261414,1.1629095077470744,1.4207820518236662,8.925486997247552e-07,1.307197308258303e-06,True,True,elevated,,Hazard ratio,449.0,458.72,0.98,3391.0,4445.09,0.76,Exposed group,Unexposed group,0.98,0.76,Unexposed group
124,analysis,MDD diagnosis,analysis,MDD diagnosis,550.4,550.4,Umbilical hernia,digestive,Digestive diseases,digestive,Digestive diseases,#A5C5D9,Both,260.0,0.2450723582911788,0.0673822622362581,1.2777137630445996,1.2777137630445996,1.2777137630445996,1.119635431029182,1.4581107519730148,0.0002757831558757,0.0003637990566871,True,True,elevated,,Hazard ratio,260.0,443.53,0.59,1871.0,4205.89,0.44,Exposed group,Unexposed group,0.59,0.44,Unexposed group
129,analysis,MDD diagnosis,analysis,MDD diagnosis,550.1,550.1,Inguinal hernia,digestive,Digestive diseases,digestive,Digestive diseases,#A5C5D9,Both,1117.0,-0.052710813565745,0.031961086427497,0.9486543107761878,0.9486543107761878,0.9486543107761878,0.8910501723285428,1.0099824109819278,0.099102888522048,0.1110429955728972,False,False,protective,,Hazard ratio,1117.0,438.3,2.55,11203.0,4146.27,2.7,Exposed group,Unexposed group,2.55,2.7,Unexposed group
586,analysis,MDD diagnosis,analysis,MDD diagnosis,564.8,564.8,Abnormal findings on exam of gastrointestinal tract/ abdominal area,digestive,Digestive diseases,digestive,Digestive diseases,#A5C5D9,Both,0.0,,,,,,,,,,False,False,elevated,,Hazard ratio,0.0,434.0,0.0,0.0,4099.35,0.0,Exposed group,Unexposed group,0.0,0.0,Unexposed group
718,analysis,MDD diagnosis,analysis,MDD diagnosis,573.7,573.7,Abnormal results of function study of liver,digestive,Digestive diseases,digestive,Digestive diseases,#A5C5D9,Both,0.0,,,,,,,,,,False,False,elevated,,Hazard ratio,0.0,466.57,0.0,0.0,4564.05,0.0,Exposed group,Unexposed group,0.0,0.0,Unexposed group
594,analysis,MDD diagnosis,analysis,MDD diagnosis,573.9,573.9,Abnormal serum enzyme levels,digestive,Digestive diseases,digestive,Digestive diseases,#A5C5D9,Both,0.0,,,,,,,,,,False,False,elevated,,Hazard ratio,0.0,466.57,0.0,0.0,4564.05,0.0,Exposed group,Unexposed group,0.0,0.0,Unexposed group
1093,analysis,MDD diagnosis,analysis,MDD diagnosis,573.4,573.4,Acute and subacute necrosis of liver,digestive,Digestive diseases,digestive,Digestive diseases,#A5C5D9,Both,2.0,,,,,,,,,,False,False,elevated,,Hazard ratio,2.0,466.55,0.0,8.0,4563.98,0.0,Exposed group,Unexposed group,0.0,0.0,Unexposed group
808,analysis,MDD diagnosis,analysis,MDD diagnosis,535.1,535.1,Acute gastritis,digestive,Digestive diseases,digestive,Digestive diseases,#A5C5D9,Both,200.0,,,,,,,,,,False,False,elevated,,Hazard ratio,200.0,456.78,0.44,1006.0,4442.38,0.23,Exposed group,Unexposed group,0.44,0.23,Unexposed group
360,analysis,MDD diagnosis,analysis,MDD diagnosis,565.1,565.1,Anal and rectal polyp,digestive,Digestive diseases,digestive,Digestive diseases,#A5C5D9,Both,207.0,,,,,,,,,,False,False,elevated,,Hazard ratio,207.0,456.85,0.45,1745.0,4427.63,0.39,Exposed group,Unexposed group,0.45,0.39,Unexposed group
410,analysis,MDD diagnosis,analysis,MDD diagnosis,526.3,526.3,Anomalies of jaw size/symmetry,digestive,Digestive diseases,digestive,Digestive diseases,#A5C5D9,Both,9.0,,,,,,,,,,False,False,elevated,,Hazard ratio,9.0,462.61,0.02,42.0,4502.37,0.01,Exposed group,Unexposed group,0.02,0.01,Unexposed group
341,analysis,MDD diagnosis,analysis,MDD diagnosis,524.3,524.3,Anomalies of tooth position/malocclusion,digestive,Digestive diseases,digestive,Digestive diseases,#A5C5D9,Both,23.0,,,,,,,,,,False,False,elevated,,Hazard ratio,23.0,462.49,0.05,144.0,4501.92,0.03,Exposed group,Unexposed group,0.05,0.03,Unexposed group
799,analysis,MDD diagnosis,analysis,MDD diagnosis,572,572.0,Ascites (non malignant),digestive,Digestive diseases,digestive,Digestive diseases,#A5C5D9,Both,0.0,,,,,,,,,,False,False,elevated,,Hazard ratio,0.0,466.57,0.0,0.0,4564.05,0.0,Exposed group,Unexposed group,0.0,0.0,Unexposed group
1026,analysis,MDD diagnosis,analysis,MDD diagnosis,535.2,535.2,Atrophic gastritis,digestive,Digestive diseases,digestive,Digestive diseases,#A5C5D9,Both,65.0,,,,,,,,,,False,False,elevated,,Hazard ratio,65.0,457.7,0.14,325.0,4446.56,0.07,Exposed group,Unexposed group,0.14,0.07,Unexposed group
712,analysis,MDD diagnosis,analysis,MDD diagnosis,525.2,525.2,Atrophy of edentulous alveolar ridge,digestive,Digestive diseases,digestive,Digestive diseases,#A5C5D9,Both,10.0,,,,,,,,,,False,False,elevated,,Hazard ratio,10.0,462.57,0.02,127.0,4501.74,0.03,Exposed group,Unexposed group,0.02,0.03,Unexposed group
1053,analysis,MDD diagnosis,analysis,MDD diagnosis,539,539.0,Bariatric surgery,digestive,Digestive diseases,digestive,Digestive diseases,#A5C5D9,Both,21.0,,,,,,,,,,False,False,elevated,,Hazard ratio,21.0,468.29,0.04,50.0,4592.47,0.01,Exposed group,Unexposed group,0.04,0.01,Unexposed group
979,analysis,MDD diagnosis,analysis,MDD diagnosis,574.2,574.2,Calculus of bile duct,digestive,Digestive diseases,digestive,Digestive diseases,#A5C5D9,Both,220.0,,,,,,,,,,False,False,elevated,,Hazard ratio,220.0,445.87,0.49,1679.0,4230.65,0.4,Exposed group,Unexposed group,0.49,0.4,Unexposed group
707,analysis,MDD diagnosis,analysis,MDD diagnosis,557.1,557.1,Celiac disease,digestive,Digestive diseases,digestive,Digestive diseases,#A5C5D9,Both,78.0,,,,,,,,,,False,False,elevated,,Hazard ratio,78.0,433.53,0.18,568.0,4095.34,0.14,Exposed group,Unexposed group,0.18,0.14,Unexposed group
886,analysis,MDD diagnosis,analysis,MDD diagnosis,528.3,528.3,Cellulitis and abscess of oral soft tissues,digestive,Digestive diseases,digestive,Digestive diseases,#A5C5D9,Both,61.0,,,,,,,,,,False,False,elevated,,Hazard ratio,61.0,464.18,0.13,305.0,4531.86,0.07,Exposed group,Unexposed group,0.13,0.07,Unexposed group
504,analysis,MDD diagnosis,analysis,MDD diagnosis,575.1,575.1,Cholangitis,digestive,Digestive diseases,digestive,Digestive diseases,#A5C5D9,Both,86.0,,,,,,,,,,False,False,elevated,,Hazard ratio,86.0,446.75,0.19,606.0,4238.37,0.14,Exposed group,Unexposed group,0.19,0.14,Unexposed group
222,analysis,MDD diagnosis,analysis,MDD diagnosis,575.6,575.6,Cholesterolosis of gallbladder,digestive,Digestive diseases,digestive,Digestive diseases,#A5C5D9,Both,1.0,,,,,,,,,,False,False,elevated,,Hazard ratio,1.0,447.01,0.0,20.0,4240.14,0.0,Exposed group,Unexposed group,0.0,0.0,Unexposed group
1084,analysis,MDD diagnosis,analysis,MDD diagnosis,577.2,577.2,Chronic pancreatitis,digestive,Digestive diseases,digestive,Digestive diseases,#A5C5D9,Both,67.0,,,,,,,,,,False,False,elevated,,Hazard ratio,67.0,464.86,0.14,262.0,4542.26,0.06,Exposed group,Unexposed group,0.14,0.06,Unexposed group
286,analysis,MDD diagnosis,analysis,MDD diagnosis,573.1,573.1,Chronic passive congestion of liver,digestive,Digestive diseases,digestive,Digestive diseases,#A5C5D9,Both,5.0,,,,,,,,,,False,False,elevated,,Hazard ratio,5.0,466.57,0.01,28.0,4564.05,0.01,Exposed group,Unexposed group,0.01,0.01,Unexposed group
523,analysis,MDD diagnosis,analysis,MDD diagnosis,536.7,536.7,"Complications of gastrostomy, colostomy and enterostomy",digestive,Digestive diseases,digestive,Digestive diseases,#A5C5D9,Both,0.0,,,,,,,,,,False,False,elevated,,Hazard ratio,0.0,458.05,0.0,0.0,4448.51,0.0,Exposed group,Unexposed group,0.0,0.0,Unexposed group
769,analysis,MDD diagnosis,analysis,MDD diagnosis,577.3,577.3,Cyst and pseudocyst of pancreas,digestive,Digestive diseases,digestive,Digestive diseases,#A5C5D9,Both,42.0,,,,,,,,,,False,False,elevated,,Hazard ratio,42.0,465.11,0.09,262.0,4542.48,0.06,Exposed group,Unexposed group,0.09,0.06,Unexposed group
1085,analysis,MDD diagnosis,analysis,MDD diagnosis,528.4,528.4,Cysts of oral soft tissues,digestive,Digestive diseases,digestive,Digestive diseases,#A5C5D9,Both,42.0,,,,,,,,,,False,False,elevated,,Hazard ratio,42.0,464.29,0.09,364.0,4531.47,0.08,Exposed group,Unexposed group,0.09,0.08,Unexposed group
645,analysis,MDD diagnosis,analysis,MDD diagnosis,526.1,526.1,Cysts of the jaws,digestive,Digestive diseases,digestive,Digestive diseases,#A5C5D9,Both,18.0,,,,,,,,,,False,False,elevated,,Hazard ratio,18.0,462.56,0.04,193.0,4501.86,0.04,Exposed group,Unexposed group,0.04,0.04,Unexposed group
304,analysis,MDD diagnosis,analysis,MDD diagnosis,521.2,521.2,"Dental abrasion, erosion and attrition",digestive,Digestive diseases,digestive,Digestive diseases,#A5C5D9,Both,2.0,,,,,,,,,,False,False,elevated,,Hazard ratio,2.0,462.65,0.0,9.0,4502.76,0.0,Exposed group,Unexposed group,0.0,0.0,Unexposed group
1094,analysis,MDD diagnosis,analysis,MDD diagnosis,521.1,521.1,Dental caries,digestive,Digestive diseases,digestive,Digestive diseases,#A5C5D9,Both,90.0,,,,,,,,,,False,False,elevated,,Hazard ratio,90.0,462.24,0.19,432.0,4500.54,0.1,Exposed group,Unexposed group,0.19,0.1,Unexposed group
465,analysis,MDD diagnosis,analysis,MDD diagnosis,561.1,561.1,Diarrhea,digestive,Digestive diseases,digestive,Digestive diseases,#A5C5D9,Both,189.0,,,,,,,,,,False,False,elevated,,Hazard ratio,189.0,433.04,0.44,855.0,4095.03,0.21,Exposed group,Unexposed group,0.44,0.21,Unexposed group
432,analysis,MDD diagnosis,analysis,MDD diagnosis,528.5,528.5,Diseases of lips,digestive,Digestive diseases,digestive,Digestive diseases,#A5C5D9,Both,39.0,,,,,,,,,,False,False,elevated,,Hazard ratio,39.0,464.3,0.08,285.0,4531.92,0.06,Exposed group,Unexposed group,0.08,0.06,Unexposed group
419,analysis,MDD diagnosis,analysis,MDD diagnosis,530.5,530.5,Disorders of esophageal motility,digestive,Digestive diseases,digestive,Digestive diseases,#A5C5D9,Both,60.0,,,,,,,,,,False,False,elevated,,Hazard ratio,60.0,453.57,0.13,304.0,4382.42,0.07,Exposed group,Unexposed group,0.13,0.07,Unexposed group
838,analysis,MDD diagnosis,analysis,MDD diagnosis,527.7,527.7,Disturbance of salivary secretion,digestive,Digestive diseases,digestive,Digestive diseases,#A5C5D9,Both,61.0,,,,,,,,,,False,False,elevated,,Hazard ratio,61.0,464.15,0.13,276.0,4531.78,0.06,Exposed group,Unexposed group,0.13,0.06,Unexposed group
386,analysis,MDD diagnosis,analysis,MDD diagnosis,520.2,520.2,Disturbances in tooth eruption,digestive,Digestive diseases,digestive,Digestive diseases,#A5C5D9,Both,40.0,,,,,,,,,,False,False,elevated,,Hazard ratio,40.0,462.41,0.09,276.0,4501.4,0.06,Exposed group,Unexposed group,0.09,0.06,Unexposed group
783,analysis,MDD diagnosis,analysis,MDD diagnosis,562.2,562.2,Diverticulitis,digestive,Digestive diseases,digestive,Digestive diseases,#A5C5D9,Both,0.0,,,,,,,,,,False,False,elevated,,Hazard ratio,0.0,434.0,0.0,0.0,4099.35,0.0,Exposed group,Unexposed group,0.0,0.0,Unexposed group
218,analysis,MDD diagnosis,analysis,MDD diagnosis,530.6,530.6,"Diverticulum of esophagus, acquired",digestive,Digestive diseases,digestive,Digestive diseases,#A5C5D9,Both,21.0,,,,,,,,,,False,False,elevated,,Hazard ratio,21.0,453.79,0.05,187.0,4383.29,0.04,Exposed group,Unexposed group,0.05,0.04,Unexposed group
700,analysis,MDD diagnosis,analysis,MDD diagnosis,535.6,535.6,Duodenitis,digestive,Digestive diseases,digestive,Digestive diseases,#A5C5D9,Both,118.0,,,,,,,,,,False,False,elevated,,Hazard ratio,118.0,457.37,0.26,573.0,4445.46,0.13,Exposed group,Unexposed group,0.26,0.13,Unexposed group
322,analysis,MDD diagnosis,analysis,MDD diagnosis,536.8,536.8,Dyspepsia and other specified disorders of function of stomach,digestive,Digestive diseases,digestive,Digestive diseases,#A5C5D9,Both,5.0,,,,,,,,,,False,False,elevated,,Hazard ratio,5.0,457.95,0.01,11.0,4448.38,0.0,Exposed group,Unexposed group,0.01,0.0,Unexposed group
832,analysis,MDD diagnosis,analysis,MDD diagnosis,532,532.0,Dysphagia,digestive,Digestive diseases,digestive,Digestive diseases,#A5C5D9,Both,0.0,,,,,,,,,,False,False,elevated,,Hazard ratio,0.0,453.88,0.0,0.0,4384.28,0.0,Exposed group,Unexposed group,0.0,0.0,Unexposed group
462,analysis,MDD diagnosis,analysis,MDD diagnosis,530.2,530.2,Esophageal bleeding (varices/hemorrhage),digestive,Digestive diseases,digestive,Digestive diseases,#A5C5D9,Both,113.0,,,,,,,,,,False,False,elevated,,Hazard ratio,113.0,453.52,0.25,823.0,4381.27,0.19,Exposed group,Unexposed group,0.25,0.19,Unexposed group
208,analysis,MDD diagnosis,analysis,MDD diagnosis,526.8,526.8,Exostosis of jaw,digestive,Digestive diseases,digestive,Digestive diseases,#A5C5D9,Both,0.0,,,,,,,,,,False,False,elevated,,Hazard ratio,0.0,462.66,0.0,0.0,4502.81,0.0,Exposed group,Unexposed group,0.0,0.0,Unexposed group
666,analysis,MDD diagnosis,analysis,MDD diagnosis,550.3,550.3,Femoral hernia,digestive,Digestive diseases,digestive,Digestive diseases,#A5C5D9,Both,55.0,,,,,,,,,,False,False,elevated,,Hazard ratio,55.0,444.54,0.12,431.0,4213.02,0.1,Exposed group,Unexposed group,0.12,0.1,Unexposed group
670,analysis,MDD diagnosis,analysis,MDD diagnosis,561.2,561.2,Flatulence,digestive,Digestive diseases,digestive,Digestive diseases,#A5C5D9,Both,0.0,,,,,,,,,,False,False,elevated,,Hazard ratio,0.0,434.0,0.0,0.0,4099.35,0.0,Exposed group,Unexposed group,0.0,0.0,Unexposed group
300,analysis,MDD diagnosis,analysis,MDD diagnosis,535.9,535.9,"Gastritis and duodenitis, NOS",digestive,Digestive diseases,digestive,Digestive diseases,#A5C5D9,Both,7.0,,,,,,,,,,False,False,elevated,,Hazard ratio,7.0,457.96,0.02,22.0,4448.13,0.0,Exposed group,Unexposed group,0.02,0.0,Unexposed group
487,analysis,MDD diagnosis,analysis,MDD diagnosis,530.7,530.7,Gastroesophageal laceration-hemorrhage syndrome,digestive,Digestive diseases,digestive,Digestive diseases,#A5C5D9,Both,33.0,,,,,,,,,,False,False,elevated,,Hazard ratio,33.0,453.72,0.07,150.0,4383.62,0.03,Exposed group,Unexposed group,0.07,0.03,Unexposed group
759,analysis,MDD diagnosis,analysis,MDD diagnosis,569.2,569.2,Gastrointestinal complications,digestive,Digestive diseases,digestive,Digestive diseases,#A5C5D9,Both,62.0,,,,,,,,,,False,False,elevated,,Hazard ratio,62.0,457.57,0.14,240.0,4434.87,0.05,Exposed group,Unexposed group,0.14,0.05,Unexposed group
1101,analysis,MDD diagnosis,analysis,MDD diagnosis,531.5,531.5,Gastrojejunal ulcer,digestive,Digestive diseases,digestive,Digestive diseases,#A5C5D9,Both,14.0,,,,,,,,,,False,False,elevated,,Hazard ratio,14.0,460.97,0.03,40.0,4479.53,0.01,Exposed group,Unexposed group,0.03,0.01,Unexposed group
1007,analysis,MDD diagnosis,analysis,MDD diagnosis,536.3,536.3,Gastroparesis,digestive,Digestive diseases,digestive,Digestive diseases,#A5C5D9,Both,0.0,,,,,,,,,,False,False,elevated,,Hazard ratio,0.0,458.05,0.0,0.0,4448.51,0.0,Exposed group,Unexposed group,0.0,0.0,Unexposed group
793,analysis,MDD diagnosis,analysis,MDD diagnosis,523.1,523.1,Gingivitis,digestive,Digestive diseases,digestive,Digestive diseases,#A5C5D9,Both,14.0,,,,,,,,,,False,False,elevated,,Hazard ratio,14.0,462.6,0.03,111.0,4502.34,0.02,Exposed group,Unexposed group,0.03,0.02,Unexposed group
624,analysis,MDD diagnosis,analysis,MDD diagnosis,529.1,529.1,Glossitis,digestive,Digestive diseases,digestive,Digestive diseases,#A5C5D9,Both,59.0,,,,,,,,,,False,False,elevated,,Hazard ratio,59.0,464.21,0.13,322.0,4531.77,0.07,Exposed group,Unexposed group,0.13,0.07,Unexposed group
317,analysis,MDD diagnosis,analysis,MDD diagnosis,529.6,529.6,Glossodynia,digestive,Digestive diseases,digestive,Digestive diseases,#A5C5D9,Both,28.0,,,,,,,,,,False,False,elevated,,Hazard ratio,28.0,464.37,0.06,136.0,4532.65,0.03,Exposed group,Unexposed group,0.06,0.03,Unexposed group
608,analysis,MDD diagnosis,analysis,MDD diagnosis,530.9,530.9,Heartburn,digestive,Digestive diseases,digestive,Digestive diseases,#A5C5D9,Both,0.0,,,,,,,,,,False,False,elevated,,Hazard ratio,0.0,453.88,0.0,0.0,4384.28,0.0,Exposed group,Unexposed group,0.0,0.0,Unexposed group
754,analysis,MDD diagnosis,analysis,MDD diagnosis,578.1,578.1,Hematemesis,digestive,Digestive diseases,digestive,Digestive diseases,#A5C5D9,Both,129.0,,,,,,,,,,False,False,elevated,,Hazard ratio,129.0,461.52,0.28,728.0,4498.56,0.16,Exposed group,Unexposed group,0.28,0.16,Unexposed group
333,analysis,MDD diagnosis,analysis,MDD diagnosis,573.3,573.3,Hepatomegaly,digestive,Digestive diseases,digestive,Digestive diseases,#A5C5D9,Both,0.0,,,,,,,,,,False,False,elevated,,Hazard ratio,0.0,466.57,0.0,0.0,4564.05,0.0,Exposed group,Unexposed group,0.0,0.0,Unexposed group
1027,analysis,MDD diagnosis,analysis,MDD diagnosis,520.1,520.1,Hereditary disturbances in tooth structure,digestive,Digestive diseases,digestive,Digestive diseases,#A5C5D9,Both,2.0,,,,,,,,,,False,False,elevated,,Hazard ratio,2.0,462.64,0.0,12.0,4502.76,0.0,Exposed group,Unexposed group,0.0,0.0,Unexposed group
219,analysis,MDD diagnosis,analysis,MDD diagnosis,527.1,527.1,Hypertrophy of salivary gland,digestive,Digestive diseases,digestive,Digestive diseases,#A5C5D9,Both,5.0,,,,,,,,,,False,False,elevated,,Hazard ratio,5.0,464.47,0.01,87.0,4532.84,0.02,Exposed group,Unexposed group,0.01,0.02,Unexposed group
309,analysis,MDD diagnosis,analysis,MDD diagnosis,559,559.0,Ileostomy status,digestive,Digestive diseases,digestive,Digestive diseases,#A5C5D9,Both,0.0,,,,,,,,,,False,False,elevated,,Hazard ratio,0.0,434.0,0.0,0.0,4099.35,0.0,Exposed group,Unexposed group,0.0,0.0,Unexposed group
925,analysis,MDD diagnosis,analysis,MDD diagnosis,560.2,560.2,Impaction of intestine,digestive,Digestive diseases,digestive,Digestive diseases,#A5C5D9,Both,47.0,,,,,,,,,,False,False,elevated,,Hazard ratio,47.0,433.85,0.11,149.0,4098.9,0.04,Exposed group,Unexposed group,0.11,0.04,Unexposed group
990,analysis,MDD diagnosis,analysis,MDD diagnosis,550.6,550.6,Incisional hernia,digestive,Digestive diseases,digestive,Digestive diseases,#A5C5D9,Both,0.0,,,,,,,,,,False,False,elevated,,Hazard ratio,0.0,444.83,0.0,0.0,4215.53,0.0,Exposed group,Unexposed group,0.0,0.0,Unexposed group
973,analysis,MDD diagnosis,analysis,MDD diagnosis,526.5,526.5,Inflammatory conditions of jaw,digestive,Digestive diseases,digestive,Digestive diseases,#A5C5D9,Both,27.0,,,,,,,,,,False,False,elevated,,Hazard ratio,27.0,462.54,0.06,162.0,4502.11,0.04,Exposed group,Unexposed group,0.06,0.04,Unexposed group
258,analysis,MDD diagnosis,analysis,MDD diagnosis,573.5,573.5,Jaundice (not of newborn),digestive,Digestive diseases,digestive,Digestive diseases,#A5C5D9,Both,0.0,,,,,,,,,,False,False,elevated,,Hazard ratio,0.0,466.57,0.0,0.0,4564.05,0.0,Exposed group,Unexposed group,0.0,0.0,Unexposed group
366,analysis,MDD diagnosis,analysis,MDD diagnosis,526.9,526.9,Jaw disease NOS,digestive,Digestive diseases,digestive,Digestive diseases,#A5C5D9,Both,26.0,,,,,,,,,,False,False,elevated,,Hazard ratio,26.0,462.52,0.06,134.0,4502.03,0.03,Exposed group,Unexposed group,0.06,0.03,Unexposed group
211,analysis,MDD diagnosis,analysis,MDD diagnosis,537.1,537.1,Lesions of stomach and duodenum,digestive,Digestive diseases,digestive,Digestive diseases,#A5C5D9,Both,0.0,,,,,,,,,,False,False,elevated,,Hazard ratio,0.0,458.05,0.0,0.0,4448.51,0.0,Exposed group,Unexposed group,0.0,0.0,Unexposed group
1022,analysis,MDD diagnosis,analysis,MDD diagnosis,528.6,528.6,Leukoplakia of oral mucosa,digestive,Digestive diseases,digestive,Digestive diseases,#A5C5D9,Both,62.0,,,,,,,,,,False,False,elevated,,Hazard ratio,62.0,464.18,0.13,297.0,4531.85,0.07,Exposed group,Unexposed group,0.13,0.07,Unexposed group
662,analysis,MDD diagnosis,analysis,MDD diagnosis,571.8,571.8,Liver abscess and sequelae of chronic liver disease,digestive,Digestive diseases,digestive,Digestive diseases,#A5C5D9,Both,210.0,,,,,,,,,,False,False,elevated,,Hazard ratio,210.0,466.31,0.45,1446.0,4562.16,0.32,Exposed group,Unexposed group,0.45,0.32,Unexposed group
777,analysis,MDD diagnosis,analysis,MDD diagnosis,573.2,573.2,Liver replaced by transplant,digestive,Digestive diseases,digestive,Digestive diseases,#A5C5D9,Both,0.0,,,,,,,,,,False,False,elevated,,Hazard ratio,0.0,466.57,0.0,0.0,4564.05,0.0,Exposed group,Unexposed group,0.0,0.0,Unexposed group
578,analysis,MDD diagnosis,analysis,MDD diagnosis,525.1,525.1,Loss of teeth or edentulism,digestive,Digestive diseases,digestive,Digestive diseases,#A5C5D9,Both,1.0,,,,,,,,,,False,False,elevated,,Hazard ratio,1.0,462.63,0.0,6.0,4502.71,0.0,Exposed group,Unexposed group,0.0,0.0,Unexposed group
449,analysis,MDD diagnosis,analysis,MDD diagnosis,579.8,579.8,Nonspecific abnormal findings in stool contents,digestive,Digestive diseases,digestive,Digestive diseases,#A5C5D9,Both,0.0,,,,,,,,,,False,False,elevated,,Hazard ratio,0.0,462.06,0.0,0.0,4500.94,0.0,Exposed group,Unexposed group,0.0,0.0,Unexposed group
206,analysis,MDD diagnosis,analysis,MDD diagnosis,575.9,575.9,Nonspecific abnormal findings on radiological and other examination of biliary tract,digestive,Digestive diseases,digestive,Digestive diseases,#A5C5D9,Both,0.0,,,,,,,,,,False,False,elevated,,Hazard ratio,0.0,447.02,0.0,0.0,4240.31,0.0,Exposed group,Unexposed group,0.0,0.0,Unexposed group
509,analysis,MDD diagnosis,analysis,MDD diagnosis,573.6,573.6,Nonspecific elevation of levels of transaminase or lactic acid dehydrogenase [LDH],digestive,Digestive diseases,digestive,Digestive diseases,#A5C5D9,Both,0.0,,,,,,,,,,False,False,elevated,,Hazard ratio,0.0,466.57,0.0,0.0,4564.05,0.0,Exposed group,Unexposed group,0.0,0.0,Unexposed group
358,analysis,MDD diagnosis,analysis,MDD diagnosis,575.2,575.2,Obstruction of bile duct,digestive,Digestive diseases,digestive,Digestive diseases,#A5C5D9,Both,65.0,,,,,,,,,,False,False,elevated,,Hazard ratio,65.0,446.84,0.15,457.0,4239.42,0.11,Exposed group,Unexposed group,0.15,0.11,Unexposed group
827,analysis,MDD diagnosis,analysis,MDD diagnosis,575.8,575.8,Other disorders of biliary tract,digestive,Digestive diseases,digestive,Digestive diseases,#A5C5D9,Both,55.0,,,,,,,,,,False,False,elevated,,Hazard ratio,55.0,446.69,0.12,364.0,4238.33,0.09,Exposed group,Unexposed group,0.12,0.09,Unexposed group
1059,analysis,MDD diagnosis,analysis,MDD diagnosis,575.7,575.7,Other disorders of gallbladder,digestive,Digestive diseases,digestive,Digestive diseases,#A5C5D9,Both,41.0,,,,,,,,,,False,False,elevated,,Hazard ratio,41.0,446.75,0.09,348.0,4238.42,0.08,Exposed group,Unexposed group,0.09,0.08,Unexposed group
617,analysis,MDD diagnosis,analysis,MDD diagnosis,527.8,527.8,Other specified diseases of the salivary glands,digestive,Digestive diseases,digestive,Digestive diseases,#A5C5D9,Both,9.0,,,,,,,,,,False,False,elevated,,Hazard ratio,9.0,464.45,0.02,67.0,4533.0,0.01,Exposed group,Unexposed group,0.02,0.01,Unexposed group
445,analysis,MDD diagnosis,analysis,MDD diagnosis,535.8,535.8,Other specified gastritis,digestive,Digestive diseases,digestive,Digestive diseases,#A5C5D9,Both,192.0,,,,,,,,,,False,False,elevated,,Hazard ratio,192.0,457.08,0.42,999.0,4443.26,0.22,Exposed group,Unexposed group,0.42,0.22,Unexposed group
446,analysis,MDD diagnosis,analysis,MDD diagnosis,531.4,531.4,"Peptic ulcer, site unspecified",digestive,Digestive diseases,digestive,Digestive diseases,#A5C5D9,Both,64.0,,,,,,,,,,False,False,elevated,,Hazard ratio,64.0,460.71,0.14,308.0,4478.3,0.07,Exposed group,Unexposed group,0.14,0.07,Unexposed group
348,analysis,MDD diagnosis,analysis,MDD diagnosis,522.5,522.5,Periapical abscess,digestive,Digestive diseases,digestive,Digestive diseases,#A5C5D9,Both,43.0,,,,,,,,,,False,False,elevated,,Hazard ratio,43.0,462.4,0.09,323.0,4500.98,0.07,Exposed group,Unexposed group,0.09,0.07,Unexposed group
692,analysis,MDD diagnosis,analysis,MDD diagnosis,523.3,523.3,Periodontitis (acute or chronic),digestive,Digestive diseases,digestive,Digestive diseases,#A5C5D9,Both,163.0,,,,,,,,,,False,False,elevated,,Hazard ratio,163.0,461.76,0.35,1166.0,4495.96,0.26,Exposed group,Unexposed group,0.35,0.26,Unexposed group
231,analysis,MDD diagnosis,analysis,MDD diagnosis,568.1,568.1,Peritoneal adhesions (postoperative) (postinfection),digestive,Digestive diseases,digestive,Digestive diseases,#A5C5D9,Both,10.0,,,,,,,,,,False,False,elevated,,Hazard ratio,10.0,457.86,0.02,51.0,4435.61,0.01,Exposed group,Unexposed group,0.02,0.01,Unexposed group
221,analysis,MDD diagnosis,analysis,MDD diagnosis,560.3,560.3,Peritoneal or intestinal adhesions,digestive,Digestive diseases,digestive,Digestive diseases,#A5C5D9,Both,91.0,,,,,,,,,,False,False,elevated,,Hazard ratio,91.0,433.64,0.21,552.0,4096.97,0.13,Exposed group,Unexposed group,0.21,0.13,Unexposed group
655,analysis,MDD diagnosis,analysis,MDD diagnosis,567,567.0,Peritonitis and retroperitoneal infections,digestive,Digestive diseases,digestive,Digestive diseases,#A5C5D9,Both,131.0,,,,,,,,,,False,False,elevated,,Hazard ratio,131.0,457.64,0.29,965.0,4433.21,0.22,Exposed group,Unexposed group,0.29,0.22,Unexposed group
1128,analysis,MDD diagnosis,analysis,MDD diagnosis,564.9,564.9,Personal history of diseases of digestive system,digestive,Digestive diseases,digestive,Digestive diseases,#A5C5D9,Both,0.0,,,,,,,,,,False,False,elevated,,Hazard ratio,0.0,434.0,0.0,0.0,4099.35,0.0,Exposed group,Unexposed group,0.0,0.0,Unexposed group
714,analysis,MDD diagnosis,analysis,MDD diagnosis,571.6,571.6,Primary biliary cirrhosis,digestive,Digestive diseases,digestive,Digestive diseases,#A5C5D9,Both,25.0,,,,,,,,,,False,False,elevated,,Hazard ratio,25.0,466.43,0.05,268.0,4562.71,0.06,Exposed group,Unexposed group,0.05,0.06,Unexposed group
753,analysis,MDD diagnosis,analysis,MDD diagnosis,522.1,522.1,Pulpitis and necrosis of tooth pulp,digestive,Digestive diseases,digestive,Digestive diseases,#A5C5D9,Both,20.0,,,,,,,,,,False,False,elevated,,Hazard ratio,20.0,462.54,0.04,90.0,4502.21,0.02,Exposed group,Unexposed group,0.04,0.02,Unexposed group
283,analysis,MDD diagnosis,analysis,MDD diagnosis,555.1,555.1,Regional enteritis,digestive,Digestive diseases,digestive,Digestive diseases,#A5C5D9,Both,115.0,,,,,,,,,,False,False,elevated,,Hazard ratio,115.0,433.28,0.27,746.0,4094.1,0.18,Exposed group,Unexposed group,0.27,0.18,Unexposed group
710,analysis,MDD diagnosis,analysis,MDD diagnosis,527.2,527.2,Sialoadenitis,digestive,Digestive diseases,digestive,Digestive diseases,#A5C5D9,Both,149.0,,,,,,,,,,False,False,elevated,,Hazard ratio,149.0,463.71,0.32,980.0,4527.94,0.22,Exposed group,Unexposed group,0.32,0.22,Unexposed group
901,analysis,MDD diagnosis,analysis,MDD diagnosis,528.7,528.7,Sialolithiasis,digestive,Digestive diseases,digestive,Digestive diseases,#A5C5D9,Both,65.0,,,,,,,,,,False,False,elevated,,Hazard ratio,65.0,464.17,0.14,446.0,4530.73,0.1,Exposed group,Unexposed group,0.14,0.1,Unexposed group
916,analysis,MDD diagnosis,analysis,MDD diagnosis,579.2,579.2,Splenomegaly,digestive,Digestive diseases,digestive,Digestive diseases,#A5C5D9,Both,0.0,,,,,,,,,,False,False,elevated,,Hazard ratio,0.0,462.06,0.0,0.0,4500.94,0.0,Exposed group,Unexposed group,0.0,0.0,Unexposed group
911,analysis,MDD diagnosis,analysis,MDD diagnosis,528.1,528.1,Stomatitis and mucositis,digestive,Digestive diseases,digestive,Digestive diseases,#A5C5D9,Both,106.0,,,,,,,,,,False,False,elevated,,Hazard ratio,106.0,463.97,0.23,545.0,4530.57,0.12,Exposed group,Unexposed group,0.23,0.12,Unexposed group
591,analysis,MDD diagnosis,analysis,MDD diagnosis,530.3,530.3,Stricture and stenosis of esophagus,digestive,Digestive diseases,digestive,Digestive diseases,#A5C5D9,Both,85.0,,,,,,,,,,False,False,elevated,,Hazard ratio,85.0,453.52,0.19,566.0,4381.84,0.13,Exposed group,Unexposed group,0.19,0.13,Unexposed group
639,analysis,MDD diagnosis,analysis,MDD diagnosis,526.4,526.4,Temporomandibular joint disorders,digestive,Digestive diseases,digestive,Digestive diseases,#A5C5D9,Both,155.0,,,,,,,,,,False,False,elevated,,Hazard ratio,155.0,461.96,0.34,984.0,4498.22,0.22,Exposed group,Unexposed group,0.34,0.22,Unexposed group
324,analysis,MDD diagnosis,analysis,MDD diagnosis,521.4,521.4,Tooth complications likely association with other diseases,digestive,Digestive diseases,digestive,Digestive diseases,#A5C5D9,Both,3.0,,,,,,,,,,False,False,elevated,,Hazard ratio,3.0,462.64,0.01,28.0,4502.69,0.01,Exposed group,Unexposed group,0.01,0.01,Unexposed group
448,analysis,MDD diagnosis,analysis,MDD diagnosis,569.1,569.1,Toxic gastroenteritis and colitis,digestive,Digestive diseases,digestive,Digestive diseases,#A5C5D9,Both,10.0,,,,,,,,,,False,False,elevated,,Hazard ratio,10.0,457.87,0.02,76.0,4435.8,0.02,Exposed group,Unexposed group,0.02,0.02,Unexposed group
527,analysis,MDD diagnosis,analysis,MDD diagnosis,556.1,556.1,Ulceration of intestine,digestive,Digestive diseases,digestive,Digestive diseases,#A5C5D9,Both,10.0,,,,,,,,,,False,False,elevated,,Hazard ratio,10.0,433.98,0.02,41.0,4099.19,0.01,Exposed group,Unexposed group,0.02,0.01,Unexposed group
471,analysis,MDD diagnosis,analysis,MDD diagnosis,555.2,555.2,Ulcerative colitis,digestive,Digestive diseases,digestive,Digestive diseases,#A5C5D9,Both,178.0,,,,,,,,,,False,False,elevated,,Hazard ratio,178.0,432.86,0.41,1372.0,4090.45,0.34,Exposed group,Unexposed group,0.41,0.34,Unexposed group
71,analysis,MDD diagnosis,analysis,MDD diagnosis,366.2,366.2,Senile cataract,sense organs,Diseases of the sense organs,sense organs,Diseases of the sense organs,#5DA5DA,Both,6395.0,0.1262445904514709,0.0136385333197494,1.1345596368023527,1.1345596368023527,1.1345596368023527,1.1046329028344586,1.165297146371523,2.1131471857597366e-20,5.458963563212655e-20,True,True,elevated,,Hazard ratio,6395.0,424.93,15.05,55748.0,4090.89,13.63,Exposed group,Unexposed group,15.05,13.63,Unexposed group
133,analysis,MDD diagnosis,analysis,MDD diagnosis,380.1,380.1,Otitis externa,sense organs,Diseases of the sense organs,sense organs,Diseases of the sense organs,#5DA5DA,Both,709.0,0.3171414509059436,0.0408594637476283,1.3731967981195323,1.3731967981195323,1.3731967981195323,1.2675132397117403,1.4876921102572285,8.375718672428444e-15,1.7504310933389782e-14,True,True,elevated,,Hazard ratio,709.0,458.55,1.55,5022.0,4466.2,1.12,Exposed group,Unexposed group,1.55,1.12,Unexposed group
183,analysis,MDD diagnosis,analysis,MDD diagnosis,371.3,371.3,Inflammation of eyelids,sense organs,Diseases of the sense organs,sense organs,Diseases of the sense organs,#5DA5DA,Both,627.0,0.2745825293851623,0.0434449953924418,1.3159811767049805,1.3159811767049805,1.3159811767049805,1.2085609307881233,1.4329492318707375,2.611678201386867e-10,4.497243437551969e-10,True,True,elevated,,Hazard ratio,627.0,450.03,1.39,4644.0,4324.22,1.07,Exposed group,Unexposed group,1.39,1.07,Unexposed group
114,analysis,MDD diagnosis,analysis,MDD diagnosis,381.1,381.1,Otitis media,sense organs,Diseases of the sense organs,sense organs,Diseases of the sense organs,#5DA5DA,Both,509.0,0.2950295420034115,0.0480561955999813,1.3431660379158463,1.3431660379158463,1.3431660379158463,1.222428432373471,1.4758287337179452,8.290609712189425e-10,1.376833398631458e-09,True,True,elevated,,Hazard ratio,509.0,459.58,1.11,3693.0,4470.18,0.83,Exposed group,Unexposed group,1.11,0.83,Unexposed group
55,analysis,MDD diagnosis,analysis,MDD diagnosis,369.5,369.5,"Conjunctivitis, infectious",sense organs,Diseases of the sense organs,sense organs,Diseases of the sense organs,#5DA5DA,Both,854.0,0.2165791394923604,0.037015851011878,1.2418213585770512,1.2418213585770512,1.2418213585770512,1.154916528319686,1.3352655787702845,4.886742319486979e-09,7.903774534126766e-09,True,True,elevated,,Hazard ratio,854.0,448.23,1.91,6584.0,4307.27,1.53,Exposed group,Unexposed group,1.91,1.53,Unexposed group
176,analysis,MDD diagnosis,analysis,MDD diagnosis,371.1,371.1,"Uveitis, noninfectious or NOS",sense organs,Diseases of the sense organs,sense organs,Diseases of the sense organs,#5DA5DA,Both,454.0,0.2536602567965605,0.0509321185014271,1.2887338913024275,1.2887338913024275,1.2887338913024275,1.1662964542421685,1.4240247722185417,6.34662872718849e-07,9.503777733554414e-07,True,True,elevated,,Hazard ratio,454.0,450.16,1.01,3380.0,4325.77,0.78,Exposed group,Unexposed group,1.01,0.78,Unexposed group
43,analysis,MDD diagnosis,analysis,MDD diagnosis,372,372.0,Disorders of conjunctiva,sense organs,Diseases of the sense organs,sense organs,Diseases of the sense organs,#5DA5DA,Both,390.0,0.1906718425503845,0.0546067827228995,1.2100622959630751,1.2100622959630751,1.2100622959630751,1.0872401886109961,1.3467592308026088,0.0004799129239036,0.0006156124403177,True,True,elevated,,Hazard ratio,390.0,450.7,0.87,3184.0,4327.08,0.74,Exposed group,Unexposed group,0.87,0.74,Unexposed group
53,analysis,MDD diagnosis,analysis,MDD diagnosis,362.4,362.4,Retinal vascular changes and abnomalities,sense organs,Diseases of the sense organs,sense organs,Diseases of the sense organs,#5DA5DA,Both,400.0,0.0663481776405523,0.0536423409577319,1.0685987145807843,1.0685987145807843,1.0685987145807843,0.9619519182096246,1.1870689076944752,0.2161382884119447,0.2350977873954486,False,False,elevated,,Hazard ratio,400.0,445.98,0.9,3648.0,4241.25,0.86,Exposed group,Unexposed group,0.9,0.86,Unexposed group
4,analysis,MDD diagnosis,analysis,MDD diagnosis,361.1,361.1,Retinal detachment with retinal defect,sense organs,Diseases of the sense organs,sense organs,Diseases of the sense organs,#5DA5DA,Both,530.0,0.0473569586153783,0.0465703260488168,1.048496212044277,1.048496212044277,1.048496212044277,0.9570296742441119,1.1487045138276295,0.3092051505032772,0.3267736249636907,False,False,elevated,,Hazard ratio,530.0,447.18,1.19,4908.0,4267.98,1.15,Exposed group,Unexposed group,1.19,1.15,Unexposed group
174,analysis,MDD diagnosis,analysis,MDD diagnosis,379.2,379.2,Disorders of vitreous body,sense organs,Diseases of the sense organs,sense organs,Diseases of the sense organs,#5DA5DA,Both,2779.0,0.0089542032516058,0.0203099302260652,1.0089944120525285,1.0089944120525285,1.0089944120525285,0.9696178443680671,1.0499700778678822,0.6593012560103753,0.6775139978891149,False,False,elevated,,Hazard ratio,2779.0,437.7,6.35,26477.0,4192.77,6.31,Exposed group,Unexposed group,6.35,6.31,Unexposed group
467,analysis,MDD diagnosis,analysis,MDD diagnosis,368.1,368.1,Amblyopia,sense organs,Diseases of the sense organs,sense organs,Diseases of the sense organs,#5DA5DA,Both,0.0,,,,,,,,,,False,False,elevated,,Hazard ratio,0.0,464.49,0.0,0.0,4538.09,0.0,Exposed group,Unexposed group,0.0,0.0,Unexposed group
347,analysis,MDD diagnosis,analysis,MDD diagnosis,368.3,368.3,Anisometropia,sense organs,Diseases of the sense organs,sense organs,Diseases of the sense organs,#5DA5DA,Both,0.0,,,,,,,,,,False,False,elevated,,Hazard ratio,0.0,464.49,0.0,0.0,4538.09,0.0,Exposed group,Unexposed group,0.0,0.0,Unexposed group
623,analysis,MDD diagnosis,analysis,MDD diagnosis,379.4,379.4,Anomalies of pupillary function,sense organs,Diseases of the sense organs,sense organs,Diseases of the sense organs,#5DA5DA,Both,0.0,,,,,,,,,,False,False,elevated,,Hazard ratio,0.0,451.8,0.0,0.0,4332.31,0.0,Exposed group,Unexposed group,0.0,0.0,Unexposed group
819,analysis,MDD diagnosis,analysis,MDD diagnosis,379.3,379.3,Aphakia and other disorders of lens,sense organs,Diseases of the sense organs,sense organs,Diseases of the sense organs,#5DA5DA,Both,65.0,,,,,,,,,,False,False,elevated,,Hazard ratio,65.0,451.51,0.14,550.0,4329.83,0.13,Exposed group,Unexposed group,0.14,0.13,Unexposed group
748,analysis,MDD diagnosis,analysis,MDD diagnosis,367.2,367.2,Astigmatism,sense organs,Diseases of the sense organs,sense organs,Diseases of the sense organs,#5DA5DA,Both,0.0,,,,,,,,,,False,False,elevated,,Hazard ratio,0.0,466.18,0.0,0.0,4558.39,0.0,Exposed group,Unexposed group,0.0,0.0,Unexposed group
858,analysis,MDD diagnosis,analysis,MDD diagnosis,367.9,367.9,Blindness and low vision,sense organs,Diseases of the sense organs,sense organs,Diseases of the sense organs,#5DA5DA,Both,163.0,,,,,,,,,,False,False,elevated,,Hazard ratio,163.0,465.45,0.35,983.0,4554.02,0.22,Exposed group,Unexposed group,0.35,0.22,Unexposed group
205,analysis,MDD diagnosis,analysis,MDD diagnosis,385.3,385.3,Cholesteatoma,sense organs,Diseases of the sense organs,sense organs,Diseases of the sense organs,#5DA5DA,Both,23.0,,,,,,,,,,False,False,elevated,,Hazard ratio,23.0,462.33,0.05,194.0,4490.17,0.04,Exposed group,Unexposed group,0.05,0.04,Unexposed group
1115,analysis,MDD diagnosis,analysis,MDD diagnosis,363.3,363.3,Chorioretinal scars,sense organs,Diseases of the sense organs,sense organs,Diseases of the sense organs,#5DA5DA,Both,0.0,,,,,,,,,,False,False,elevated,,Hazard ratio,0.0,450.22,0.0,0.0,4295.63,0.0,Exposed group,Unexposed group,0.0,0.0,Unexposed group
1011,analysis,MDD diagnosis,analysis,MDD diagnosis,363.4,363.4,Choroidal degenerations,sense organs,Diseases of the sense organs,sense organs,Diseases of the sense organs,#5DA5DA,Both,0.0,,,,,,,,,,False,False,elevated,,Hazard ratio,0.0,450.22,0.0,0.0,4295.63,0.0,Exposed group,Unexposed group,0.0,0.0,Unexposed group
447,analysis,MDD diagnosis,analysis,MDD diagnosis,371.9,371.9,Chronic inflammatory disorders of orbit,sense organs,Diseases of the sense organs,sense organs,Diseases of the sense organs,#5DA5DA,Both,0.0,,,,,,,,,,False,False,elevated,,Hazard ratio,0.0,452.74,0.0,1.0,4344.55,0.0,Exposed group,Unexposed group,0.0,0.0,Unexposed group
876,analysis,MDD diagnosis,analysis,MDD diagnosis,368.5,368.5,Color vision deficiencies,sense organs,Diseases of the sense organs,sense organs,Diseases of the sense organs,#5DA5DA,Both,0.0,,,,,,,,,,False,False,elevated,,Hazard ratio,0.0,464.49,0.0,0.0,4538.09,0.0,Exposed group,Unexposed group,0.0,0.0,Unexposed group
223,analysis,MDD diagnosis,analysis,MDD diagnosis,389.2,389.2,Conductive hearing loss,sense organs,Diseases of the sense organs,sense organs,Diseases of the sense organs,#5DA5DA,Both,0.0,,,,,,,,,,False,False,elevated,,Hazard ratio,0.0,458.16,0.0,7.0,4437.55,0.0,Exposed group,Unexposed group,0.0,0.0,Unexposed group
957,analysis,MDD diagnosis,analysis,MDD diagnosis,371.2,371.2,"Conjunctivitis, noninfectious",sense organs,Diseases of the sense organs,sense organs,Diseases of the sense organs,#5DA5DA,Both,0.0,,,,,,,,,,False,False,elevated,,Hazard ratio,0.0,452.74,0.0,0.0,4344.57,0.0,Exposed group,Unexposed group,0.0,0.0,Unexposed group
485,analysis,MDD diagnosis,analysis,MDD diagnosis,364.9,364.9,Cornea replaced by transplant,sense organs,Diseases of the sense organs,sense organs,Diseases of the sense organs,#5DA5DA,Both,0.0,,,,,,,,,,False,False,elevated,,Hazard ratio,0.0,450.22,0.0,0.0,4295.63,0.0,Exposed group,Unexposed group,0.0,0.0,Unexposed group
517,analysis,MDD diagnosis,analysis,MDD diagnosis,364.4,364.4,Corneal degenerations,sense organs,Diseases of the sense organs,sense organs,Diseases of the sense organs,#5DA5DA,Both,0.0,,,,,,,,,,False,False,elevated,,Hazard ratio,0.0,450.22,0.0,11.0,4295.44,0.0,Exposed group,Unexposed group,0.0,0.0,Unexposed group
459,analysis,MDD diagnosis,analysis,MDD diagnosis,364.5,364.5,Corneal dystrophy,sense organs,Diseases of the sense organs,sense organs,Diseases of the sense organs,#5DA5DA,Both,0.0,,,,,,,,,,False,False,elevated,,Hazard ratio,0.0,450.22,0.0,0.0,4295.63,0.0,Exposed group,Unexposed group,0.0,0.0,Unexposed group
897,analysis,MDD diagnosis,analysis,MDD diagnosis,364.2,364.2,Corneal edema,sense organs,Diseases of the sense organs,sense organs,Diseases of the sense organs,#5DA5DA,Both,0.0,,,,,,,,,,False,False,elevated,,Hazard ratio,0.0,450.22,0.0,0.0,4295.63,0.0,Exposed group,Unexposed group,0.0,0.0,Unexposed group
687,analysis,MDD diagnosis,analysis,MDD diagnosis,364.1,364.1,Corneal opacity,sense organs,Diseases of the sense organs,sense organs,Diseases of the sense organs,#5DA5DA,Both,66.0,,,,,,,,,,False,False,elevated,,Hazard ratio,66.0,449.92,0.15,542.0,4292.75,0.13,Exposed group,Unexposed group,0.15,0.13,Unexposed group
892,analysis,MDD diagnosis,analysis,MDD diagnosis,370.1,370.1,Corneal ulcer,sense organs,Diseases of the sense organs,sense organs,Diseases of the sense organs,#5DA5DA,Both,0.0,,,,,,,,,,False,False,elevated,,Hazard ratio,0.0,452.74,0.0,2.0,4344.53,0.0,Exposed group,Unexposed group,0.0,0.0,Unexposed group
254,analysis,MDD diagnosis,analysis,MDD diagnosis,362.2,362.2,Degeneration of macula and posterior pole of retina,sense organs,Diseases of the sense organs,sense organs,Diseases of the sense organs,#5DA5DA,Both,2.0,,,,,,,,,,False,False,elevated,,Hazard ratio,2.0,447.87,0.0,5.0,4259.57,0.0,Exposed group,Unexposed group,0.0,0.0,Unexposed group
503,analysis,MDD diagnosis,analysis,MDD diagnosis,389.3,389.3,Degenerative and vascular disorders of ear,sense organs,Diseases of the sense organs,sense organs,Diseases of the sense organs,#5DA5DA,Both,1.0,,,,,,,,,,False,False,elevated,,Hazard ratio,1.0,458.16,0.0,0.0,4437.7,0.0,Exposed group,Unexposed group,0.0,0.0,Unexposed group
1006,analysis,MDD diagnosis,analysis,MDD diagnosis,374.6,374.6,Dermatochalasis,sense organs,Diseases of the sense organs,sense organs,Diseases of the sense organs,#5DA5DA,Both,0.0,,,,,,,,,,False,False,elevated,,Hazard ratio,0.0,452.74,0.0,0.0,4344.57,0.0,Exposed group,Unexposed group,0.0,0.0,Unexposed group
486,analysis,MDD diagnosis,analysis,MDD diagnosis,368.2,368.2,Diplopia and disorders of binocular vision,sense organs,Diseases of the sense organs,sense organs,Diseases of the sense organs,#5DA5DA,Both,1.0,,,,,,,,,,False,False,elevated,,Hazard ratio,1.0,464.47,0.0,2.0,4538.04,0.0,Exposed group,Unexposed group,0.0,0.0,Unexposed group
792,analysis,MDD diagnosis,analysis,MDD diagnosis,368.7,368.7,Disorders of accommodation,sense organs,Diseases of the sense organs,sense organs,Diseases of the sense organs,#5DA5DA,Both,0.0,,,,,,,,,,False,False,elevated,,Hazard ratio,0.0,464.49,0.0,0.0,4538.09,0.0,Exposed group,Unexposed group,0.0,0.0,Unexposed group
723,analysis,MDD diagnosis,analysis,MDD diagnosis,389.5,389.5,Disorders of acoustic nerve,sense organs,Diseases of the sense organs,sense organs,Diseases of the sense organs,#5DA5DA,Both,0.0,,,,,,,,,,False,False,elevated,,Hazard ratio,0.0,458.16,0.0,0.0,4437.7,0.0,Exposed group,Unexposed group,0.0,0.0,Unexposed group
521,analysis,MDD diagnosis,analysis,MDD diagnosis,379.5,379.5,Disorders of iris and ciliary body,sense organs,Diseases of the sense organs,sense organs,Diseases of the sense organs,#5DA5DA,Both,43.0,,,,,,,,,,False,False,elevated,,Hazard ratio,43.0,451.62,0.1,280.0,4331.05,0.06,Exposed group,Unexposed group,0.1,0.06,Unexposed group
946,analysis,MDD diagnosis,analysis,MDD diagnosis,376,376.0,Disorders of the orbit,sense organs,Diseases of the sense organs,sense organs,Diseases of the sense organs,#5DA5DA,Both,44.0,,,,,,,,,,False,False,elevated,,Hazard ratio,44.0,451.56,0.1,359.0,4330.36,0.08,Exposed group,Unexposed group,0.1,0.08,Unexposed group
722,analysis,MDD diagnosis,analysis,MDD diagnosis,386.9,386.9,Dizziness and giddiness (Light-headedness and vertigo),sense organs,Diseases of the sense organs,sense organs,Diseases of the sense organs,#5DA5DA,Both,0.0,,,,,,,,,,False,False,elevated,,Hazard ratio,0.0,459.12,0.0,0.0,4454.16,0.0,Exposed group,Unexposed group,0.0,0.0,Unexposed group
331,analysis,MDD diagnosis,analysis,MDD diagnosis,375.1,375.1,Dry eyes,sense organs,Diseases of the sense organs,sense organs,Diseases of the sense organs,#5DA5DA,Both,0.0,,,,,,,,,,False,False,elevated,,Hazard ratio,0.0,451.8,0.0,0.0,4332.31,0.0,Exposed group,Unexposed group,0.0,0.0,Unexposed group
492,analysis,MDD diagnosis,analysis,MDD diagnosis,374.1,374.1,Ectropion or entropion,sense organs,Diseases of the sense organs,sense organs,Diseases of the sense organs,#5DA5DA,Both,0.0,,,,,,,,,,False,False,elevated,,Hazard ratio,0.0,452.74,0.0,1.0,4344.54,0.0,Exposed group,Unexposed group,0.0,0.0,Unexposed group
191,analysis,MDD diagnosis,analysis,MDD diagnosis,375.2,375.2,Epiphora,sense organs,Diseases of the sense organs,sense organs,Diseases of the sense organs,#5DA5DA,Both,0.0,,,,,,,,,,False,False,elevated,,Hazard ratio,0.0,451.8,0.0,0.0,4332.31,0.0,Exposed group,Unexposed group,0.0,0.0,Unexposed group
519,analysis,MDD diagnosis,analysis,MDD diagnosis,381.2,381.2,Eustachian tube disorders,sense organs,Diseases of the sense organs,sense organs,Diseases of the sense organs,#5DA5DA,Both,114.0,,,,,,,,,,False,False,elevated,,Hazard ratio,114.0,461.92,0.25,923.0,4487.32,0.21,Exposed group,Unexposed group,0.25,0.21,Unexposed group
281,analysis,MDD diagnosis,analysis,MDD diagnosis,369.2,369.2,"Eye infection, viral",sense organs,Diseases of the sense organs,sense organs,Diseases of the sense organs,#5DA5DA,Both,183.0,,,,,,,,,,False,False,elevated,,Hazard ratio,183.0,451.73,0.41,1517.0,4336.29,0.35,Exposed group,Unexposed group,0.41,0.35,Unexposed group
725,analysis,MDD diagnosis,analysis,MDD diagnosis,362.7,362.7,Hereditary retinal dystrophies,sense organs,Diseases of the sense organs,sense organs,Diseases of the sense organs,#5DA5DA,Both,55.0,,,,,,,,,,False,False,elevated,,Hazard ratio,55.0,447.6,0.12,435.0,4256.78,0.1,Exposed group,Unexposed group,0.12,0.1,Unexposed group
942,analysis,MDD diagnosis,analysis,MDD diagnosis,367.8,367.8,Hypermetropia,sense organs,Diseases of the sense organs,sense organs,Diseases of the sense organs,#5DA5DA,Both,0.0,,,,,,,,,,False,False,elevated,,Hazard ratio,0.0,466.18,0.0,0.0,4558.39,0.0,Exposed group,Unexposed group,0.0,0.0,Unexposed group
431,analysis,MDD diagnosis,analysis,MDD diagnosis,360.3,360.3,Hypotony of eye,sense organs,Diseases of the sense organs,sense organs,Diseases of the sense organs,#5DA5DA,Both,0.0,,,,,,,,,,False,False,elevated,,Hazard ratio,0.0,450.22,0.0,0.0,4295.63,0.0,Exposed group,Unexposed group,0.0,0.0,Unexposed group
202,analysis,MDD diagnosis,analysis,MDD diagnosis,380.4,380.4,Impacted cerumen,sense organs,Diseases of the sense organs,sense organs,Diseases of the sense organs,#5DA5DA,Both,0.0,,,,,,,,,,False,False,elevated,,Hazard ratio,0.0,462.19,0.0,0.0,4493.23,0.0,Exposed group,Unexposed group,0.0,0.0,Unexposed group
1047,analysis,MDD diagnosis,analysis,MDD diagnosis,370.3,370.3,Keratoconjunctivitis,sense organs,Diseases of the sense organs,sense organs,Diseases of the sense organs,#5DA5DA,Both,0.0,,,,,,,,,,False,False,elevated,,Hazard ratio,0.0,452.74,0.0,0.0,4344.57,0.0,Exposed group,Unexposed group,0.0,0.0,Unexposed group
953,analysis,MDD diagnosis,analysis,MDD diagnosis,386.3,386.3,Labyrinthitis,sense organs,Diseases of the sense organs,sense organs,Diseases of the sense organs,#5DA5DA,Both,1.0,,,,,,,,,,False,False,elevated,,Hazard ratio,1.0,459.11,0.0,6.0,4454.12,0.0,Exposed group,Unexposed group,0.0,0.0,Unexposed group
355,analysis,MDD diagnosis,analysis,MDD diagnosis,374.2,374.2,Lagophthalmos,sense organs,Diseases of the sense organs,sense organs,Diseases of the sense organs,#5DA5DA,Both,0.0,,,,,,,,,,False,False,elevated,,Hazard ratio,0.0,452.74,0.0,0.0,4344.57,0.0,Exposed group,Unexposed group,0.0,0.0,Unexposed group
1013,analysis,MDD diagnosis,analysis,MDD diagnosis,381.3,381.3,Mastoiditis & related conditions,sense organs,Diseases of the sense organs,sense organs,Diseases of the sense organs,#5DA5DA,Both,3.0,,,,,,,,,,False,False,elevated,,Hazard ratio,3.0,462.48,0.01,29.0,4491.43,0.01,Exposed group,Unexposed group,0.01,0.01,Unexposed group
562,analysis,MDD diagnosis,analysis,MDD diagnosis,386.1,386.1,Meniere's disease,sense organs,Diseases of the sense organs,sense organs,Diseases of the sense organs,#5DA5DA,Both,1.0,,,,,,,,,,False,False,elevated,,Hazard ratio,1.0,459.1,0.0,13.0,4453.93,0.0,Exposed group,Unexposed group,0.0,0.0,Unexposed group
1015,analysis,MDD diagnosis,analysis,MDD diagnosis,367.1,367.1,Myopia,sense organs,Diseases of the sense organs,sense organs,Diseases of the sense organs,#5DA5DA,Both,0.0,,,,,,,,,,False,False,elevated,,Hazard ratio,0.0,466.18,0.0,0.0,4558.39,0.0,Exposed group,Unexposed group,0.0,0.0,Unexposed group
1010,analysis,MDD diagnosis,analysis,MDD diagnosis,384.1,384.1,Myringitis,sense organs,Diseases of the sense organs,sense organs,Diseases of the sense organs,#5DA5DA,Both,0.0,,,,,,,,,,False,False,elevated,,Hazard ratio,0.0,462.48,0.0,1.0,4491.56,0.0,Exposed group,Unexposed group,0.0,0.0,Unexposed group
516,analysis,MDD diagnosis,analysis,MDD diagnosis,366.1,366.1,Nonsenile Cataract,sense organs,Diseases of the sense organs,sense organs,Diseases of the sense organs,#5DA5DA,Both,4.0,,,,,,,,,,False,False,elevated,,Hazard ratio,4.0,452.75,0.01,27.0,4336.52,0.01,Exposed group,Unexposed group,0.01,0.01,Unexposed group
740,analysis,MDD diagnosis,analysis,MDD diagnosis,378.2,378.2,Nystagmus and other irregular eye movements,sense organs,Diseases of the sense organs,sense organs,Diseases of the sense organs,#5DA5DA,Both,20.0,,,,,,,,,,False,False,elevated,,Hazard ratio,20.0,451.72,0.04,94.0,4331.83,0.02,Exposed group,Unexposed group,0.04,0.02,Unexposed group
1044,analysis,MDD diagnosis,analysis,MDD diagnosis,365.1,365.1,Open-angle glaucoma,sense organs,Diseases of the sense organs,sense organs,Diseases of the sense organs,#5DA5DA,Both,1.0,,,,,,,,,,False,False,elevated,,Hazard ratio,1.0,450.21,0.0,8.0,4295.47,0.0,Exposed group,Unexposed group,0.0,0.0,Unexposed group
592,analysis,MDD diagnosis,analysis,MDD diagnosis,377.1,377.1,Optic atrophy,sense organs,Diseases of the sense organs,sense organs,Diseases of the sense organs,#5DA5DA,Both,0.0,,,,,,,,,,False,False,elevated,,Hazard ratio,0.0,451.8,0.0,0.0,4332.31,0.0,Exposed group,Unexposed group,0.0,0.0,Unexposed group
261,analysis,MDD diagnosis,analysis,MDD diagnosis,377.3,377.3,Optic neuritis/neuropathy,sense organs,Diseases of the sense organs,sense organs,Diseases of the sense organs,#5DA5DA,Both,22.0,,,,,,,,,,False,False,elevated,,Hazard ratio,22.0,451.65,0.05,112.0,4331.61,0.03,Exposed group,Unexposed group,0.05,0.03,Unexposed group
532,analysis,MDD diagnosis,analysis,MDD diagnosis,382,382.0,Otalgia,sense organs,Diseases of the sense organs,sense organs,Diseases of the sense organs,#5DA5DA,Both,0.0,,,,,,,,,,False,False,elevated,,Hazard ratio,0.0,462.48,0.0,0.0,4491.56,0.0,Exposed group,Unexposed group,0.0,0.0,Unexposed group
988,analysis,MDD diagnosis,analysis,MDD diagnosis,388,388.0,Other disorders of ear,sense organs,Diseases of the sense organs,sense organs,Diseases of the sense organs,#5DA5DA,Both,0.0,,,,,,,,,,False,False,elevated,,Hazard ratio,0.0,458.16,0.0,1.0,4437.68,0.0,Exposed group,Unexposed group,0.0,0.0,Unexposed group
241,analysis,MDD diagnosis,analysis,MDD diagnosis,362.3,362.3,Other nondiabetic retinopathy,sense organs,Diseases of the sense organs,sense organs,Diseases of the sense organs,#5DA5DA,Both,0.0,,,,,,,,,,False,False,elevated,,Hazard ratio,0.0,447.89,0.0,0.0,4259.63,0.0,Exposed group,Unexposed group,0.0,0.0,Unexposed group
635,analysis,MDD diagnosis,analysis,MDD diagnosis,381.9,381.9,Otorrhea,sense organs,Diseases of the sense organs,sense organs,Diseases of the sense organs,#5DA5DA,Both,0.0,,,,,,,,,,False,False,elevated,,Hazard ratio,0.0,462.48,0.0,0.0,4491.56,0.0,Exposed group,Unexposed group,0.0,0.0,Unexposed group
343,analysis,MDD diagnosis,analysis,MDD diagnosis,383,383.0,Otosclerosis,sense organs,Diseases of the sense organs,sense organs,Diseases of the sense organs,#5DA5DA,Both,66.0,,,,,,,,,,False,False,elevated,,Hazard ratio,66.0,461.99,0.14,551.0,4487.1,0.12,Exposed group,Unexposed group,0.14,0.12,Unexposed group
717,analysis,MDD diagnosis,analysis,MDD diagnosis,379.9,379.9,"Pain, swelling or discharge of eye",sense organs,Diseases of the sense organs,sense organs,Diseases of the sense organs,#5DA5DA,Both,0.0,,,,,,,,,,False,False,elevated,,Hazard ratio,0.0,451.8,0.0,0.0,4332.31,0.0,Exposed group,Unexposed group,0.0,0.0,Unexposed group
276,analysis,MDD diagnosis,analysis,MDD diagnosis,378.5,378.5,Paralytic strabismus,sense organs,Diseases of the sense organs,sense organs,Diseases of the sense organs,#5DA5DA,Both,108.0,,,,,,,,,,False,False,elevated,,Hazard ratio,108.0,451.3,0.24,885.0,4327.94,0.2,Exposed group,Unexposed group,0.24,0.2,Unexposed group
800,analysis,MDD diagnosis,analysis,MDD diagnosis,384.4,384.4,Perforation of tympanic membrane,sense organs,Diseases of the sense organs,sense organs,Diseases of the sense organs,#5DA5DA,Both,104.0,,,,,,,,,,False,False,elevated,,Hazard ratio,104.0,461.9,0.23,723.0,4487.19,0.16,Exposed group,Unexposed group,0.23,0.16,Unexposed group
849,analysis,MDD diagnosis,analysis,MDD diagnosis,386.2,386.2,Peripheral or central vertigo,sense organs,Diseases of the sense organs,sense organs,Diseases of the sense organs,#5DA5DA,Both,15.0,,,,,,,,,,False,False,elevated,,Hazard ratio,15.0,458.86,0.03,47.0,4453.34,0.01,Exposed group,Unexposed group,0.03,0.01,Unexposed group
809,analysis,MDD diagnosis,analysis,MDD diagnosis,362.6,362.6,Peripheral retinal degenerations,sense organs,Diseases of the sense organs,sense organs,Diseases of the sense organs,#5DA5DA,Both,0.0,,,,,,,,,,False,False,elevated,,Hazard ratio,0.0,447.89,0.0,1.0,4259.6,0.0,Exposed group,Unexposed group,0.0,0.0,Unexposed group
269,analysis,MDD diagnosis,analysis,MDD diagnosis,367.4,367.4,Presbyopia,sense organs,Diseases of the sense organs,sense organs,Diseases of the sense organs,#5DA5DA,Both,0.0,,,,,,,,,,False,False,elevated,,Hazard ratio,0.0,466.18,0.0,0.0,4558.39,0.0,Exposed group,Unexposed group,0.0,0.0,Unexposed group
1057,analysis,MDD diagnosis,analysis,MDD diagnosis,365.2,365.2,Primary angle-closure glaucoma,sense organs,Diseases of the sense organs,sense organs,Diseases of the sense organs,#5DA5DA,Both,0.0,,,,,,,,,,False,False,elevated,,Hazard ratio,0.0,450.22,0.0,4.0,4295.57,0.0,Exposed group,Unexposed group,0.0,0.0,Unexposed group
921,analysis,MDD diagnosis,analysis,MDD diagnosis,360.2,360.2,Progressive myopia,sense organs,Diseases of the sense organs,sense organs,Diseases of the sense organs,#5DA5DA,Both,0.0,,,,,,,,,,False,False,elevated,,Hazard ratio,0.0,450.22,0.0,0.0,4295.63,0.0,Exposed group,Unexposed group,0.0,0.0,Unexposed group
852,analysis,MDD diagnosis,analysis,MDD diagnosis,365.5,365.5,Pseudoexfoliation glaucoma,sense organs,Diseases of the sense organs,sense organs,Diseases of the sense organs,#5DA5DA,Both,0.0,,,,,,,,,,False,False,elevated,,Hazard ratio,0.0,450.22,0.0,0.0,4295.63,0.0,Exposed group,Unexposed group,0.0,0.0,Unexposed group
598,analysis,MDD diagnosis,analysis,MDD diagnosis,374.3,374.3,Ptosis of eyelid,sense organs,Diseases of the sense organs,sense organs,Diseases of the sense organs,#5DA5DA,Both,1.0,,,,,,,,,,False,False,elevated,,Hazard ratio,1.0,452.73,0.0,2.0,4344.55,0.0,Exposed group,Unexposed group,0.0,0.0,Unexposed group
188,analysis,MDD diagnosis,analysis,MDD diagnosis,362.9,362.9,Retinal edema,sense organs,Diseases of the sense organs,sense organs,Diseases of the sense organs,#5DA5DA,Both,0.0,,,,,,,,,,False,False,elevated,,Hazard ratio,0.0,447.89,0.0,0.0,4259.63,0.0,Exposed group,Unexposed group,0.0,0.0,Unexposed group
558,analysis,MDD diagnosis,analysis,MDD diagnosis,362.8,362.8,Retinal hemorrhage/ischemia,sense organs,Diseases of the sense organs,sense organs,Diseases of the sense organs,#5DA5DA,Both,0.0,,,,,,,,,,False,False,elevated,,Hazard ratio,0.0,447.89,0.0,0.0,4259.63,0.0,Exposed group,Unexposed group,0.0,0.0,Unexposed group
350,analysis,MDD diagnosis,analysis,MDD diagnosis,362.1,362.1,Retinopathy of prematurity,sense organs,Diseases of the sense organs,sense organs,Diseases of the sense organs,#5DA5DA,Both,0.0,,,,,,,,,,False,False,elevated,,Hazard ratio,0.0,447.89,0.0,0.0,4259.63,0.0,Exposed group,Unexposed group,0.0,0.0,Unexposed group
920,analysis,MDD diagnosis,analysis,MDD diagnosis,361.2,361.2,Retinoschisis and retinal cysts,sense organs,Diseases of the sense organs,sense organs,Diseases of the sense organs,#5DA5DA,Both,0.0,,,,,,,,,,False,False,elevated,,Hazard ratio,0.0,450.22,0.0,0.0,4295.63,0.0,Exposed group,Unexposed group,0.0,0.0,Unexposed group
189,analysis,MDD diagnosis,analysis,MDD diagnosis,379.1,379.1,Scleritis and episcleritis,sense organs,Diseases of the sense organs,sense organs,Diseases of the sense organs,#5DA5DA,Both,0.0,,,,,,,,,,False,False,elevated,,Hazard ratio,0.0,451.8,0.0,1.0,4332.3,0.0,Exposed group,Unexposed group,0.0,0.0,Unexposed group
634,analysis,MDD diagnosis,analysis,MDD diagnosis,389.1,389.1,Sensorineural hearing loss,sense organs,Diseases of the sense organs,sense organs,Diseases of the sense organs,#5DA5DA,Both,1.0,,,,,,,,,,False,False,elevated,,Hazard ratio,1.0,458.14,0.0,2.0,4437.68,0.0,Exposed group,Unexposed group,0.0,0.0,Unexposed group
796,analysis,MDD diagnosis,analysis,MDD diagnosis,378.1,378.1,Strabismus (not specified as paralytic),sense organs,Diseases of the sense organs,sense organs,Diseases of the sense organs,#5DA5DA,Both,0.0,,,,,,,,,,False,False,elevated,,Hazard ratio,0.0,451.8,0.0,6.0,4332.16,0.0,Exposed group,Unexposed group,0.0,0.0,Unexposed group
243,analysis,MDD diagnosis,analysis,MDD diagnosis,368.9,368.9,Subjective visual disturbances,sense organs,Diseases of the sense organs,sense organs,Diseases of the sense organs,#5DA5DA,Both,0.0,,,,,,,,,,False,False,elevated,,Hazard ratio,0.0,464.49,0.0,2.0,4538.06,0.0,Exposed group,Unexposed group,0.0,0.0,Unexposed group
695,analysis,MDD diagnosis,analysis,MDD diagnosis,370.2,370.2,Superficial keratitis,sense organs,Diseases of the sense organs,sense organs,Diseases of the sense organs,#5DA5DA,Both,0.0,,,,,,,,,,False,False,elevated,,Hazard ratio,0.0,452.74,0.0,2.0,4344.54,0.0,Exposed group,Unexposed group,0.0,0.0,Unexposed group
244,analysis,MDD diagnosis,analysis,MDD diagnosis,389.4,389.4,Tinnitus,sense organs,Diseases of the sense organs,sense organs,Diseases of the sense organs,#5DA5DA,Both,0.0,,,,,,,,,,False,False,elevated,,Hazard ratio,0.0,458.16,0.0,1.0,4437.68,0.0,Exposed group,Unexposed group,0.0,0.0,Unexposed group
497,analysis,MDD diagnosis,analysis,MDD diagnosis,362.5,362.5,Toxic maculopathy of retina,sense organs,Diseases of the sense organs,sense organs,Diseases of the sense organs,#5DA5DA,Both,0.0,,,,,,,,,,False,False,elevated,,Hazard ratio,0.0,447.89,0.0,0.0,4259.63,0.0,Exposed group,Unexposed group,0.0,0.0,Unexposed group
1091,analysis,MDD diagnosis,analysis,MDD diagnosis,366.3,366.3,Traumatic cataract,sense organs,Diseases of the sense organs,sense organs,Diseases of the sense organs,#5DA5DA,Both,0.0,,,,,,,,,,False,False,elevated,,Hazard ratio,0.0,452.82,0.0,2.0,4336.98,0.0,Exposed group,Unexposed group,0.0,0.0,Unexposed group
194,analysis,MDD diagnosis,analysis,MDD diagnosis,385.5,385.5,Tympanosclerosis and middle ear disease related to otitis media,sense organs,Diseases of the sense organs,sense organs,Diseases of the sense organs,#5DA5DA,Both,0.0,,,,,,,,,,False,False,elevated,,Hazard ratio,0.0,462.48,0.0,4.0,4491.49,0.0,Exposed group,Unexposed group,0.0,0.0,Unexposed group
1107,analysis,MDD diagnosis,analysis,MDD diagnosis,368.4,368.4,Visual field defects,sense organs,Diseases of the sense organs,sense organs,Diseases of the sense organs,#5DA5DA,Both,0.0,,,,,,,,,,False,False,elevated,,Hazard ratio,0.0,464.49,0.0,5.0,4538.04,0.0,Exposed group,Unexposed group,0.0,0.0,Unexposed group
17,analysis,MDD diagnosis,analysis,MDD diagnosis,276.1,276.1,Electrolyte imbalance,endocrine/metabolic,Endocrine/metabolic diseases,endocrine/metabolic,Endocrine/metabolic diseases,#ED9A8D,Both,630.0,0.8487825324106838,0.0461220572385436,2.33680014095412,2.33680014095412,2.33680014095412,2.134822062728669,2.5578876076367547,1.243731666194551e-75,8.26193178257809e-75,True,True,elevated,,Hazard ratio,630.0,464.37,1.36,2636.0,4560.59,0.58,Exposed group,Unexposed group,1.36,0.58,Unexposed group
30,analysis,MDD diagnosis,analysis,MDD diagnosis,276.5,276.5,Hypovolemia,endocrine/metabolic,Endocrine/metabolic diseases,endocrine/metabolic,Endocrine/metabolic diseases,#ED9A8D,Both,390.0,1.078841928059954,0.0606181841542294,2.941271374142939,2.941271374142939,2.941271374142939,2.611775575379391,3.3123356301760425,7.411716181743722e-71,4.7537214131183874e-70,True,True,elevated,,Hazard ratio,390.0,465.63,0.84,1336.0,4565.16,0.29,Exposed group,Unexposed group,0.84,0.29,Unexposed group
15,analysis,MDD diagnosis,analysis,MDD diagnosis,278.1,278.1,Obesity,endocrine/metabolic,Endocrine/metabolic diseases,endocrine/metabolic,Endocrine/metabolic diseases,#ED9A8D,Both,669.0,0.7396174221685153,0.0441283204165609,2.095133809397375,2.095133809397375,2.095133809397375,1.9215380136589526,2.2844126153514903,4.737650645241369e-63,2.5917735882791017e-62,True,True,elevated,,Hazard ratio,669.0,459.83,1.45,2879.0,4506.08,0.64,Exposed group,Unexposed group,1.45,0.64,Unexposed group
90,analysis,MDD diagnosis,analysis,MDD diagnosis,250.2,250.2,Type 2 diabetes,endocrine/metabolic,Endocrine/metabolic diseases,endocrine/metabolic,Endocrine/metabolic diseases,#ED9A8D,Both,1933.0,0.3506606931659827,0.0250608690281312,1.4200054266153639,1.4200054266153639,1.4200054266153639,1.3519410706464072,1.491496527029072,1.7355644681685926e-44,7.017717197377352e-44,True,True,elevated,,Hazard ratio,1933.0,445.48,4.34,13014.0,4294.61,3.03,Exposed group,Unexposed group,4.34,3.03,Unexposed group
113,analysis,MDD diagnosis,analysis,MDD diagnosis,244.4,244.4,Hypothyroidism NOS,endocrine/metabolic,Endocrine/metabolic diseases,endocrine/metabolic,Endocrine/metabolic diseases,#ED9A8D,Both,362.0,0.7601837827493626,0.059571498332834,2.138669234893045,2.138669234893045,2.138669234893045,1.902984885868821,2.403543049786102,2.711768104973274e-37,9.516771085377904e-37,True,True,elevated,,Hazard ratio,362.0,456.93,0.79,1613.0,4433.53,0.36,Exposed group,Unexposed group,0.79,0.36,Unexposed group
128,analysis,MDD diagnosis,analysis,MDD diagnosis,252.1,252.1,Hyperparathyroidism,endocrine/metabolic,Endocrine/metabolic diseases,endocrine/metabolic,Endocrine/metabolic diseases,#ED9A8D,Both,313.0,0.5835205928995381,0.0628154657777072,1.7923374265615253,1.7923374265615253,1.7923374265615253,1.5847113544298157,2.0271662985648566,1.5510006229964847e-20,4.063184730666847e-20,True,True,elevated,,Hazard ratio,313.0,461.3,0.68,1712.0,4507.11,0.38,Exposed group,Unexposed group,0.68,0.38,Unexposed group
138,analysis,MDD diagnosis,analysis,MDD diagnosis,274.1,274.1,Gout,endocrine/metabolic,Endocrine/metabolic diseases,endocrine/metabolic,Endocrine/metabolic diseases,#ED9A8D,Both,319.0,0.293803499868358,0.0608586174708046,1.3415202688562515,1.3415202688562515,1.3415202688562515,1.190675281503883,1.5114755968386837,1.3816051431552192e-06,1.9920818343168275e-06,True,True,elevated,,Hazard ratio,319.0,466.29,0.68,2464.0,4567.27,0.54,Exposed group,Unexposed group,0.68,0.54,Unexposed group
32,analysis,MDD diagnosis,analysis,MDD diagnosis,272.1,272.1,Hyperlipidemia,endocrine/metabolic,Endocrine/metabolic diseases,endocrine/metabolic,Endocrine/metabolic diseases,#ED9A8D,Both,334.0,0.2500946162901094,0.0593067862002291,1.2841469121567093,1.2841469121567093,1.2841469121567093,1.1432251137552174,1.4424397016480304,2.476128590382118e-05,3.43701431202294e-05,True,True,elevated,,Hazard ratio,334.0,465.7,0.72,2559.0,4561.31,0.56,Exposed group,Unexposed group,0.72,0.56,Unexposed group
185,analysis,MDD diagnosis,analysis,MDD diagnosis,250.7,250.7,Diabetic retinopathy,endocrine/metabolic,Endocrine/metabolic diseases,endocrine/metabolic,Endocrine/metabolic diseases,#ED9A8D,Both,270.0,0.2705807724589441,0.0662239743449319,1.3107254629745138,1.3107254629745138,1.3107254629745138,1.1511734146689971,1.492391343821764,4.391703883405994e-05,5.919253060242862e-05,True,True,elevated,,Hazard ratio,270.0,446.05,0.61,1934.0,4245.87,0.46,Exposed group,Unexposed group,0.61,0.46,Unexposed group
151,analysis,MDD diagnosis,analysis,MDD diagnosis,250.1,250.1,Type 1 diabetes,endocrine/metabolic,Endocrine/metabolic diseases,endocrine/metabolic,Endocrine/metabolic diseases,#ED9A8D,Both,280.0,0.1421735623727798,0.0644918780690305,1.1527767098359902,1.1527767098359902,1.1527767098359902,1.0158944757967872,1.308102538600785,0.0274878741439323,0.0327740037869963,True,True,elevated,,Hazard ratio,280.0,452.15,0.62,2333.0,4340.95,0.54,Exposed group,Unexposed group,0.62,0.54,Unexposed group
484,analysis,MDD diagnosis,analysis,MDD diagnosis,250.4,250.4,Abnormal glucose,endocrine/metabolic,Endocrine/metabolic diseases,endocrine/metabolic,Endocrine/metabolic diseases,#ED9A8D,Both,0.0,,,,,,,,,,False,False,elevated,,Hazard ratio,0.0,454.03,0.0,0.0,4357.71,0.0,Exposed group,Unexposed group,0.0,0.0,Unexposed group
798,analysis,MDD diagnosis,analysis,MDD diagnosis,246.7,246.7,Abnormal results of function study of thyroid,endocrine/metabolic,Endocrine/metabolic diseases,endocrine/metabolic,Endocrine/metabolic diseases,#ED9A8D,Both,0.0,,,,,,,,,,False,False,elevated,,Hazard ratio,0.0,458.57,0.0,0.0,4440.82,0.0,Exposed group,Unexposed group,0.0,0.0,Unexposed group
327,analysis,MDD diagnosis,analysis,MDD diagnosis,278.4,278.4,Abnormal weight gain,endocrine/metabolic,Endocrine/metabolic diseases,endocrine/metabolic,Endocrine/metabolic diseases,#ED9A8D,Both,0.0,,,,,,,,,,False,False,elevated,,Hazard ratio,0.0,462.95,0.0,0.0,4520.08,0.0,Exposed group,Unexposed group,0.0,0.0,Unexposed group
312,analysis,MDD diagnosis,analysis,MDD diagnosis,251.8,251.8,Abnormality of secretion of glucagon or gastrin,endocrine/metabolic,Endocrine/metabolic diseases,endocrine/metabolic,Endocrine/metabolic diseases,#ED9A8D,Both,0.0,,,,,,,,,,False,False,elevated,,Hazard ratio,0.0,463.11,0.0,2.0,4515.97,0.0,Exposed group,Unexposed group,0.0,0.0,Unexposed group
883,analysis,MDD diagnosis,analysis,MDD diagnosis,276.4,276.4,Acid-base balance disorder,endocrine/metabolic,Endocrine/metabolic diseases,endocrine/metabolic,Endocrine/metabolic diseases,#ED9A8D,Both,39.0,,,,,,,,,,False,False,elevated,,Hazard ratio,39.0,466.58,0.08,232.0,4567.65,0.05,Exposed group,Unexposed group,0.08,0.05,Unexposed group
994,analysis,MDD diagnosis,analysis,MDD diagnosis,244.2,244.2,Acquired hypothyroidism,endocrine/metabolic,Endocrine/metabolic diseases,endocrine/metabolic,Endocrine/metabolic diseases,#ED9A8D,Both,16.0,,,,,,,,,,False,False,elevated,,Hazard ratio,16.0,458.44,0.03,89.0,4440.2,0.02,Exposed group,Unexposed group,0.03,0.02,Unexposed group
1073,analysis,MDD diagnosis,analysis,MDD diagnosis,255.1,255.1,Adrenal hyperfunction,endocrine/metabolic,Endocrine/metabolic diseases,endocrine/metabolic,Endocrine/metabolic diseases,#ED9A8D,Both,25.0,,,,,,,,,,False,False,elevated,,Hazard ratio,25.0,462.96,0.05,194.0,4514.8,0.04,Exposed group,Unexposed group,0.05,0.04,Unexposed group
638,analysis,MDD diagnosis,analysis,MDD diagnosis,255.2,255.2,Adrenal hypofunction,endocrine/metabolic,Endocrine/metabolic diseases,endocrine/metabolic,Endocrine/metabolic diseases,#ED9A8D,Both,36.0,,,,,,,,,,False,False,elevated,,Hazard ratio,36.0,462.97,0.08,190.0,4515.16,0.04,Exposed group,Unexposed group,0.08,0.04,Unexposed group
621,analysis,MDD diagnosis,analysis,MDD diagnosis,255.3,255.3,Adrenogenital disorders,endocrine/metabolic,Endocrine/metabolic diseases,endocrine/metabolic,Endocrine/metabolic diseases,#ED9A8D,Both,2.0,,,,,,,,,,False,False,elevated,,Hazard ratio,2.0,463.09,0.0,16.0,4515.89,0.0,Exposed group,Unexposed group,0.0,0.0,Unexposed group
376,analysis,MDD diagnosis,analysis,MDD diagnosis,260.3,260.3,Adult failure to thrive,endocrine/metabolic,Endocrine/metabolic diseases,endocrine/metabolic,Endocrine/metabolic diseases,#ED9A8D,Both,0.0,,,,,,,,,,False,False,elevated,,Hazard ratio,0.0,467.88,0.0,0.0,4585.15,0.0,Exposed group,Unexposed group,0.0,0.0,Unexposed group
610,analysis,MDD diagnosis,analysis,MDD diagnosis,260.6,260.6,Anorexia,endocrine/metabolic,Endocrine/metabolic diseases,endocrine/metabolic,Endocrine/metabolic diseases,#ED9A8D,Both,0.0,,,,,,,,,,False,False,elevated,,Hazard ratio,0.0,467.88,0.0,0.0,4585.15,0.0,Exposed group,Unexposed group,0.0,0.0,Unexposed group
420,analysis,MDD diagnosis,analysis,MDD diagnosis,253.4,253.4,Anterior pituitary disorders,endocrine/metabolic,Endocrine/metabolic diseases,endocrine/metabolic,Endocrine/metabolic diseases,#ED9A8D,Both,0.0,,,,,,,,,,False,False,elevated,,Hazard ratio,0.0,463.11,0.0,0.0,4515.99,0.0,Exposed group,Unexposed group,0.0,0.0,Unexposed group
857,analysis,MDD diagnosis,analysis,MDD diagnosis,279.2,279.2,Autoimmune disease NEC,endocrine/metabolic,Endocrine/metabolic diseases,endocrine/metabolic,Endocrine/metabolic diseases,#ED9A8D,Both,0.0,,,,,,,,,,False,False,elevated,,Hazard ratio,0.0,468.2,0.0,0.0,4589.28,0.0,Exposed group,Unexposed group,0.0,0.0,Unexposed group
595,analysis,MDD diagnosis,analysis,MDD diagnosis,260.1,260.1,Cachexia,endocrine/metabolic,Endocrine/metabolic diseases,endocrine/metabolic,Endocrine/metabolic diseases,#ED9A8D,Both,0.0,,,,,,,,,,False,False,elevated,,Hazard ratio,0.0,467.88,0.0,0.0,4585.15,0.0,Exposed group,Unexposed group,0.0,0.0,Unexposed group
457,analysis,MDD diagnosis,analysis,MDD diagnosis,259.2,259.2,Carcinoid syndrome,endocrine/metabolic,Endocrine/metabolic diseases,endocrine/metabolic,Endocrine/metabolic diseases,#ED9A8D,Both,16.0,,,,,,,,,,False,False,elevated,,Hazard ratio,16.0,463.04,0.03,86.0,4515.59,0.02,Exposed group,Unexposed group,0.03,0.02,Unexposed group
943,analysis,MDD diagnosis,analysis,MDD diagnosis,277.8,277.8,Carnitine deficiencies,endocrine/metabolic,Endocrine/metabolic diseases,endocrine/metabolic,Endocrine/metabolic diseases,#ED9A8D,Both,0.0,,,,,,,,,,False,False,elevated,,Hazard ratio,0.0,468.13,0.0,0.0,4588.33,0.0,Exposed group,Unexposed group,0.0,0.0,Unexposed group
721,analysis,MDD diagnosis,analysis,MDD diagnosis,245.2,245.2,Chronic thyroiditis,endocrine/metabolic,Endocrine/metabolic diseases,endocrine/metabolic,Endocrine/metabolic diseases,#ED9A8D,Both,52.0,,,,,,,,,,False,False,elevated,,Hazard ratio,52.0,458.27,0.11,273.0,4439.15,0.06,Exposed group,Unexposed group,0.11,0.06,Unexposed group
1045,analysis,MDD diagnosis,analysis,MDD diagnosis,244.5,244.5,Congenital hypothyroidism,endocrine/metabolic,Endocrine/metabolic diseases,endocrine/metabolic,Endocrine/metabolic diseases,#ED9A8D,Both,6.0,,,,,,,,,,False,False,elevated,,Hazard ratio,6.0,458.55,0.01,30.0,4440.62,0.01,Exposed group,Unexposed group,0.01,0.01,Unexposed group
776,analysis,MDD diagnosis,analysis,MDD diagnosis,274.2,274.2,Crystal arthropathies,endocrine/metabolic,Endocrine/metabolic diseases,endocrine/metabolic,Endocrine/metabolic diseases,#ED9A8D,Both,75.0,,,,,,,,,,False,False,elevated,,Hazard ratio,75.0,467.24,0.16,544.0,4574.51,0.12,Exposed group,Unexposed group,0.16,0.12,Unexposed group
575,analysis,MDD diagnosis,analysis,MDD diagnosis,259.3,259.3,Delay in sexual development and puberty NEC,endocrine/metabolic,Endocrine/metabolic diseases,endocrine/metabolic,Endocrine/metabolic diseases,#ED9A8D,Both,0.0,,,,,,,,,,False,False,elevated,,Hazard ratio,0.0,463.11,0.0,1.0,4515.99,0.0,Exposed group,Unexposed group,0.0,0.0,Unexposed group
711,analysis,MDD diagnosis,analysis,MDD diagnosis,264.3,264.3,Delayed milestones,endocrine/metabolic,Endocrine/metabolic diseases,endocrine/metabolic,Endocrine/metabolic diseases,#ED9A8D,Both,0.0,,,,,,,,,,False,False,elevated,,Hazard ratio,0.0,467.88,0.0,0.0,4585.15,0.0,Exposed group,Unexposed group,0.0,0.0,Unexposed group
506,analysis,MDD diagnosis,analysis,MDD diagnosis,253.3,253.3,Diabetes insipidus,endocrine/metabolic,Endocrine/metabolic diseases,endocrine/metabolic,Endocrine/metabolic diseases,#ED9A8D,Both,8.0,,,,,,,,,,False,False,elevated,,Hazard ratio,8.0,463.07,0.02,42.0,4515.76,0.01,Exposed group,Unexposed group,0.02,0.01,Unexposed group
278,analysis,MDD diagnosis,analysis,MDD diagnosis,254,254.0,Diseases of thymus gland,endocrine/metabolic,Endocrine/metabolic diseases,endocrine/metabolic,Endocrine/metabolic diseases,#ED9A8D,Both,1.0,,,,,,,,,,False,False,elevated,,Hazard ratio,1.0,463.09,0.0,5.0,4515.97,0.0,Exposed group,Unexposed group,0.0,0.0,Unexposed group
724,analysis,MDD diagnosis,analysis,MDD diagnosis,270.2,270.2,Disorders of amino-acid metabolism,endocrine/metabolic,Endocrine/metabolic diseases,endocrine/metabolic,Endocrine/metabolic diseases,#ED9A8D,Both,1.0,,,,,,,,,,False,False,elevated,,Hazard ratio,1.0,467.85,0.0,6.0,4582.61,0.0,Exposed group,Unexposed group,0.0,0.0,Unexposed group
867,analysis,MDD diagnosis,analysis,MDD diagnosis,277.4,277.4,Disorders of bilirubin excretion,endocrine/metabolic,Endocrine/metabolic diseases,endocrine/metabolic,Endocrine/metabolic diseases,#ED9A8D,Both,5.0,,,,,,,,,,False,False,elevated,,Hazard ratio,5.0,468.11,0.01,35.0,4588.17,0.01,Exposed group,Unexposed group,0.01,0.01,Unexposed group
963,analysis,MDD diagnosis,analysis,MDD diagnosis,275.5,275.5,Disorders of calcium/phosphorus metabolism,endocrine/metabolic,Endocrine/metabolic diseases,endocrine/metabolic,Endocrine/metabolic diseases,#ED9A8D,Both,133.0,,,,,,,,,,False,False,elevated,,Hazard ratio,133.0,467.35,0.28,665.0,4582.08,0.15,Exposed group,Unexposed group,0.28,0.15,Unexposed group
372,analysis,MDD diagnosis,analysis,MDD diagnosis,275.2,275.2,Disorders of copper metabolism,endocrine/metabolic,Endocrine/metabolic diseases,endocrine/metabolic,Endocrine/metabolic diseases,#ED9A8D,Both,2.0,,,,,,,,,,False,False,elevated,,Hazard ratio,2.0,467.84,0.0,13.0,4583.86,0.0,Exposed group,Unexposed group,0.0,0.0,Unexposed group
1018,analysis,MDD diagnosis,analysis,MDD diagnosis,275.3,275.3,Disorders of magnesium metabolism,endocrine/metabolic,Endocrine/metabolic diseases,endocrine/metabolic,Endocrine/metabolic diseases,#ED9A8D,Both,2.0,,,,,,,,,,False,False,elevated,,Hazard ratio,2.0,467.84,0.0,8.0,4583.89,0.0,Exposed group,Unexposed group,0.0,0.0,Unexposed group
949,analysis,MDD diagnosis,analysis,MDD diagnosis,270.3,270.3,Disorders of plasma protein metabolism,endocrine/metabolic,Endocrine/metabolic diseases,endocrine/metabolic,Endocrine/metabolic diseases,#ED9A8D,Both,143.0,,,,,,,,,,False,False,elevated,,Hazard ratio,143.0,467.25,0.31,1263.0,4577.36,0.28,Exposed group,Unexposed group,0.31,0.28,Unexposed group
240,analysis,MDD diagnosis,analysis,MDD diagnosis,277.1,277.1,Disorders of porphyrin metabolism,endocrine/metabolic,Endocrine/metabolic diseases,endocrine/metabolic,Endocrine/metabolic diseases,#ED9A8D,Both,9.0,,,,,,,,,,False,False,elevated,,Hazard ratio,9.0,468.07,0.02,101.0,4587.7,0.02,Exposed group,Unexposed group,0.02,0.02,Unexposed group
1090,analysis,MDD diagnosis,analysis,MDD diagnosis,270.1,270.1,Disturbances of amino-acid transport,endocrine/metabolic,Endocrine/metabolic diseases,endocrine/metabolic,Endocrine/metabolic diseases,#ED9A8D,Both,2.0,,,,,,,,,,False,False,elevated,,Hazard ratio,2.0,467.85,0.0,25.0,4582.54,0.01,Exposed group,Unexposed group,0.0,0.01,Unexposed group
238,analysis,MDD diagnosis,analysis,MDD diagnosis,277.7,277.7,Dysmetabolic syndrome X,endocrine/metabolic,Endocrine/metabolic diseases,endocrine/metabolic,Endocrine/metabolic diseases,#ED9A8D,Both,0.0,,,,,,,,,,False,False,elevated,,Hazard ratio,0.0,468.13,0.0,0.0,4588.33,0.0,Exposed group,Unexposed group,0.0,0.0,Unexposed group
279,analysis,MDD diagnosis,analysis,MDD diagnosis,242.3,242.3,Exophthalmos,endocrine/metabolic,Endocrine/metabolic diseases,endocrine/metabolic,Endocrine/metabolic diseases,#ED9A8D,Both,0.0,,,,,,,,,,False,False,elevated,,Hazard ratio,0.0,458.57,0.0,1.0,4440.79,0.0,Exposed group,Unexposed group,0.0,0.0,Unexposed group
584,analysis,MDD diagnosis,analysis,MDD diagnosis,264.2,264.2,Failure to thrive (childhood),endocrine/metabolic,Endocrine/metabolic diseases,endocrine/metabolic,Endocrine/metabolic diseases,#ED9A8D,Both,0.0,,,,,,,,,,False,False,elevated,,Hazard ratio,0.0,467.88,0.0,0.0,4585.15,0.0,Exposed group,Unexposed group,0.0,0.0,Unexposed group
1017,analysis,MDD diagnosis,analysis,MDD diagnosis,276.6,276.6,Fluid overload,endocrine/metabolic,Endocrine/metabolic diseases,endocrine/metabolic,Endocrine/metabolic diseases,#ED9A8D,Both,27.0,,,,,,,,,,False,False,elevated,,Hazard ratio,27.0,466.51,0.06,90.0,4567.68,0.02,Exposed group,Unexposed group,0.06,0.02,Unexposed group
1051,analysis,MDD diagnosis,analysis,MDD diagnosis,250.5,250.5,Glycosuria or Acetonuria,endocrine/metabolic,Endocrine/metabolic diseases,endocrine/metabolic,Endocrine/metabolic diseases,#ED9A8D,Both,0.0,,,,,,,,,,False,False,elevated,,Hazard ratio,0.0,454.03,0.0,0.0,4357.71,0.0,Exposed group,Unexposed group,0.0,0.0,Unexposed group
991,analysis,MDD diagnosis,analysis,MDD diagnosis,242.1,242.1,Graves' disease,endocrine/metabolic,Endocrine/metabolic diseases,endocrine/metabolic,Endocrine/metabolic diseases,#ED9A8D,Both,195.0,,,,,,,,,,False,False,elevated,,Hazard ratio,195.0,457.47,0.43,1475.0,4431.97,0.33,Exposed group,Unexposed group,0.43,0.33,Unexposed group
207,analysis,MDD diagnosis,analysis,MDD diagnosis,275.6,275.6,Hypercalcemia,endocrine/metabolic,Endocrine/metabolic diseases,endocrine/metabolic,Endocrine/metabolic diseases,#ED9A8D,Both,0.0,,,,,,,,,,False,False,elevated,,Hazard ratio,0.0,467.85,0.0,0.0,4583.93,0.0,Exposed group,Unexposed group,0.0,0.0,Unexposed group
923,analysis,MDD diagnosis,analysis,MDD diagnosis,256.1,256.1,Hyperestrogenism,endocrine/metabolic,Endocrine/metabolic diseases,endocrine/metabolic,Endocrine/metabolic diseases,#ED9A8D,Both,0.0,,,,,,,,,,False,False,elevated,,Hazard ratio,0.0,463.11,0.0,0.0,4515.99,0.0,Exposed group,Unexposed group,0.0,0.0,Unexposed group
318,analysis,MDD diagnosis,analysis,MDD diagnosis,251.1,251.1,Hypoglycemia,endocrine/metabolic,Endocrine/metabolic diseases,endocrine/metabolic,Endocrine/metabolic diseases,#ED9A8D,Both,87.0,,,,,,,,,,False,False,elevated,,Hazard ratio,87.0,449.32,0.19,486.0,4295.36,0.11,Exposed group,Unexposed group,0.19,0.11,Unexposed group
708,analysis,MDD diagnosis,analysis,MDD diagnosis,252.2,252.2,Hypoparathyroidism,endocrine/metabolic,Endocrine/metabolic diseases,endocrine/metabolic,Endocrine/metabolic diseases,#ED9A8D,Both,14.0,,,,,,,,,,False,False,elevated,,Hazard ratio,14.0,463.02,0.03,99.0,4515.4,0.02,Exposed group,Unexposed group,0.03,0.02,Unexposed group
611,analysis,MDD diagnosis,analysis,MDD diagnosis,279.1,279.1,Immunity deficiency,endocrine/metabolic,Endocrine/metabolic diseases,endocrine/metabolic,Endocrine/metabolic diseases,#ED9A8D,Both,51.0,,,,,,,,,,False,False,elevated,,Hazard ratio,51.0,467.96,0.11,269.0,4587.92,0.06,Exposed group,Unexposed group,0.11,0.06,Unexposed group
636,analysis,MDD diagnosis,analysis,MDD diagnosis,250.3,250.3,Insulin pump user,endocrine/metabolic,Endocrine/metabolic diseases,endocrine/metabolic,Endocrine/metabolic diseases,#ED9A8D,Both,0.0,,,,,,,,,,False,False,elevated,,Hazard ratio,0.0,454.03,0.0,0.0,4357.71,0.0,Exposed group,Unexposed group,0.0,0.0,Unexposed group
272,analysis,MDD diagnosis,analysis,MDD diagnosis,271.3,271.3,Intestinal disaccharidase deficiencies and disaccharide malabsorption,endocrine/metabolic,Endocrine/metabolic diseases,endocrine/metabolic,Endocrine/metabolic diseases,#ED9A8D,Both,7.0,,,,,,,,,,False,False,elevated,,Hazard ratio,7.0,468.4,0.01,34.0,4592.89,0.01,Exposed group,Unexposed group,0.01,0.01,Unexposed group
400,analysis,MDD diagnosis,analysis,MDD diagnosis,244.3,244.3,Iodine hypothyroidism,endocrine/metabolic,Endocrine/metabolic diseases,endocrine/metabolic,Endocrine/metabolic diseases,#ED9A8D,Both,0.0,,,,,,,,,,False,False,elevated,,Hazard ratio,0.0,458.57,0.0,0.0,4440.82,0.0,Exposed group,Unexposed group,0.0,0.0,Unexposed group
1126,analysis,MDD diagnosis,analysis,MDD diagnosis,264.9,264.9,"Lack of normal physiological development, unspecified",endocrine/metabolic,Endocrine/metabolic diseases,endocrine/metabolic,Endocrine/metabolic diseases,#ED9A8D,Both,0.0,,,,,,,,,,False,False,elevated,,Hazard ratio,0.0,467.88,0.0,0.0,4585.15,0.0,Exposed group,Unexposed group,0.0,0.0,Unexposed group
903,analysis,MDD diagnosis,analysis,MDD diagnosis,278.3,278.3,Localized adiposity,endocrine/metabolic,Endocrine/metabolic diseases,endocrine/metabolic,Endocrine/metabolic diseases,#ED9A8D,Both,50.0,,,,,,,,,,False,False,elevated,,Hazard ratio,50.0,462.64,0.11,234.0,4518.7,0.05,Exposed group,Unexposed group,0.11,0.05,Unexposed group
885,analysis,MDD diagnosis,analysis,MDD diagnosis,262,262.0,Mineral deficiency NEC,endocrine/metabolic,Endocrine/metabolic diseases,endocrine/metabolic,Endocrine/metabolic diseases,#ED9A8D,Both,15.0,,,,,,,,,,False,False,elevated,,Hazard ratio,15.0,467.82,0.03,53.0,4584.96,0.01,Exposed group,Unexposed group,0.03,0.01,Unexposed group
879,analysis,MDD diagnosis,analysis,MDD diagnosis,259.1,259.1,Nonspecific abnormal results of other endocrine function study,endocrine/metabolic,Endocrine/metabolic diseases,endocrine/metabolic,Endocrine/metabolic diseases,#ED9A8D,Both,0.0,,,,,,,,,,False,False,elevated,,Hazard ratio,0.0,463.11,0.0,0.0,4515.99,0.0,Exposed group,Unexposed group,0.0,0.0,Unexposed group
1111,analysis,MDD diagnosis,analysis,MDD diagnosis,241.2,241.2,Nontoxic multinodular goiter,endocrine/metabolic,Endocrine/metabolic diseases,endocrine/metabolic,Endocrine/metabolic diseases,#ED9A8D,Both,165.0,,,,,,,,,,False,False,elevated,,Hazard ratio,165.0,457.53,0.36,1543.0,4432.34,0.35,Exposed group,Unexposed group,0.36,0.35,Unexposed group
815,analysis,MDD diagnosis,analysis,MDD diagnosis,241.1,241.1,Nontoxic uninodular goiter,endocrine/metabolic,Endocrine/metabolic diseases,endocrine/metabolic,Endocrine/metabolic diseases,#ED9A8D,Both,70.0,,,,,,,,,,False,False,elevated,,Hazard ratio,70.0,458.18,0.15,657.0,4436.81,0.15,Exposed group,Unexposed group,0.15,0.15,Unexposed group
1086,analysis,MDD diagnosis,analysis,MDD diagnosis,277.6,277.6,Other deficiencies of circulating enzymes,endocrine/metabolic,Endocrine/metabolic diseases,endocrine/metabolic,Endocrine/metabolic diseases,#ED9A8D,Both,0.0,,,,,,,,,,False,False,elevated,,Hazard ratio,0.0,468.13,0.0,5.0,4588.31,0.0,Exposed group,Unexposed group,0.0,0.0,Unexposed group
498,analysis,MDD diagnosis,analysis,MDD diagnosis,271.9,271.9,Other disorders of carbohydrate transport and metabolism,endocrine/metabolic,Endocrine/metabolic diseases,endocrine/metabolic,Endocrine/metabolic diseases,#ED9A8D,Both,2.0,,,,,,,,,,False,False,elevated,,Hazard ratio,2.0,468.41,0.0,7.0,4593.06,0.0,Exposed group,Unexposed group,0.0,0.0,Unexposed group
633,analysis,MDD diagnosis,analysis,MDD diagnosis,277.5,277.5,Other disorders of lipoid metabolism,endocrine/metabolic,Endocrine/metabolic diseases,endocrine/metabolic,Endocrine/metabolic diseases,#ED9A8D,Both,15.0,,,,,,,,,,False,False,elevated,,Hazard ratio,15.0,468.06,0.03,102.0,4587.87,0.02,Exposed group,Unexposed group,0.03,0.02,Unexposed group
298,analysis,MDD diagnosis,analysis,MDD diagnosis,253.7,253.7,Other disorders of neurohypophysis,endocrine/metabolic,Endocrine/metabolic diseases,endocrine/metabolic,Endocrine/metabolic diseases,#ED9A8D,Both,28.0,,,,,,,,,,False,False,elevated,,Hazard ratio,28.0,463.0,0.06,91.0,4515.78,0.02,Exposed group,Unexposed group,0.06,0.02,Unexposed group
870,analysis,MDD diagnosis,analysis,MDD diagnosis,277.2,277.2,Other disorders of purine and pyrimidine metabolism,endocrine/metabolic,Endocrine/metabolic diseases,endocrine/metabolic,Endocrine/metabolic diseases,#ED9A8D,Both,0.0,,,,,,,,,,False,False,elevated,,Hazard ratio,0.0,468.13,0.0,4.0,4588.31,0.0,Exposed group,Unexposed group,0.0,0.0,Unexposed group
922,analysis,MDD diagnosis,analysis,MDD diagnosis,279.7,279.7,Other immunological findings,endocrine/metabolic,Endocrine/metabolic diseases,endocrine/metabolic,Endocrine/metabolic diseases,#ED9A8D,Both,0.0,,,,,,,,,,False,False,elevated,,Hazard ratio,0.0,468.2,0.0,0.0,4589.28,0.0,Exposed group,Unexposed group,0.0,0.0,Unexposed group
944,analysis,MDD diagnosis,analysis,MDD diagnosis,263,263.0,Other nutritional deficiency,endocrine/metabolic,Endocrine/metabolic diseases,endocrine/metabolic,Endocrine/metabolic diseases,#ED9A8D,Both,46.0,,,,,,,,,,False,False,elevated,,Hazard ratio,46.0,467.76,0.1,145.0,4584.83,0.03,Exposed group,Unexposed group,0.1,0.03,Unexposed group
1048,analysis,MDD diagnosis,analysis,MDD diagnosis,279.8,279.8,Other specified disorders involving the immune mechanism,endocrine/metabolic,Endocrine/metabolic diseases,endocrine/metabolic,Endocrine/metabolic diseases,#ED9A8D,Both,0.0,,,,,,,,,,False,False,elevated,,Hazard ratio,0.0,468.2,0.0,0.0,4589.28,0.0,Exposed group,Unexposed group,0.0,0.0,Unexposed group
1020,analysis,MDD diagnosis,analysis,MDD diagnosis,253.5,253.5,Pituitary dwarfism,endocrine/metabolic,Endocrine/metabolic diseases,endocrine/metabolic,Endocrine/metabolic diseases,#ED9A8D,Both,0.0,,,,,,,,,,False,False,elevated,,Hazard ratio,0.0,463.11,0.0,0.0,4515.99,0.0,Exposed group,Unexposed group,0.0,0.0,Unexposed group
316,analysis,MDD diagnosis,analysis,MDD diagnosis,253.1,253.1,Pituitary hyperfunction,endocrine/metabolic,Endocrine/metabolic diseases,endocrine/metabolic,Endocrine/metabolic diseases,#ED9A8D,Both,46.0,,,,,,,,,,False,False,elevated,,Hazard ratio,46.0,462.84,0.1,287.0,4514.38,0.06,Exposed group,Unexposed group,0.1,0.06,Unexposed group
1032,analysis,MDD diagnosis,analysis,MDD diagnosis,253.2,253.2,Pituitary hypofunction,endocrine/metabolic,Endocrine/metabolic diseases,endocrine/metabolic,Endocrine/metabolic diseases,#ED9A8D,Both,94.0,,,,,,,,,,False,False,elevated,,Hazard ratio,94.0,462.64,0.2,282.0,4514.56,0.06,Exposed group,Unexposed group,0.2,0.06,Unexposed group
684,analysis,MDD diagnosis,analysis,MDD diagnosis,256.4,256.4,Polycystic ovaries,endocrine/metabolic,Endocrine/metabolic diseases,endocrine/metabolic,Endocrine/metabolic diseases,#ED9A8D,Female,1.0,,,,,,,,,,False,False,elevated,,Hazard ratio,1.0,278.6,0.0,6.0,2696.05,0.0,Exposed group,Unexposed group,0.0,0.0,Unexposed group
675,analysis,MDD diagnosis,analysis,MDD diagnosis,276.8,276.8,Polydipsia,endocrine/metabolic,Endocrine/metabolic diseases,endocrine/metabolic,Endocrine/metabolic diseases,#ED9A8D,Both,0.0,,,,,,,,,,False,False,elevated,,Hazard ratio,0.0,466.61,0.0,0.0,4567.88,0.0,Exposed group,Unexposed group,0.0,0.0,Unexposed group
813,analysis,MDD diagnosis,analysis,MDD diagnosis,259.8,259.8,Polyglandular activity in multiple endocrine adenomatosis,endocrine/metabolic,Endocrine/metabolic diseases,endocrine/metabolic,Endocrine/metabolic diseases,#ED9A8D,Both,0.0,,,,,,,,,,False,False,elevated,,Hazard ratio,0.0,463.11,0.0,1.0,4515.98,0.0,Exposed group,Unexposed group,0.0,0.0,Unexposed group
960,analysis,MDD diagnosis,analysis,MDD diagnosis,250.6,250.6,Polyneuropathy in diabetes,endocrine/metabolic,Endocrine/metabolic diseases,endocrine/metabolic,Endocrine/metabolic diseases,#ED9A8D,Both,4.0,,,,,,,,,,False,False,elevated,,Hazard ratio,4.0,454.0,0.01,14.0,4357.67,0.0,Exposed group,Unexposed group,0.01,0.0,Unexposed group
658,analysis,MDD diagnosis,analysis,MDD diagnosis,260.7,260.7,Polyphagia,endocrine/metabolic,Endocrine/metabolic diseases,endocrine/metabolic,Endocrine/metabolic diseases,#ED9A8D,Both,0.0,,,,,,,,,,False,False,elevated,,Hazard ratio,0.0,467.88,0.0,0.0,4585.15,0.0,Exposed group,Unexposed group,0.0,0.0,Unexposed group
524,analysis,MDD diagnosis,analysis,MDD diagnosis,258.1,258.1,Postablative ovarian failure,endocrine/metabolic,Endocrine/metabolic diseases,endocrine/metabolic,Endocrine/metabolic diseases,#ED9A8D,Female,0.0,,,,,,,,,,False,False,elevated,,Hazard ratio,0.0,278.61,0.0,4.0,2696.09,0.0,Exposed group,Unexposed group,0.0,0.0,Unexposed group
195,analysis,MDD diagnosis,analysis,MDD diagnosis,259.4,259.4,Precocious sexual development and puberty NEC,endocrine/metabolic,Endocrine/metabolic diseases,endocrine/metabolic,Endocrine/metabolic diseases,#ED9A8D,Both,0.0,,,,,,,,,,False,False,elevated,,Hazard ratio,0.0,463.11,0.0,0.0,4515.99,0.0,Exposed group,Unexposed group,0.0,0.0,Unexposed group
299,analysis,MDD diagnosis,analysis,MDD diagnosis,269,269.0,Proteinuria,endocrine/metabolic,Endocrine/metabolic diseases,endocrine/metabolic,Endocrine/metabolic diseases,#ED9A8D,Both,36.0,,,,,,,,,,False,False,elevated,,Hazard ratio,36.0,467.6,0.08,175.0,4581.59,0.04,Exposed group,Unexposed group,0.08,0.04,Unexposed group
540,analysis,MDD diagnosis,analysis,MDD diagnosis,249,249.0,Secondary diabetes mellitus,endocrine/metabolic,Endocrine/metabolic diseases,endocrine/metabolic,Endocrine/metabolic diseases,#ED9A8D,Both,1.0,,,,,,,,,,False,False,elevated,,Hazard ratio,1.0,454.01,0.0,7.0,4357.67,0.0,Exposed group,Unexposed group,0.0,0.0,Unexposed group
297,analysis,MDD diagnosis,analysis,MDD diagnosis,244.1,244.1,Secondary hypothyroidism,endocrine/metabolic,Endocrine/metabolic diseases,endocrine/metabolic,Endocrine/metabolic diseases,#ED9A8D,Both,65.0,,,,,,,,,,False,False,elevated,,Hazard ratio,65.0,458.19,0.14,400.0,4438.7,0.09,Exposed group,Unexposed group,0.14,0.09,Unexposed group
217,analysis,MDD diagnosis,analysis,MDD diagnosis,264.1,264.1,Short stature,endocrine/metabolic,Endocrine/metabolic diseases,endocrine/metabolic,Endocrine/metabolic diseases,#ED9A8D,Both,0.0,,,,,,,,,,False,False,elevated,,Hazard ratio,0.0,467.88,0.0,0.0,4585.15,0.0,Exposed group,Unexposed group,0.0,0.0,Unexposed group
1029,analysis,MDD diagnosis,analysis,MDD diagnosis,240,240.0,Simple and unspecified goiter,endocrine/metabolic,Endocrine/metabolic diseases,endocrine/metabolic,Endocrine/metabolic diseases,#ED9A8D,Both,185.0,,,,,,,,,,False,False,elevated,,Hazard ratio,185.0,457.48,0.4,1632.0,4431.25,0.37,Exposed group,Unexposed group,0.4,0.37,Unexposed group
1110,analysis,MDD diagnosis,analysis,MDD diagnosis,257.1,257.1,Testicular hypofunction,endocrine/metabolic,Endocrine/metabolic diseases,endocrine/metabolic,Endocrine/metabolic diseases,#ED9A8D,Male,77.0,,,,,,,,,,False,False,elevated,,Hazard ratio,77.0,184.19,0.42,271.0,1818.82,0.15,Exposed group,Unexposed group,0.42,0.15,Unexposed group
329,analysis,MDD diagnosis,analysis,MDD diagnosis,246.2,246.2,Thyroid cyst,endocrine/metabolic,Endocrine/metabolic diseases,endocrine/metabolic,Endocrine/metabolic diseases,#ED9A8D,Both,0.0,,,,,,,,,,False,False,elevated,,Hazard ratio,0.0,458.57,0.0,0.0,4440.82,0.0,Exposed group,Unexposed group,0.0,0.0,Unexposed group
1125,analysis,MDD diagnosis,analysis,MDD diagnosis,245.1,245.1,"Thyroiditis, acute and subacute",endocrine/metabolic,Endocrine/metabolic diseases,endocrine/metabolic,Endocrine/metabolic diseases,#ED9A8D,Both,18.0,,,,,,,,,,False,False,elevated,,Hazard ratio,18.0,458.46,0.04,161.0,4439.84,0.04,Exposed group,Unexposed group,0.04,0.04,Unexposed group
677,analysis,MDD diagnosis,analysis,MDD diagnosis,242.2,242.2,Toxic multinodular goiter,endocrine/metabolic,Endocrine/metabolic diseases,endocrine/metabolic,Endocrine/metabolic diseases,#ED9A8D,Both,56.0,,,,,,,,,,False,False,elevated,,Hazard ratio,56.0,458.29,0.12,676.0,4437.52,0.15,Exposed group,Unexposed group,0.12,0.15,Unexposed group
277,analysis,MDD diagnosis,analysis,MDD diagnosis,272.9,272.9,Unspecified disorder of lipoid metabolism,endocrine/metabolic,Endocrine/metabolic diseases,endocrine/metabolic,Endocrine/metabolic diseases,#ED9A8D,Both,19.0,,,,,,,,,,False,False,elevated,,Hazard ratio,19.0,466.99,0.04,151.0,4572.55,0.03,Exposed group,Unexposed group,0.04,0.03,Unexposed group
797,analysis,MDD diagnosis,analysis,MDD diagnosis,261.1,261.1,Vitamin A deficiency,endocrine/metabolic,Endocrine/metabolic diseases,endocrine/metabolic,Endocrine/metabolic diseases,#ED9A8D,Both,4.0,,,,,,,,,,False,False,elevated,,Hazard ratio,4.0,467.85,0.01,18.0,4585.02,0.0,Exposed group,Unexposed group,0.01,0.0,Unexposed group
311,analysis,MDD diagnosis,analysis,MDD diagnosis,261.2,261.2,Vitamin B-complex deficiencies,endocrine/metabolic,Endocrine/metabolic diseases,endocrine/metabolic,Endocrine/metabolic diseases,#ED9A8D,Both,49.0,,,,,,,,,,False,False,elevated,,Hazard ratio,49.0,467.66,0.1,190.0,4584.36,0.04,Exposed group,Unexposed group,0.1,0.04,Unexposed group
964,analysis,MDD diagnosis,analysis,MDD diagnosis,261.3,261.3,Vitamin C deficiencies,endocrine/metabolic,Endocrine/metabolic diseases,endocrine/metabolic,Endocrine/metabolic diseases,#ED9A8D,Both,0.0,,,,,,,,,,False,False,elevated,,Hazard ratio,0.0,467.88,0.0,0.0,4585.15,0.0,Exposed group,Unexposed group,0.0,0.0,Unexposed group
270,analysis,MDD diagnosis,analysis,MDD diagnosis,261.4,261.4,Vitamin D deficiency,endocrine/metabolic,Endocrine/metabolic diseases,endocrine/metabolic,Endocrine/metabolic diseases,#ED9A8D,Both,25.0,,,,,,,,,,False,False,elevated,,Hazard ratio,25.0,467.76,0.05,91.0,4584.76,0.02,Exposed group,Unexposed group,0.05,0.02,Unexposed group
401,analysis,MDD diagnosis,analysis,MDD diagnosis,260.2,260.2,severe protein-calorie malnutrition,endocrine/metabolic,Endocrine/metabolic diseases,endocrine/metabolic,Endocrine/metabolic diseases,#ED9A8D,Both,26.0,,,,,,,,,,False,False,elevated,,Hazard ratio,26.0,467.77,0.06,69.0,4584.94,0.02,Exposed group,Unexposed group,0.06,0.02,Unexposed group
64,analysis,MDD diagnosis,analysis,MDD diagnosis,591,591.0,Urinary tract infection,genitourinary,Genitourinary diseases,genitourinary,Genitourinary diseases,#E7CB94,Both,2367.0,0.619721413329023,0.0231082651874641,1.8584102414010784,1.8584102414010784,1.8584102414010784,1.7761164543469636,1.9445169920540228,1.9838376335142683e-158,2.6356699988118136e-157,True,True,elevated,,Hazard ratio,2367.0,444.0,5.33,12726.0,4317.07,2.95,Exposed group,Unexposed group,5.33,2.95,Unexposed group
74,analysis,MDD diagnosis,analysis,MDD diagnosis,599.4,599.4,Urinary incontinence,genitourinary,Genitourinary diseases,genitourinary,Genitourinary diseases,#E7CB94,Both,1720.0,0.5885009457018558,0.0268588655611344,1.8012861647262277,1.8012861647262277,1.8012861647262277,1.708913125310354,1.898652306649508,2.0466350533509912e-106,1.6551048692316711e-105,True,True,elevated,,Hazard ratio,1720.0,449.17,3.83,9474.0,4403.55,2.15,Exposed group,Unexposed group,3.83,2.15,Unexposed group
75,analysis,MDD diagnosis,analysis,MDD diagnosis,596.5,596.5,Functional disorders of bladder,genitourinary,Genitourinary diseases,genitourinary,Genitourinary diseases,#E7CB94,Both,433.0,0.9576295206214556,0.055592221431796,2.605512832781742,2.605512832781742,2.605512832781742,2.336534308148674,2.9054557847127365,1.6958317038148425e-66,9.857021778423774e-66,True,True,elevated,,Hazard ratio,433.0,460.56,0.94,1682.0,4500.07,0.37,Exposed group,Unexposed group,0.94,0.37,Unexposed group
67,analysis,MDD diagnosis,analysis,MDD diagnosis,590,590.0,Pyelonephritis,genitourinary,Genitourinary diseases,genitourinary,Genitourinary diseases,#E7CB94,Both,917.0,0.589056080481717,0.0369115838278951,1.8022863989314604,1.8022863989314604,1.8022863989314604,1.6765018261368283,1.9375083361872971,2.483582331266536e-57,1.2485035503123666e-56,True,True,elevated,,Hazard ratio,917.0,449.15,2.04,4990.0,4344.86,1.15,Exposed group,Unexposed group,2.04,1.15,Unexposed group
121,analysis,MDD diagnosis,analysis,MDD diagnosis,592.1,592.1,Cystitis,genitourinary,Genitourinary diseases,genitourinary,Genitourinary diseases,#E7CB94,Both,876.0,0.5850653142530353,0.0375993997817119,1.795108227964088,1.795108227964088,1.795108227964088,1.6675750256363842,1.9323949450937732,1.3504803637748088e-54,6.610245991108276e-54,True,True,elevated,,Hazard ratio,876.0,448.71,1.95,4850.0,4341.3,1.12,Exposed group,Unexposed group,1.95,1.12,Unexposed group
86,analysis,MDD diagnosis,analysis,MDD diagnosis,624.9,624.9,"stress incontinence, female",genitourinary,Genitourinary diseases,genitourinary,Genitourinary diseases,#E7CB94,Female,672.0,0.4684318972236037,0.042469298442432,1.5974872040028445,1.5974872040028445,1.5974872040028445,1.4698966207194124,1.736152958637197,2.7418535936762013e-28,8.94710120041708e-28,True,True,elevated,,Hazard ratio,672.0,266.46,2.52,4106.0,2565.41,1.6,Exposed group,Unexposed group,2.52,1.6,Unexposed group
152,analysis,MDD diagnosis,analysis,MDD diagnosis,614.5,614.5,"Inflammatory disease of cervix, vagina, and vulva",genitourinary,Genitourinary diseases,genitourinary,Genitourinary diseases,#E7CB94,Female,650.0,0.4411542437758899,0.0433176042594982,1.5545004558715219,1.5545004558715219,1.5545004558715219,1.4279669786099127,1.6922461818109684,2.333205396613144e-24,6.67655698107761e-24,True,True,elevated,,Hazard ratio,650.0,264.3,2.46,3868.0,2511.94,1.54,Exposed group,Unexposed group,2.46,1.54,Unexposed group
35,analysis,MDD diagnosis,analysis,MDD diagnosis,627.3,627.3,Postmenopausal atrophic vaginitis,genitourinary,Genitourinary diseases,genitourinary,Genitourinary diseases,#E7CB94,Female,1483.0,0.2497902697333458,0.0284955311166443,1.2837561459328095,1.2837561459328095,1.2837561459328095,1.214022260238486,1.3574955717010635,1.8521578261272913e-18,4.5329125744694224e-18,True,True,elevated,,Hazard ratio,1483.0,225.35,6.58,10285.0,1977.31,5.2,Exposed group,Unexposed group,6.58,5.2,Unexposed group
10,analysis,MDD diagnosis,analysis,MDD diagnosis,627.1,627.1,Postmenopausal bleeding,genitourinary,Genitourinary diseases,genitourinary,Genitourinary diseases,#E7CB94,Female,1211.0,0.2717086360542228,0.0315439181473517,1.3122046164925103,1.3122046164925103,1.3122046164925103,1.2335331809772285,1.3958935050130952,7.07633716662749e-18,1.6452483912408918e-17,True,True,elevated,,Hazard ratio,1211.0,224.81,5.39,7981.0,1973.67,4.04,Exposed group,Unexposed group,5.39,4.04,Unexposed group
95,analysis,MDD diagnosis,analysis,MDD diagnosis,627.2,627.2,Symptomatic menopause,genitourinary,Genitourinary diseases,genitourinary,Genitourinary diseases,#E7CB94,Female,1156.0,0.270704208494803,0.0323910010102276,1.3108872637155782,1.3108872637155782,1.3108872637155782,1.2302505483850517,1.396809308825337,6.412137356936961e-17,1.4198304147503272e-16,True,True,elevated,,Hazard ratio,1156.0,224.73,5.14,7408.0,1974.07,3.75,Exposed group,Unexposed group,5.14,3.75,Unexposed group
5,analysis,MDD diagnosis,analysis,MDD diagnosis,585.1,585.1,Acute renal failure,genitourinary,Genitourinary diseases,genitourinary,Genitourinary diseases,#E7CB94,Both,351.0,0.4890942553702669,0.0597471127477807,1.6308384276573755,1.6308384276573755,1.6308384276573755,1.4506183508406258,1.8334484570547014,2.6988697958056353e-16,5.905762141409978e-16,True,True,elevated,,Hazard ratio,351.0,459.83,0.76,2078.0,4465.47,0.47,Exposed group,Unexposed group,0.76,0.47,Unexposed group
42,analysis,MDD diagnosis,analysis,MDD diagnosis,585.3,585.3,Chronic renal failure [CKD],genitourinary,Genitourinary diseases,genitourinary,Genitourinary diseases,#E7CB94,Both,566.0,0.353491943295611,0.046166846515365,1.4240315139042026,1.4240315139042026,1.4240315139042026,1.300833124401507,1.5588976899133655,1.9057067206016163e-14,3.852841848172833e-14,True,True,elevated,,Hazard ratio,566.0,459.07,1.23,3982.0,4457.81,0.89,Exposed group,Unexposed group,1.23,0.89,Unexposed group
182,analysis,MDD diagnosis,analysis,MDD diagnosis,585.2,585.2,Renal failure NOS,genitourinary,Genitourinary diseases,genitourinary,Genitourinary diseases,#E7CB94,Both,286.0,0.4556127829186302,0.0663391514543802,1.5771395311492122,1.5771395311492122,1.5771395311492122,1.384844759104725,1.7961356927267373,6.513924317051738e-12,1.1878332578153169e-11,True,True,elevated,,Hazard ratio,286.0,460.41,0.62,1824.0,4467.94,0.41,Exposed group,Unexposed group,0.62,0.41,Unexposed group
82,analysis,MDD diagnosis,analysis,MDD diagnosis,600,600.0,Hyperplasia of prostate,genitourinary,Genitourinary diseases,genitourinary,Genitourinary diseases,#E7CB94,Male,1397.0,0.1841379343566905,0.0291067047011136,1.2021816338108262,1.2021816338108262,1.2021816338108262,1.1355178395026246,1.2727591151761268,2.510988692322035e-10,4.3648962315130695e-10,True,True,elevated,,Hazard ratio,1397.0,165.54,8.44,11393.0,1577.92,7.22,Exposed group,Unexposed group,8.44,7.22,Unexposed group
51,analysis,MDD diagnosis,analysis,MDD diagnosis,604.1,604.1,Redundant prepuce and phimosis/BXO,genitourinary,Genitourinary diseases,genitourinary,Genitourinary diseases,#E7CB94,Male,272.0,0.382539153105035,0.0666381877267621,1.4660022717748435,1.4660022717748435,1.4660022717748435,1.28650379829512,1.6705451345709832,9.437536835613711e-09,1.5003263687385898e-08,True,True,elevated,,Hazard ratio,272.0,170.18,1.6,1771.0,1614.84,1.1,Exposed group,Unexposed group,1.6,1.1,Unexposed group
116,analysis,MDD diagnosis,analysis,MDD diagnosis,626.1,626.1,Irregular menstrual cycle/bleeding,genitourinary,Genitourinary diseases,genitourinary,Genitourinary diseases,#E7CB94,Female,402.0,0.2128027656871768,0.0546765440648889,1.2371406205986142,1.2371406205986142,1.2371406205986142,1.1114180686838186,1.3770847876781571,9.940882992982475e-05,0.0001330218875319,True,True,elevated,,Hazard ratio,402.0,229.12,1.75,2618.0,2006.83,1.3,Exposed group,Unexposed group,1.75,1.3,Unexposed group
150,analysis,MDD diagnosis,analysis,MDD diagnosis,611.3,611.3,Lump or mass in breast,genitourinary,Genitourinary diseases,genitourinary,Genitourinary diseases,#E7CB94,Both,302.0,0.2258663666977227,0.0622093902112947,1.2534081570149718,1.2534081570149718,1.2534081570149718,1.1095294004675975,1.4159444602455566,0.0002826054533087,0.0003701733402494,True,True,elevated,,Hazard ratio,302.0,454.4,0.66,2237.0,4382.82,0.51,Exposed group,Unexposed group,0.66,0.51,Unexposed group
179,analysis,MDD diagnosis,analysis,MDD diagnosis,628,628.0,Ovarian cyst,genitourinary,Genitourinary diseases,genitourinary,Genitourinary diseases,#E7CB94,Female,475.0,0.175636160287184,0.0500598857572055,1.1920042812473672,1.1920042812473672,1.1920042812473672,1.0806025305252795,1.3148906895686867,0.0004506056637107,0.0005820323156263,True,True,elevated,,Hazard ratio,475.0,229.6,2.07,3396.0,2008.08,1.69,Exposed group,Unexposed group,2.07,1.69,Unexposed group
68,analysis,MDD diagnosis,analysis,MDD diagnosis,622.1,622.1,Polyp of corpus uteri,genitourinary,Genitourinary diseases,genitourinary,Genitourinary diseases,#E7CB94,Female,295.0,0.198017294974314,0.0626653717861542,1.2189834759272404,1.2189834759272404,1.2189834759272404,1.078092381860224,1.3782869998763319,0.0015781476861477,0.0019968399294115,True,True,elevated,,Hazard ratio,295.0,276.0,1.07,2375.0,2655.96,0.89,Exposed group,Unexposed group,1.07,0.89,Unexposed group
44,analysis,MDD diagnosis,analysis,MDD diagnosis,594.1,594.1,Calculus of kidney,genitourinary,Genitourinary diseases,genitourinary,Genitourinary diseases,#E7CB94,Both,480.0,0.1160999362754648,0.0489279287863436,1.1231081057660903,1.1231081057660903,1.1231081057660903,1.020406620956994,1.236146249281008,0.0176501606168915,0.0214570580048485,True,True,elevated,,Hazard ratio,480.0,456.27,1.05,4180.0,4404.1,0.95,Exposed group,Unexposed group,1.05,0.95,Unexposed group
11,analysis,MDD diagnosis,analysis,MDD diagnosis,594.3,594.3,Calculus of ureter,genitourinary,Genitourinary diseases,genitourinary,Genitourinary diseases,#E7CB94,Both,502.0,0.0981708740070423,0.0478597977179919,1.103151268882248,1.103151268882248,1.103151268882248,1.0043752139019053,1.2116415311652338,0.0402457309985059,0.0476796558326249,True,True,elevated,,Hazard ratio,502.0,456.01,1.1,4411.0,4401.63,1.0,Exposed group,Unexposed group,1.1,1.0,Unexposed group
38,analysis,MDD diagnosis,analysis,MDD diagnosis,618.2,618.2,Uterine/Uterovaginal prolapse,genitourinary,Genitourinary diseases,genitourinary,Genitourinary diseases,#E7CB94,Female,304.0,-0.1089925536865505,0.0607033710616915,0.8967370948588647,0.8967370948588647,0.8967370948588647,0.7961472196199517,1.0100360806130542,0.0725749880901963,0.0838443961787361,False,False,protective,,Hazard ratio,304.0,270.47,1.12,3429.0,2559.08,1.34,Exposed group,Unexposed group,1.12,1.34,Unexposed group
120,analysis,MDD diagnosis,analysis,MDD diagnosis,618.1,618.1,Prolapse of vaginal walls,genitourinary,Genitourinary diseases,genitourinary,Genitourinary diseases,#E7CB94,Female,1053.0,0.056862429113255,0.032943930559568,1.058510180194374,1.058510180194374,1.058510180194374,0.9923219531720361,1.1291131854873693,0.0843408327063848,0.0956548468499243,False,False,elevated,,Hazard ratio,1053.0,266.17,3.96,9877.0,2523.46,3.91,Exposed group,Unexposed group,3.96,3.91,Unexposed group
1098,analysis,MDD diagnosis,analysis,MDD diagnosis,611.1,611.1,Abnormal mammogram,genitourinary,Genitourinary diseases,genitourinary,Genitourinary diseases,#E7CB94,Both,0.0,,,,,,,,,,False,False,elevated,,Hazard ratio,0.0,456.14,0.0,0.0,4396.55,0.0,Exposed group,Unexposed group,0.0,0.0,Unexposed group
984,analysis,MDD diagnosis,analysis,MDD diagnosis,589,589.0,Abnormal results of function study of kidney,genitourinary,Genitourinary diseases,genitourinary,Genitourinary diseases,#E7CB94,Both,0.0,,,,,,,,,,False,False,elevated,,Hazard ratio,0.0,460.7,0.0,0.0,4469.89,0.0,Exposed group,Unexposed group,0.0,0.0,Unexposed group
553,analysis,MDD diagnosis,analysis,MDD diagnosis,609.2,609.2,Abnormal spermatozoa,genitourinary,Genitourinary diseases,genitourinary,Genitourinary diseases,#E7CB94,Male,0.0,,,,,,,,,,False,False,elevated,,Hazard ratio,0.0,171.51,0.0,0.0,1624.06,0.0,Exposed group,Unexposed group,0.0,0.0,Unexposed group
763,analysis,MDD diagnosis,analysis,MDD diagnosis,586.1,586.1,Anatomical abnormatilies of kidney and ureters,genitourinary,Genitourinary diseases,genitourinary,Genitourinary diseases,#E7CB94,Both,9.0,,,,,,,,,,False,False,elevated,,Hazard ratio,9.0,460.66,0.02,54.0,4469.59,0.01,Exposed group,Unexposed group,0.02,0.01,Unexposed group
601,analysis,MDD diagnosis,analysis,MDD diagnosis,624.2,624.2,Atrophy of female genital tract,genitourinary,Genitourinary diseases,genitourinary,Genitourinary diseases,#E7CB94,Female,14.0,,,,,,,,,,False,False,elevated,,Hazard ratio,14.0,271.37,0.05,125.0,2593.46,0.05,Exposed group,Unexposed group,0.05,0.05,Unexposed group
256,analysis,MDD diagnosis,analysis,MDD diagnosis,601.4,601.4,Balanoposthitis,genitourinary,Genitourinary diseases,genitourinary,Genitourinary diseases,#E7CB94,Male,82.0,,,,,,,,,,False,False,elevated,,Hazard ratio,82.0,172.66,0.47,476.0,1639.78,0.29,Exposed group,Unexposed group,0.47,0.29,Unexposed group
674,analysis,MDD diagnosis,analysis,MDD diagnosis,610.4,610.4,Benign neoplasm of breast,genitourinary,Genitourinary diseases,genitourinary,Genitourinary diseases,#E7CB94,Female,128.0,,,,,,,,,,False,False,elevated,,Hazard ratio,128.0,269.34,0.48,929.0,2549.46,0.36,Exposed group,Unexposed group,0.48,0.36,Unexposed group
663,analysis,MDD diagnosis,analysis,MDD diagnosis,596.1,596.1,Bladder neck obstruction,genitourinary,Genitourinary diseases,genitourinary,Genitourinary diseases,#E7CB94,Both,126.0,,,,,,,,,,False,False,elevated,,Hazard ratio,126.0,462.01,0.27,509.0,4505.71,0.11,Exposed group,Unexposed group,0.27,0.11,Unexposed group
1081,analysis,MDD diagnosis,analysis,MDD diagnosis,613.9,613.9,Breast disorder NOS,genitourinary,Genitourinary diseases,genitourinary,Genitourinary diseases,#E7CB94,Both,75.0,,,,,,,,,,False,False,elevated,,Hazard ratio,75.0,465.42,0.16,623.0,4550.67,0.14,Exposed group,Unexposed group,0.16,0.14,Unexposed group
716,analysis,MDD diagnosis,analysis,MDD diagnosis,594.2,594.2,Calculus of lower urinary tract,genitourinary,Genitourinary diseases,genitourinary,Genitourinary diseases,#E7CB94,Both,123.0,,,,,,,,,,False,False,elevated,,Hazard ratio,123.0,458.29,0.27,870.0,4422.74,0.2,Exposed group,Unexposed group,0.27,0.2,Unexposed group
656,analysis,MDD diagnosis,analysis,MDD diagnosis,585.4,585.4,"Chronic kidney disease, Stage I or II",genitourinary,Genitourinary diseases,genitourinary,Genitourinary diseases,#E7CB94,Both,0.0,,,,,,,,,,False,False,elevated,,Hazard ratio,0.0,460.7,0.0,0.0,4469.89,0.0,Exposed group,Unexposed group,0.0,0.0,Unexposed group
1119,analysis,MDD diagnosis,analysis,MDD diagnosis,612.3,612.3,Congenital anomalies of breast,genitourinary,Genitourinary diseases,genitourinary,Genitourinary diseases,#E7CB94,Both,0.0,,,,,,,,,,False,False,elevated,,Hazard ratio,0.0,456.14,0.0,0.0,4396.55,0.0,Exposed group,Unexposed group,0.0,0.0,Unexposed group
997,analysis,MDD diagnosis,analysis,MDD diagnosis,586.2,586.2,"Cyst of kidney, acquired",genitourinary,Genitourinary diseases,genitourinary,Genitourinary diseases,#E7CB94,Both,31.0,,,,,,,,,,False,False,elevated,,Hazard ratio,31.0,460.59,0.07,304.0,4468.54,0.07,Exposed group,Unexposed group,0.07,0.07,Unexposed group
618,analysis,MDD diagnosis,analysis,MDD diagnosis,610.1,610.1,Cystic mastopathy,genitourinary,Genitourinary diseases,genitourinary,Genitourinary diseases,#E7CB94,Female,48.0,,,,,,,,,,False,False,elevated,,Hazard ratio,48.0,269.89,0.18,519.0,2552.5,0.2,Exposed group,Unexposed group,0.18,0.2,Unexposed group
982,analysis,MDD diagnosis,analysis,MDD diagnosis,619.2,619.2,"Disorders of uterus, NEC",genitourinary,Genitourinary diseases,genitourinary,Genitourinary diseases,#E7CB94,Female,7.0,,,,,,,,,,False,False,elevated,,Hazard ratio,7.0,277.26,0.03,75.0,2675.17,0.03,Exposed group,Unexposed group,0.03,0.03,Unexposed group
380,analysis,MDD diagnosis,analysis,MDD diagnosis,617,617.0,"Disorders secondary to childbirth, surgery, trauma",genitourinary,Genitourinary diseases,genitourinary,Genitourinary diseases,#E7CB94,Female,31.0,,,,,,,,,,False,False,elevated,,Hazard ratio,31.0,272.26,0.11,230.0,2580.93,0.09,Exposed group,Unexposed group,0.11,0.09,Unexposed group
881,analysis,MDD diagnosis,analysis,MDD diagnosis,626.2,626.2,Dysmenorrhea,genitourinary,Genitourinary diseases,genitourinary,Genitourinary diseases,#E7CB94,Female,28.0,,,,,,,,,,False,False,elevated,,Hazard ratio,28.0,232.08,0.12,85.0,2027.27,0.04,Exposed group,Unexposed group,0.12,0.04,Unexposed group
421,analysis,MDD diagnosis,analysis,MDD diagnosis,625.1,625.1,Dyspareunia,genitourinary,Genitourinary diseases,genitourinary,Genitourinary diseases,#E7CB94,Female,77.0,,,,,,,,,,False,False,elevated,,Hazard ratio,77.0,271.13,0.28,490.0,2591.56,0.19,Exposed group,Unexposed group,0.28,0.19,Unexposed group
637,analysis,MDD diagnosis,analysis,MDD diagnosis,620.1,620.1,Dysplasia of cervix,genitourinary,Genitourinary diseases,genitourinary,Genitourinary diseases,#E7CB94,Female,0.0,,,,,,,,,,False,False,elevated,,Hazard ratio,0.0,277.66,0.0,0.0,2669.81,0.0,Exposed group,Unexposed group,0.0,0.0,Unexposed group
1021,analysis,MDD diagnosis,analysis,MDD diagnosis,602.3,602.3,Dysplasia of prostate,genitourinary,Genitourinary diseases,genitourinary,Genitourinary diseases,#E7CB94,Male,0.0,,,,,,,,,,False,False,elevated,,Hazard ratio,0.0,173.08,0.0,0.0,1642.61,0.0,Exposed group,Unexposed group,0.0,0.0,Unexposed group
239,analysis,MDD diagnosis,analysis,MDD diagnosis,624.1,624.1,Dystrophy of female genital tract,genitourinary,Genitourinary diseases,genitourinary,Genitourinary diseases,#E7CB94,Female,84.0,,,,,,,,,,False,False,elevated,,Hazard ratio,84.0,271.14,0.31,769.0,2591.34,0.3,Exposed group,Unexposed group,0.31,0.3,Unexposed group
251,analysis,MDD diagnosis,analysis,MDD diagnosis,599.3,599.3,Dysuria,genitourinary,Genitourinary diseases,genitourinary,Genitourinary diseases,#E7CB94,Both,0.0,,,,,,,,,,False,False,elevated,,Hazard ratio,0.0,459.09,0.0,0.0,4457.82,0.0,Exposed group,Unexposed group,0.0,0.0,Unexposed group
878,analysis,MDD diagnosis,analysis,MDD diagnosis,796,796.0,Elevated prostate specific antigen [PSA],genitourinary,Genitourinary diseases,genitourinary,Genitourinary diseases,#E7CB94,Male,0.0,,,,,,,,,,False,False,elevated,,Hazard ratio,0.0,173.08,0.0,0.0,1642.61,0.0,Exposed group,Unexposed group,0.0,0.0,Unexposed group
572,analysis,MDD diagnosis,analysis,MDD diagnosis,621,621.0,Endometrial hyperplasia,genitourinary,Genitourinary diseases,genitourinary,Genitourinary diseases,#E7CB94,Female,75.0,,,,,,,,,,False,False,elevated,,Hazard ratio,75.0,277.12,0.27,537.0,2665.94,0.2,Exposed group,Unexposed group,0.27,0.2,Unexposed group
931,analysis,MDD diagnosis,analysis,MDD diagnosis,615,615.0,Endometriosis,genitourinary,Genitourinary diseases,genitourinary,Genitourinary diseases,#E7CB94,Female,42.0,,,,,,,,,,False,False,elevated,,Hazard ratio,42.0,267.33,0.16,288.0,2531.3,0.11,Exposed group,Unexposed group,0.16,0.11,Unexposed group
573,analysis,MDD diagnosis,analysis,MDD diagnosis,605,605.0,Erectile dysfunction [ED],genitourinary,Genitourinary diseases,genitourinary,Genitourinary diseases,#E7CB94,Male,169.0,,,,,,,,,,False,False,elevated,,Hazard ratio,169.0,170.57,0.99,873.0,1619.13,0.54,Exposed group,Unexposed group,0.99,0.54,Unexposed group
585,analysis,MDD diagnosis,analysis,MDD diagnosis,610.2,610.2,Fibroadenosis of breast,genitourinary,Genitourinary diseases,genitourinary,Genitourinary diseases,#E7CB94,Female,85.0,,,,,,,,,,False,False,elevated,,Hazard ratio,85.0,269.44,0.32,601.0,2550.76,0.24,Exposed group,Unexposed group,0.32,0.24,Unexposed group
409,analysis,MDD diagnosis,analysis,MDD diagnosis,610.3,610.3,Fibrosclerosis of breast,genitourinary,Genitourinary diseases,genitourinary,Genitourinary diseases,#E7CB94,Female,4.0,,,,,,,,,,False,False,elevated,,Hazard ratio,4.0,270.13,0.01,25.0,2555.93,0.01,Exposed group,Unexposed group,0.01,0.01,Unexposed group
489,analysis,MDD diagnosis,analysis,MDD diagnosis,599.5,599.5,Frequency of urination and polyuria,genitourinary,Genitourinary diseases,genitourinary,Genitourinary diseases,#E7CB94,Both,0.0,,,,,,,,,,False,False,elevated,,Hazard ratio,0.0,459.09,0.0,0.0,4457.82,0.0,Exposed group,Unexposed group,0.0,0.0,Unexposed group
1097,analysis,MDD diagnosis,analysis,MDD diagnosis,612.1,612.1,Galactorrhea,genitourinary,Genitourinary diseases,genitourinary,Genitourinary diseases,#E7CB94,Both,7.0,,,,,,,,,,False,False,elevated,,Hazard ratio,7.0,456.11,0.02,50.0,4396.25,0.01,Exposed group,Unexposed group,0.02,0.01,Unexposed group
998,analysis,MDD diagnosis,analysis,MDD diagnosis,580.1,580.1,Glomerulonephritis,genitourinary,Genitourinary diseases,genitourinary,Genitourinary diseases,#E7CB94,Both,47.0,,,,,,,,,,False,False,elevated,,Hazard ratio,47.0,460.39,0.1,383.0,4467.37,0.09,Exposed group,Unexposed group,0.1,0.09,Unexposed group
417,analysis,MDD diagnosis,analysis,MDD diagnosis,593.1,593.1,Gross hematuria,genitourinary,Genitourinary diseases,genitourinary,Genitourinary diseases,#E7CB94,Both,0.0,,,,,,,,,,False,False,elevated,,Hazard ratio,0.0,453.11,0.0,0.0,4365.99,0.0,Exposed group,Unexposed group,0.0,0.0,Unexposed group
1064,analysis,MDD diagnosis,analysis,MDD diagnosis,603.1,603.1,Hydrocele,genitourinary,Genitourinary diseases,genitourinary,Genitourinary diseases,#E7CB94,Male,124.0,,,,,,,,,,False,False,elevated,,Hazard ratio,124.0,170.7,0.73,1154.0,1616.64,0.71,Exposed group,Unexposed group,0.73,0.71,Unexposed group
340,analysis,MDD diagnosis,analysis,MDD diagnosis,595,595.0,Hydronephrosis,genitourinary,Genitourinary diseases,genitourinary,Genitourinary diseases,#E7CB94,Both,172.0,,,,,,,,,,False,False,elevated,,Hazard ratio,172.0,458.25,0.38,1435.0,4421.72,0.32,Exposed group,Unexposed group,0.38,0.32,Unexposed group
628,analysis,MDD diagnosis,analysis,MDD diagnosis,612.2,612.2,Hypertrophy of breast (Gynecomastia),genitourinary,Genitourinary diseases,genitourinary,Genitourinary diseases,#E7CB94,Both,202.0,,,,,,,,,,False,False,elevated,,Hazard ratio,202.0,454.73,0.44,1076.0,4388.29,0.25,Exposed group,Unexposed group,0.44,0.25,Unexposed group
1000,analysis,MDD diagnosis,analysis,MDD diagnosis,623,623.0,Hypertrophy of female genital organs,genitourinary,Genitourinary diseases,genitourinary,Genitourinary diseases,#E7CB94,Female,37.0,,,,,,,,,,False,False,elevated,,Hazard ratio,37.0,277.44,0.13,403.0,2667.51,0.15,Exposed group,Unexposed group,0.13,0.15,Unexposed group
992,analysis,MDD diagnosis,analysis,MDD diagnosis,626.8,626.8,"Infertility, female",genitourinary,Genitourinary diseases,genitourinary,Genitourinary diseases,#E7CB94,Female,2.0,,,,,,,,,,False,False,elevated,,Hazard ratio,2.0,232.29,0.01,11.0,2027.86,0.01,Exposed group,Unexposed group,0.01,0.01,Unexposed group
734,analysis,MDD diagnosis,analysis,MDD diagnosis,609.1,609.1,"Infertility, male",genitourinary,Genitourinary diseases,genitourinary,Genitourinary diseases,#E7CB94,Male,9.0,,,,,,,,,,False,False,elevated,,Hazard ratio,9.0,171.47,0.05,81.0,1623.46,0.05,Exposed group,Unexposed group,0.05,0.05,Unexposed group
1039,analysis,MDD diagnosis,analysis,MDD diagnosis,613.1,613.1,Inflammatory disease of breast,genitourinary,Genitourinary diseases,genitourinary,Genitourinary diseases,#E7CB94,Both,59.0,,,,,,,,,,False,False,elevated,,Hazard ratio,59.0,465.54,0.13,393.0,4552.06,0.09,Exposed group,Unexposed group,0.13,0.09,Unexposed group
470,analysis,MDD diagnosis,analysis,MDD diagnosis,614.4,614.4,"Inflammatory diseases of uterus, except cervix",genitourinary,Genitourinary diseases,genitourinary,Genitourinary diseases,#E7CB94,Female,54.0,,,,,,,,,,False,False,elevated,,Hazard ratio,54.0,267.28,0.2,342.0,2531.62,0.14,Exposed group,Unexposed group,0.2,0.14,Unexposed group
654,analysis,MDD diagnosis,analysis,MDD diagnosis,587,587.0,Kidney replaced by transpant,genitourinary,Genitourinary diseases,genitourinary,Genitourinary diseases,#E7CB94,Both,0.0,,,,,,,,,,False,False,elevated,,Hazard ratio,0.0,460.7,0.0,0.0,4469.89,0.0,Exposed group,Unexposed group,0.0,0.0,Unexposed group
752,analysis,MDD diagnosis,analysis,MDD diagnosis,613.5,613.5,Mastodynia,genitourinary,Genitourinary diseases,genitourinary,Genitourinary diseases,#E7CB94,Both,78.0,,,,,,,,,,False,False,elevated,,Hazard ratio,78.0,465.39,0.17,513.0,4551.57,0.11,Exposed group,Unexposed group,0.17,0.11,Unexposed group
646,analysis,MDD diagnosis,analysis,MDD diagnosis,593.2,593.2,Microscopic hematuria,genitourinary,Genitourinary diseases,genitourinary,Genitourinary diseases,#E7CB94,Both,0.0,,,,,,,,,,False,False,elevated,,Hazard ratio,0.0,453.11,0.0,0.0,4365.99,0.0,Exposed group,Unexposed group,0.0,0.0,Unexposed group
590,analysis,MDD diagnosis,analysis,MDD diagnosis,622.2,622.2,Mucous polyp of cervix,genitourinary,Genitourinary diseases,genitourinary,Genitourinary diseases,#E7CB94,Female,150.0,,,,,,,,,,False,False,elevated,,Hazard ratio,150.0,276.7,0.54,1422.0,2661.02,0.53,Exposed group,Unexposed group,0.54,0.53,Unexposed group
731,analysis,MDD diagnosis,analysis,MDD diagnosis,580.3,580.3,Nephritis and nephropathy without mention of glomerulonephritis,genitourinary,Genitourinary diseases,genitourinary,Genitourinary diseases,#E7CB94,Both,39.0,,,,,,,,,,False,False,elevated,,Hazard ratio,39.0,460.49,0.08,114.0,4469.23,0.03,Exposed group,Unexposed group,0.08,0.03,Unexposed group
568,analysis,MDD diagnosis,analysis,MDD diagnosis,580.2,580.2,Nephrotic syndrome without mention of glomerulonephritis,genitourinary,Genitourinary diseases,genitourinary,Genitourinary diseases,#E7CB94,Both,30.0,,,,,,,,,,False,False,elevated,,Hazard ratio,30.0,460.59,0.07,221.0,4468.99,0.05,Exposed group,Unexposed group,0.07,0.05,Unexposed group
308,analysis,MDD diagnosis,analysis,MDD diagnosis,619.3,619.3,Noninflammatory disorders of cervix,genitourinary,Genitourinary diseases,genitourinary,Genitourinary diseases,#E7CB94,Female,23.0,,,,,,,,,,False,False,elevated,,Hazard ratio,23.0,277.22,0.08,237.0,2674.6,0.09,Exposed group,Unexposed group,0.08,0.09,Unexposed group
443,analysis,MDD diagnosis,analysis,MDD diagnosis,619.1,619.1,"Noninflammatory disorders of ovary, fallopian tube, and broad ligament",genitourinary,Genitourinary diseases,genitourinary,Genitourinary diseases,#E7CB94,Female,26.0,,,,,,,,,,False,False,elevated,,Hazard ratio,26.0,277.16,0.09,212.0,2674.21,0.08,Exposed group,Unexposed group,0.09,0.08,Unexposed group
488,analysis,MDD diagnosis,analysis,MDD diagnosis,619.4,619.4,Noninflammatory disorders of vagina,genitourinary,Genitourinary diseases,genitourinary,Genitourinary diseases,#E7CB94,Female,189.0,,,,,,,,,,False,False,elevated,,Hazard ratio,189.0,276.26,0.68,1171.0,2669.57,0.44,Exposed group,Unexposed group,0.68,0.44,Unexposed group
365,analysis,MDD diagnosis,analysis,MDD diagnosis,619.5,619.5,Noninflammatory disorders of vulva and perineum,genitourinary,Genitourinary diseases,genitourinary,Genitourinary diseases,#E7CB94,Female,121.0,,,,,,,,,,False,False,elevated,,Hazard ratio,121.0,276.66,0.44,653.0,2672.22,0.24,Exposed group,Unexposed group,0.44,0.24,Unexposed group
758,analysis,MDD diagnosis,analysis,MDD diagnosis,599.6,599.6,Oliguria and anuria,genitourinary,Genitourinary diseases,genitourinary,Genitourinary diseases,#E7CB94,Both,0.0,,,,,,,,,,False,False,elevated,,Hazard ratio,0.0,459.09,0.0,0.0,4457.82,0.0,Exposed group,Unexposed group,0.0,0.0,Unexposed group
791,analysis,MDD diagnosis,analysis,MDD diagnosis,601.3,601.3,Orchitis and epididymitis,genitourinary,Genitourinary diseases,genitourinary,Genitourinary diseases,#E7CB94,Male,2.0,,,,,,,,,,False,False,elevated,,Hazard ratio,2.0,173.05,0.01,11.0,1642.45,0.01,Exposed group,Unexposed group,0.01,0.01,Unexposed group
362,analysis,MDD diagnosis,analysis,MDD diagnosis,599.9,599.9,Other abnormality of urination,genitourinary,Genitourinary diseases,genitourinary,Genitourinary diseases,#E7CB94,Both,0.0,,,,,,,,,,False,False,elevated,,Hazard ratio,0.0,459.09,0.0,0.0,4457.82,0.0,Exposed group,Unexposed group,0.0,0.0,Unexposed group
425,analysis,MDD diagnosis,analysis,MDD diagnosis,598.4,598.4,Other cells and casts in urine,genitourinary,Genitourinary diseases,genitourinary,Genitourinary diseases,#E7CB94,Both,0.0,,,,,,,,,,False,False,elevated,,Hazard ratio,0.0,468.54,0.0,0.0,4594.71,0.0,Exposed group,Unexposed group,0.0,0.0,Unexposed group
538,analysis,MDD diagnosis,analysis,MDD diagnosis,608,608.0,Other disorders of male genital organs,genitourinary,Genitourinary diseases,genitourinary,Genitourinary diseases,#E7CB94,Male,70.0,,,,,,,,,,False,False,elevated,,Hazard ratio,70.0,171.16,0.41,420.0,1622.2,0.26,Exposed group,Unexposed group,0.41,0.26,Unexposed group
463,analysis,MDD diagnosis,analysis,MDD diagnosis,601.8,601.8,Other inflammatory disorders of male genital organs,genitourinary,Genitourinary diseases,genitourinary,Genitourinary diseases,#E7CB94,Male,24.0,,,,,,,,,,False,False,elevated,,Hazard ratio,24.0,172.96,0.14,101.0,1642.17,0.06,Exposed group,Unexposed group,0.14,0.06,Unexposed group
782,analysis,MDD diagnosis,analysis,MDD diagnosis,598.9,598.9,Other nonspecific findings on examination of urine,genitourinary,Genitourinary diseases,genitourinary,Genitourinary diseases,#E7CB94,Both,0.0,,,,,,,,,,False,False,elevated,,Hazard ratio,0.0,468.54,0.0,0.0,4594.71,0.0,Exposed group,Unexposed group,0.0,0.0,Unexposed group
1004,analysis,MDD diagnosis,analysis,MDD diagnosis,613.7,613.7,Other signs and symptoms in breast,genitourinary,Genitourinary diseases,genitourinary,Genitourinary diseases,#E7CB94,Both,106.0,,,,,,,,,,False,False,elevated,,Hazard ratio,106.0,465.31,0.23,757.0,4550.76,0.17,Exposed group,Unexposed group,0.23,0.17,Unexposed group
1079,analysis,MDD diagnosis,analysis,MDD diagnosis,610.8,610.8,Other specified benign mammary dysplasias,genitourinary,Genitourinary diseases,genitourinary,Genitourinary diseases,#E7CB94,Female,29.0,,,,,,,,,,False,False,elevated,,Hazard ratio,29.0,269.93,0.11,174.0,2554.67,0.07,Exposed group,Unexposed group,0.11,0.07,Unexposed group
806,analysis,MDD diagnosis,analysis,MDD diagnosis,613.8,613.8,Other specified disorders of breast,genitourinary,Genitourinary diseases,genitourinary,Genitourinary diseases,#E7CB94,Both,11.0,,,,,,,,,,False,False,elevated,,Hazard ratio,11.0,465.82,0.02,70.0,4554.1,0.02,Exposed group,Unexposed group,0.02,0.02,Unexposed group
822,analysis,MDD diagnosis,analysis,MDD diagnosis,599.8,599.8,Other symptoms involving urinary system,genitourinary,Genitourinary diseases,genitourinary,Genitourinary diseases,#E7CB94,Both,0.0,,,,,,,,,,False,False,elevated,,Hazard ratio,0.0,459.09,0.0,0.0,4457.82,0.0,Exposed group,Unexposed group,0.0,0.0,Unexposed group
641,analysis,MDD diagnosis,analysis,MDD diagnosis,792.1,792.1,Papanicolaou smear of cervix or vagina with atypical squamous cells,genitourinary,Genitourinary diseases,genitourinary,Genitourinary diseases,#E7CB94,Female,0.0,,,,,,,,,,False,False,elevated,,Hazard ratio,0.0,244.92,0.0,0.0,2122.88,0.0,Exposed group,Unexposed group,0.0,0.0,Unexposed group
313,analysis,MDD diagnosis,analysis,MDD diagnosis,614.3,614.3,Pelvic inflammatory disease (PID),genitourinary,Genitourinary diseases,genitourinary,Genitourinary diseases,#E7CB94,Female,48.0,,,,,,,,,,False,False,elevated,,Hazard ratio,48.0,267.32,0.18,425.0,2530.5,0.17,Exposed group,Unexposed group,0.18,0.17,Unexposed group
1122,analysis,MDD diagnosis,analysis,MDD diagnosis,614.1,614.1,"Pelvic peritoneal adhesions, female (postoperative) (postinfection)",genitourinary,Genitourinary diseases,genitourinary,Genitourinary diseases,#E7CB94,Female,6.0,,,,,,,,,,False,False,elevated,,Hazard ratio,6.0,267.63,0.02,16.0,2533.73,0.01,Exposed group,Unexposed group,0.02,0.01,Unexposed group
765,analysis,MDD diagnosis,analysis,MDD diagnosis,604.3,604.3,Peyronie's disease,genitourinary,Genitourinary diseases,genitourinary,Genitourinary diseases,#E7CB94,Male,0.0,,,,,,,,,,False,False,elevated,,Hazard ratio,0.0,171.51,0.0,0.0,1624.06,0.0,Exposed group,Unexposed group,0.0,0.0,Unexposed group
534,analysis,MDD diagnosis,analysis,MDD diagnosis,627.5,627.5,Premature menopause and other ovarian failure,genitourinary,Genitourinary diseases,genitourinary,Genitourinary diseases,#E7CB94,Female,1.0,,,,,,,,,,False,False,elevated,,Hazard ratio,1.0,232.3,0.0,3.0,2027.89,0.0,Exposed group,Unexposed group,0.0,0.0,Unexposed group
928,analysis,MDD diagnosis,analysis,MDD diagnosis,627.4,627.4,Premenopausal menorrhagia,genitourinary,Genitourinary diseases,genitourinary,Genitourinary diseases,#E7CB94,Female,201.0,,,,,,,,,,False,False,elevated,,Hazard ratio,201.0,230.76,0.87,1378.0,2017.21,0.68,Exposed group,Unexposed group,0.87,0.68,Unexposed group
361,analysis,MDD diagnosis,analysis,MDD diagnosis,626.4,626.4,Premenstrual tension syndromes,genitourinary,Genitourinary diseases,genitourinary,Genitourinary diseases,#E7CB94,Female,29.0,,,,,,,,,,False,False,elevated,,Hazard ratio,29.0,232.09,0.12,52.0,2027.59,0.03,Exposed group,Unexposed group,0.12,0.03,Unexposed group
1072,analysis,MDD diagnosis,analysis,MDD diagnosis,618.5,618.5,Prolapse of vaginal vault after hysterectomy,genitourinary,Genitourinary diseases,genitourinary,Genitourinary diseases,#E7CB94,Female,37.0,,,,,,,,,,False,False,elevated,,Hazard ratio,37.0,272.16,0.14,431.0,2579.37,0.17,Exposed group,Unexposed group,0.14,0.17,Unexposed group
423,analysis,MDD diagnosis,analysis,MDD diagnosis,601.1,601.1,Prostatitis,genitourinary,Genitourinary diseases,genitourinary,Genitourinary diseases,#E7CB94,Male,230.0,,,,,,,,,,False,False,elevated,,Hazard ratio,230.0,171.58,1.34,1299.0,1634.11,0.79,Exposed group,Unexposed group,1.34,0.79,Unexposed group
1035,analysis,MDD diagnosis,analysis,MDD diagnosis,594.8,594.8,Renal colic,genitourinary,Genitourinary diseases,genitourinary,Genitourinary diseases,#E7CB94,Both,28.0,,,,,,,,,,False,False,elevated,,Hazard ratio,28.0,458.63,0.06,188.0,4425.6,0.04,Exposed group,Unexposed group,0.06,0.04,Unexposed group
439,analysis,MDD diagnosis,analysis,MDD diagnosis,588.1,588.1,Renal osteodystrophy,genitourinary,Genitourinary diseases,genitourinary,Genitourinary diseases,#E7CB94,Both,0.0,,,,,,,,,,False,False,elevated,,Hazard ratio,0.0,460.7,0.0,1.0,4469.89,0.0,Exposed group,Unexposed group,0.0,0.0,Unexposed group
1012,analysis,MDD diagnosis,analysis,MDD diagnosis,580.4,580.4,"Renal sclerosis, NOS",genitourinary,Genitourinary diseases,genitourinary,Genitourinary diseases,#E7CB94,Both,0.0,,,,,,,,,,False,False,elevated,,Hazard ratio,0.0,460.7,0.0,2.0,4469.88,0.0,Exposed group,Unexposed group,0.0,0.0,Unexposed group
196,analysis,MDD diagnosis,analysis,MDD diagnosis,599.2,599.2,Retention of urine,genitourinary,Genitourinary diseases,genitourinary,Genitourinary diseases,#E7CB94,Both,0.0,,,,,,,,,,False,False,elevated,,Hazard ratio,0.0,459.09,0.0,0.0,4457.82,0.0,Exposed group,Unexposed group,0.0,0.0,Unexposed group
345,analysis,MDD diagnosis,analysis,MDD diagnosis,588.2,588.2,Secondary hyperparathyroidism (of renal origin),genitourinary,Genitourinary diseases,genitourinary,Genitourinary diseases,#E7CB94,Both,0.0,,,,,,,,,,False,False,elevated,,Hazard ratio,0.0,460.7,0.0,0.0,4469.89,0.0,Exposed group,Unexposed group,0.0,0.0,Unexposed group
581,analysis,MDD diagnosis,analysis,MDD diagnosis,603.2,603.2,Spermatocele,genitourinary,Genitourinary diseases,genitourinary,Genitourinary diseases,#E7CB94,Male,69.0,,,,,,,,,,False,False,elevated,,Hazard ratio,69.0,171.09,0.4,591.0,1620.16,0.36,Exposed group,Unexposed group,0.4,0.36,Unexposed group
426,analysis,MDD diagnosis,analysis,MDD diagnosis,586.4,586.4,Stricture/obstruction of ureter,genitourinary,Genitourinary diseases,genitourinary,Genitourinary diseases,#E7CB94,Both,50.0,,,,,,,,,,False,False,elevated,,Hazard ratio,50.0,460.52,0.11,435.0,4468.08,0.1,Exposed group,Unexposed group,0.11,0.1,Unexposed group
275,analysis,MDD diagnosis,analysis,MDD diagnosis,599.7,599.7,Urethral discharge,genitourinary,Genitourinary diseases,genitourinary,Genitourinary diseases,#E7CB94,Both,0.0,,,,,,,,,,False,False,elevated,,Hazard ratio,0.0,459.09,0.0,0.0,4457.82,0.0,Exposed group,Unexposed group,0.0,0.0,Unexposed group
458,analysis,MDD diagnosis,analysis,MDD diagnosis,597.8,597.8,Urethral hypermobility/ISD,genitourinary,Genitourinary diseases,genitourinary,Genitourinary diseases,#E7CB94,Both,0.0,,,,,,,,,,False,False,elevated,,Hazard ratio,0.0,462.92,0.0,0.0,4509.25,0.0,Exposed group,Unexposed group,0.0,0.0,Unexposed group
390,analysis,MDD diagnosis,analysis,MDD diagnosis,597.1,597.1,Urethral stricture (not specified as infectious),genitourinary,Genitourinary diseases,genitourinary,Genitourinary diseases,#E7CB94,Both,102.0,,,,,,,,,,False,False,elevated,,Hazard ratio,102.0,462.46,0.22,935.0,4504.29,0.21,Exposed group,Unexposed group,0.22,0.21,Unexposed group
405,analysis,MDD diagnosis,analysis,MDD diagnosis,592.3,592.3,Urethral stricture due to infecton,genitourinary,Genitourinary diseases,genitourinary,Genitourinary diseases,#E7CB94,Both,3.0,,,,,,,,,,False,False,elevated,,Hazard ratio,3.0,453.08,0.01,25.0,4365.82,0.01,Exposed group,Unexposed group,0.01,0.01,Unexposed group
554,analysis,MDD diagnosis,analysis,MDD diagnosis,592.2,592.2,Urethritis and urethral syndrome,genitourinary,Genitourinary diseases,genitourinary,Genitourinary diseases,#E7CB94,Both,111.0,,,,,,,,,,False,False,elevated,,Hazard ratio,111.0,452.4,0.25,544.0,4362.68,0.12,Exposed group,Unexposed group,0.25,0.12,Unexposed group
1070,analysis,MDD diagnosis,analysis,MDD diagnosis,597.2,597.2,Urinary complications NEC,genitourinary,Genitourinary diseases,genitourinary,Genitourinary diseases,#E7CB94,Both,9.0,,,,,,,,,,False,False,elevated,,Hazard ratio,9.0,462.85,0.02,45.0,4509.12,0.01,Exposed group,Unexposed group,0.02,0.01,Unexposed group
589,analysis,MDD diagnosis,analysis,MDD diagnosis,599.1,599.1,Urinary obstruction,genitourinary,Genitourinary diseases,genitourinary,Genitourinary diseases,#E7CB94,Both,38.0,,,,,,,,,,False,False,elevated,,Hazard ratio,38.0,458.92,0.08,267.0,4456.59,0.06,Exposed group,Unexposed group,0.08,0.06,Unexposed group
715,analysis,MDD diagnosis,analysis,MDD diagnosis,618.6,618.6,"Vaginal enterocele, congenital or acquired",genitourinary,Genitourinary diseases,genitourinary,Genitourinary diseases,#E7CB94,Female,38.0,,,,,,,,,,False,False,elevated,,Hazard ratio,38.0,272.15,0.14,328.0,2580.24,0.13,Exposed group,Unexposed group,0.14,0.13,Unexposed group
574,analysis,MDD diagnosis,analysis,MDD diagnosis,586.3,586.3,Vascular disorders of kidney/hypertrophy,genitourinary,Genitourinary diseases,genitourinary,Genitourinary diseases,#E7CB94,Both,10.0,,,,,,,,,,False,False,elevated,,Hazard ratio,10.0,460.67,0.02,68.0,4469.63,0.02,Exposed group,Unexposed group,0.02,0.02,Unexposed group
599,analysis,MDD diagnosis,analysis,MDD diagnosis,604.2,604.2,Vascular disorders of penis,genitourinary,Genitourinary diseases,genitourinary,Genitourinary diseases,#E7CB94,Male,0.0,,,,,,,,,,False,False,elevated,,Hazard ratio,0.0,171.51,0.0,0.0,1624.06,0.0,Exposed group,Unexposed group,0.0,0.0,Unexposed group
24,analysis,MDD diagnosis,analysis,MDD diagnosis,280.1,280.1,"Iron deficiency anemias, unspecified or not due to blood loss",hematopoietic,Hematopoietic diseases,hematopoietic,Hematopoietic diseases,#F5B36D,Both,642.0,0.6113878385599328,0.0442579460837866,1.8429873936876648,1.8429873936876648,1.8429873936876648,1.6898542189462018,2.0099973685361947,2.092845094760813e-43,7.944269135214517e-43,True,True,elevated,,Hazard ratio,642.0,461.07,1.39,3417.0,4505.81,0.76,Exposed group,Unexposed group,1.39,0.76,Unexposed group
704,analysis,MDD diagnosis,analysis,MDD diagnosis,286.9,286.9,Abnormal coagulation profile,hematopoietic,Hematopoietic diseases,hematopoietic,Hematopoietic diseases,#F5B36D,Both,0.0,,,,,,,,,,False,False,elevated,,Hazard ratio,0.0,467.35,0.0,0.0,4575.21,0.0,Exposed group,Unexposed group,0.0,0.0,Unexposed group
735,analysis,MDD diagnosis,analysis,MDD diagnosis,289.9,289.9,Abnormality of red blood cells,hematopoietic,Hematopoietic diseases,hematopoietic,Hematopoietic diseases,#F5B36D,Both,1.0,,,,,,,,,,False,False,elevated,,Hazard ratio,1.0,466.51,0.0,1.0,4563.1,0.0,Exposed group,Unexposed group,0.0,0.0,Unexposed group
794,analysis,MDD diagnosis,analysis,MDD diagnosis,286.4,286.4,Acquired coagulation factor deficiency,hematopoietic,Hematopoietic diseases,hematopoietic,Hematopoietic diseases,#F5B36D,Both,0.0,,,,,,,,,,False,False,elevated,,Hazard ratio,0.0,467.35,0.0,2.0,4575.21,0.0,Exposed group,Unexposed group,0.0,0.0,Unexposed group
292,analysis,MDD diagnosis,analysis,MDD diagnosis,285.1,285.1,Acute posthemorrhagic anemia,hematopoietic,Hematopoietic diseases,hematopoietic,Hematopoietic diseases,#F5B36D,Both,29.0,,,,,,,,,,False,False,elevated,,Hazard ratio,29.0,463.61,0.06,164.0,4519.02,0.04,Exposed group,Unexposed group,0.06,0.04,Unexposed group
370,analysis,MDD diagnosis,analysis,MDD diagnosis,287.2,287.2,Allergic purpura,hematopoietic,Hematopoietic diseases,hematopoietic,Hematopoietic diseases,#F5B36D,Both,0.0,,,,,,,,,,False,False,elevated,,Hazard ratio,0.0,467.35,0.0,2.0,4575.21,0.0,Exposed group,Unexposed group,0.0,0.0,Unexposed group
817,analysis,MDD diagnosis,analysis,MDD diagnosis,285.2,285.2,Anemia of chronic disease,hematopoietic,Hematopoietic diseases,hematopoietic,Hematopoietic diseases,#F5B36D,Both,0.0,,,,,,,,,,False,False,elevated,,Hazard ratio,0.0,463.73,0.0,9.0,4519.62,0.0,Exposed group,Unexposed group,0.0,0.0,Unexposed group
1030,analysis,MDD diagnosis,analysis,MDD diagnosis,283.1,283.1,Autoimmune hemolytic anemias,hematopoietic,Hematopoietic diseases,hematopoietic,Hematopoietic diseases,#F5B36D,Both,0.0,,,,,,,,,,False,False,elevated,,Hazard ratio,0.0,463.73,0.0,4.0,4519.62,0.0,Exposed group,Unexposed group,0.0,0.0,Unexposed group
249,analysis,MDD diagnosis,analysis,MDD diagnosis,286.3,286.3,Coagulation defects complicating pregnancy or postpartum,hematopoietic,Hematopoietic diseases,hematopoietic,Hematopoietic diseases,#F5B36D,Female,0.0,,,,,,,,,,False,False,elevated,,Hazard ratio,0.0,281.54,0.0,0.0,2738.09,0.0,Exposed group,Unexposed group,0.0,0.0,Unexposed group
767,analysis,MDD diagnosis,analysis,MDD diagnosis,286.1,286.1,Congenital coagulation defects,hematopoietic,Hematopoietic diseases,hematopoietic,Hematopoietic diseases,#F5B36D,Both,0.0,,,,,,,,,,False,False,elevated,,Hazard ratio,0.0,467.35,0.0,16.0,4575.13,0.0,Exposed group,Unexposed group,0.0,0.0,Unexposed group
784,analysis,MDD diagnosis,analysis,MDD diagnosis,284.2,284.2,Constitutional aplastic anemia,hematopoietic,Hematopoietic diseases,hematopoietic,Hematopoietic diseases,#F5B36D,Both,0.0,,,,,,,,,,False,False,elevated,,Hazard ratio,0.0,463.73,0.0,0.0,4519.62,0.0,Exposed group,Unexposed group,0.0,0.0,Unexposed group
404,analysis,MDD diagnosis,analysis,MDD diagnosis,288.1,288.1,Decreased white blood cell count,hematopoietic,Hematopoietic diseases,hematopoietic,Hematopoietic diseases,#F5B36D,Both,119.0,,,,,,,,,,False,False,elevated,,Hazard ratio,119.0,466.17,0.26,993.0,4560.39,0.22,Exposed group,Unexposed group,0.26,0.22,Unexposed group
1087,analysis,MDD diagnosis,analysis,MDD diagnosis,286.6,286.6,Defibrination syndrome,hematopoietic,Hematopoietic diseases,hematopoietic,Hematopoietic diseases,#F5B36D,Both,112.0,,,,,,,,,,False,False,elevated,,Hazard ratio,112.0,466.91,0.24,686.0,4572.32,0.15,Exposed group,Unexposed group,0.24,0.15,Unexposed group
702,analysis,MDD diagnosis,analysis,MDD diagnosis,281.9,281.9,Deficiency anemias,hematopoietic,Hematopoietic diseases,hematopoietic,Hematopoietic diseases,#F5B36D,Both,0.0,,,,,,,,,,False,False,elevated,,Hazard ratio,0.0,463.73,0.0,0.0,4519.62,0.0,Exposed group,Unexposed group,0.0,0.0,Unexposed group
1071,analysis,MDD diagnosis,analysis,MDD diagnosis,289.5,289.5,Diseases of spleen,hematopoietic,Hematopoietic diseases,hematopoietic,Hematopoietic diseases,#F5B36D,Both,14.0,,,,,,,,,,False,False,elevated,,Hazard ratio,14.0,466.46,0.03,119.0,4562.73,0.03,Exposed group,Unexposed group,0.03,0.03,Unexposed group
873,analysis,MDD diagnosis,analysis,MDD diagnosis,275.1,275.1,Disorders of iron metabolism,hematopoietic,Hematopoietic diseases,hematopoietic,Hematopoietic diseases,#F5B36D,Both,36.0,,,,,,,,,,False,False,elevated,,Hazard ratio,36.0,467.65,0.08,320.0,4582.16,0.07,Exposed group,Unexposed group,0.08,0.07,Unexposed group
755,analysis,MDD diagnosis,analysis,MDD diagnosis,288.2,288.2,Elevated white blood cell count,hematopoietic,Hematopoietic diseases,hematopoietic,Hematopoietic diseases,#F5B36D,Both,25.0,,,,,,,,,,False,False,elevated,,Hazard ratio,25.0,466.37,0.05,229.0,4562.16,0.05,Exposed group,Unexposed group,0.05,0.05,Unexposed group
323,analysis,MDD diagnosis,analysis,MDD diagnosis,286.2,286.2,Encounter for long-term (current) use of anticoagulants,hematopoietic,Hematopoietic diseases,hematopoietic,Hematopoietic diseases,#F5B36D,Both,0.0,,,,,,,,,,False,False,elevated,,Hazard ratio,0.0,467.35,0.0,0.0,4575.21,0.0,Exposed group,Unexposed group,0.0,0.0,Unexposed group
483,analysis,MDD diagnosis,analysis,MDD diagnosis,288.3,288.3,Eosinophilia,hematopoietic,Hematopoietic diseases,hematopoietic,Hematopoietic diseases,#F5B36D,Both,0.0,,,,,,,,,,False,False,elevated,,Hazard ratio,0.0,466.52,0.0,0.0,4563.11,0.0,Exposed group,Unexposed group,0.0,0.0,Unexposed group
1078,analysis,MDD diagnosis,analysis,MDD diagnosis,285.8,285.8,Hemoglobinuria,hematopoietic,Hematopoietic diseases,hematopoietic,Hematopoietic diseases,#F5B36D,Both,0.0,,,,,,,,,,False,False,elevated,,Hazard ratio,0.0,463.73,0.0,1.0,4519.62,0.0,Exposed group,Unexposed group,0.0,0.0,Unexposed group
888,analysis,MDD diagnosis,analysis,MDD diagnosis,286.5,286.5,Hemorrhagic disorder due to intrinsic circulating anticoagulants,hematopoietic,Hematopoietic diseases,hematopoietic,Hematopoietic diseases,#F5B36D,Both,2.0,,,,,,,,,,False,False,elevated,,Hazard ratio,2.0,467.35,0.0,2.0,4575.21,0.0,Exposed group,Unexposed group,0.0,0.0,Unexposed group
302,analysis,MDD diagnosis,analysis,MDD diagnosis,286.8,286.8,Hypercoagulable state,hematopoietic,Hematopoietic diseases,hematopoietic,Hematopoietic diseases,#F5B36D,Both,0.0,,,,,,,,,,False,False,elevated,,Hazard ratio,0.0,467.35,0.0,0.0,4575.21,0.0,Exposed group,Unexposed group,0.0,0.0,Unexposed group
987,analysis,MDD diagnosis,analysis,MDD diagnosis,280.2,280.2,Iron deficiency anemia secondary to blood loss (chronic),hematopoietic,Hematopoietic diseases,hematopoietic,Hematopoietic diseases,#F5B36D,Both,3.0,,,,,,,,,,False,False,elevated,,Hazard ratio,3.0,463.73,0.01,16.0,4519.62,0.0,Exposed group,Unexposed group,0.01,0.0,Unexposed group
510,analysis,MDD diagnosis,analysis,MDD diagnosis,289.4,289.4,Lymphadenitis,hematopoietic,Hematopoietic diseases,hematopoietic,Hematopoietic diseases,#F5B36D,Both,88.0,,,,,,,,,,False,False,elevated,,Hazard ratio,88.0,466.08,0.19,596.0,4559.71,0.13,Exposed group,Unexposed group,0.19,0.13,Unexposed group
682,analysis,MDD diagnosis,analysis,MDD diagnosis,281.1,281.1,Megaloblastic anemia,hematopoietic,Hematopoietic diseases,hematopoietic,Hematopoietic diseases,#F5B36D,Both,62.0,,,,,,,,,,False,False,elevated,,Hazard ratio,62.0,463.4,0.13,348.0,4517.87,0.08,Exposed group,Unexposed group,0.13,0.08,Unexposed group
739,analysis,MDD diagnosis,analysis,MDD diagnosis,289.1,289.1,Myelofibrosis,hematopoietic,Hematopoietic diseases,hematopoietic,Hematopoietic diseases,#F5B36D,Both,0.0,,,,,,,,,,False,False,elevated,,Hazard ratio,0.0,466.52,0.0,0.0,4563.11,0.0,Exposed group,Unexposed group,0.0,0.0,Unexposed group
1033,analysis,MDD diagnosis,analysis,MDD diagnosis,283.2,283.2,Non-autoimmune hemolytic anemias,hematopoietic,Hematopoietic diseases,hematopoietic,Hematopoietic diseases,#F5B36D,Both,0.0,,,,,,,,,,False,False,elevated,,Hazard ratio,0.0,463.73,0.0,3.0,4519.62,0.0,Exposed group,Unexposed group,0.0,0.0,Unexposed group
1068,analysis,MDD diagnosis,analysis,MDD diagnosis,286.7,286.7,Other and unspecified coagulation defects,hematopoietic,Hematopoietic diseases,hematopoietic,Hematopoietic diseases,#F5B36D,Both,118.0,,,,,,,,,,False,False,elevated,,Hazard ratio,118.0,466.91,0.25,705.0,4572.35,0.15,Exposed group,Unexposed group,0.25,0.15,Unexposed group
441,analysis,MDD diagnosis,analysis,MDD diagnosis,282.8,282.8,Other hemoglobinopathies,hematopoietic,Hematopoietic diseases,hematopoietic,Hematopoietic diseases,#F5B36D,Both,1.0,,,,,,,,,,False,False,elevated,,Hazard ratio,1.0,463.72,0.0,11.0,4519.55,0.0,Exposed group,Unexposed group,0.0,0.0,Unexposed group
895,analysis,MDD diagnosis,analysis,MDD diagnosis,282.9,282.9,Other hereditary hemolytic anemias,hematopoietic,Hematopoietic diseases,hematopoietic,Hematopoietic diseases,#F5B36D,Both,10.0,,,,,,,,,,False,False,elevated,,Hazard ratio,10.0,463.68,0.02,27.0,4519.52,0.01,Exposed group,Unexposed group,0.02,0.01,Unexposed group
676,analysis,MDD diagnosis,analysis,MDD diagnosis,284.1,284.1,Pancytopenia,hematopoietic,Hematopoietic diseases,hematopoietic,Hematopoietic diseases,#F5B36D,Both,0.0,,,,,,,,,,False,False,elevated,,Hazard ratio,0.0,463.73,0.0,0.0,4519.62,0.0,Exposed group,Unexposed group,0.0,0.0,Unexposed group
864,analysis,MDD diagnosis,analysis,MDD diagnosis,289.3,289.3,Personal history of diseases of blood and blood-forming organs,hematopoietic,Hematopoietic diseases,hematopoietic,Hematopoietic diseases,#F5B36D,Both,0.0,,,,,,,,,,False,False,elevated,,Hazard ratio,0.0,466.52,0.0,0.0,4563.11,0.0,Exposed group,Unexposed group,0.0,0.0,Unexposed group
630,analysis,MDD diagnosis,analysis,MDD diagnosis,289.8,289.8,"Polycythemia, secondary",hematopoietic,Hematopoietic diseases,hematopoietic,Hematopoietic diseases,#F5B36D,Both,0.0,,,,,,,,,,False,False,elevated,,Hazard ratio,0.0,465.97,0.0,3.0,4553.52,0.0,Exposed group,Unexposed group,0.0,0.0,Unexposed group
1009,analysis,MDD diagnosis,analysis,MDD diagnosis,287.4,287.4,Qualitative platelet defects,hematopoietic,Hematopoietic diseases,hematopoietic,Hematopoietic diseases,#F5B36D,Both,0.0,,,,,,,,,,False,False,elevated,,Hazard ratio,0.0,467.35,0.0,2.0,4575.21,0.0,Exposed group,Unexposed group,0.0,0.0,Unexposed group
571,analysis,MDD diagnosis,analysis,MDD diagnosis,282.5,282.5,Sickle cell anemia,hematopoietic,Hematopoietic diseases,hematopoietic,Hematopoietic diseases,#F5B36D,Both,3.0,,,,,,,,,,False,False,elevated,,Hazard ratio,3.0,463.73,0.01,14.0,4519.51,0.0,Exposed group,Unexposed group,0.01,0.0,Unexposed group
803,analysis,MDD diagnosis,analysis,MDD diagnosis,285.3,285.3,Sideroblastic anemia,hematopoietic,Hematopoietic diseases,hematopoietic,Hematopoietic diseases,#F5B36D,Both,0.0,,,,,,,,,,False,False,elevated,,Hazard ratio,0.0,463.73,0.0,0.0,4519.62,0.0,Exposed group,Unexposed group,0.0,0.0,Unexposed group
720,analysis,MDD diagnosis,analysis,MDD diagnosis,287.1,287.1,Spontaneous ecchymoses,hematopoietic,Hematopoietic diseases,hematopoietic,Hematopoietic diseases,#F5B36D,Both,0.0,,,,,,,,,,False,False,elevated,,Hazard ratio,0.0,467.35,0.0,0.0,4575.21,0.0,Exposed group,Unexposed group,0.0,0.0,Unexposed group
552,analysis,MDD diagnosis,analysis,MDD diagnosis,287.3,287.3,Thrombocytopenia,hematopoietic,Hematopoietic diseases,hematopoietic,Hematopoietic diseases,#F5B36D,Both,13.0,,,,,,,,,,False,False,elevated,,Hazard ratio,13.0,467.35,0.03,72.0,4575.21,0.02,Exposed group,Unexposed group,0.03,0.02,Unexposed group
66,analysis,MDD diagnosis,analysis,MDD diagnosis,136,136.0,Other infectious and parasitic diseases,infectious diseases,Infectious diseases,infectious diseases,Infectious diseases,#8C564B,Both,660.0,0.5575312080327546,0.0436589866957075,1.7463557848188478,1.7463557848188478,1.7463557848188478,1.603132606416806,1.9023744604551651,2.407327451189684e-37,8.610825113870794e-37,True,True,elevated,,Hazard ratio,660.0,463.36,1.42,3660.0,4532.0,0.81,Exposed group,Unexposed group,1.42,0.81,Unexposed group
12,analysis,MDD diagnosis,analysis,MDD diagnosis,8.5,8.5,Bacterial enteritis,infectious diseases,Infectious diseases,infectious diseases,Infectious diseases,#8C564B,Both,410.0,0.5997065530417255,0.0550852302137917,1.8215841836155893,1.8215841836155893,1.8215841836155893,1.6351581080133346,2.0292648898826933,1.3311608355673103e-27,4.126598590258662e-27,True,True,elevated,,Hazard ratio,410.0,457.08,0.9,2217.0,4446.4,0.5,Exposed group,Unexposed group,0.9,0.5,Unexposed group
83,analysis,MDD diagnosis,analysis,MDD diagnosis,38.2,38.2,Gram positive septicemia,infectious diseases,Infectious diseases,infectious diseases,Infectious diseases,#8C564B,Both,250.0,0.6106554579596273,0.0710221770302761,1.8416381196253047,1.8416381196253047,1.8416381196253047,1.6023190577871598,2.1167013817715867,8.104987012439951e-18,1.8611451658195446e-17,True,True,elevated,,Hazard ratio,250.0,462.74,0.54,1317.0,4510.48,0.29,Exposed group,Unexposed group,0.54,0.29,Unexposed group
153,analysis,MDD diagnosis,analysis,MDD diagnosis,38.1,38.1,Gram negative septicemia,infectious diseases,Infectious diseases,infectious diseases,Infectious diseases,#8C564B,Both,296.0,0.3862262564953428,0.0636552083852789,1.4714175509334386,1.4714175509334386,1.4714175509334386,1.2988276476078224,1.6669414245859169,1.2993847496325324e-09,2.138810295855319e-09,True,True,elevated,,Hazard ratio,296.0,462.3,0.64,2001.0,4507.31,0.44,Exposed group,Unexposed group,0.64,0.44,Unexposed group
790,analysis,MDD diagnosis,analysis,MDD diagnosis,133,133.0,Arthropod-borne diseases,infectious diseases,Infectious diseases,infectious diseases,Infectious diseases,#8C564B,Both,12.0,,,,,,,,,,False,False,elevated,,Hazard ratio,12.0,465.04,0.03,43.0,4542.16,0.01,Exposed group,Unexposed group,0.03,0.01,Unexposed group
685,analysis,MDD diagnosis,analysis,MDD diagnosis,117.4,117.4,Aspergillosis,infectious diseases,Infectious diseases,infectious diseases,Infectious diseases,#8C564B,Both,10.0,,,,,,,,,,False,False,elevated,,Hazard ratio,10.0,464.61,0.02,78.0,4540.24,0.02,Exposed group,Unexposed group,0.02,0.02,Unexposed group
268,analysis,MDD diagnosis,analysis,MDD diagnosis,38.3,38.3,Bacteremia,infectious diseases,Infectious diseases,infectious diseases,Infectious diseases,#8C564B,Both,0.0,,,,,,,,,,False,False,elevated,,Hazard ratio,0.0,463.6,0.0,0.0,4515.13,0.0,Exposed group,Unexposed group,0.0,0.0,Unexposed group
738,analysis,MDD diagnosis,analysis,MDD diagnosis,117.3,117.3,Blastomycotic infection,infectious diseases,Infectious diseases,infectious diseases,Infectious diseases,#8C564B,Both,0.0,,,,,,,,,,False,False,elevated,,Hazard ratio,0.0,464.65,0.0,6.0,4540.49,0.0,Exposed group,Unexposed group,0.0,0.0,Unexposed group
910,analysis,MDD diagnosis,analysis,MDD diagnosis,112.3,112.3,Candidiasis of skin and nails,infectious diseases,Infectious diseases,infectious diseases,Infectious diseases,#8C564B,Both,38.0,,,,,,,,,,False,False,elevated,,Hazard ratio,38.0,464.47,0.08,177.0,4539.75,0.04,Exposed group,Unexposed group,0.08,0.04,Unexposed group
227,analysis,MDD diagnosis,analysis,MDD diagnosis,70.4,70.4,Chronic hepatitis,infectious diseases,Infectious diseases,infectious diseases,Infectious diseases,#8C564B,Both,27.0,,,,,,,,,,False,False,elevated,,Hazard ratio,27.0,457.12,0.06,247.0,4429.7,0.06,Exposed group,Unexposed group,0.06,0.06,Unexposed group
603,analysis,MDD diagnosis,analysis,MDD diagnosis,117.2,117.2,Coccidioidomycosis,infectious diseases,Infectious diseases,infectious diseases,Infectious diseases,#8C564B,Both,0.0,,,,,,,,,,False,False,elevated,,Hazard ratio,0.0,464.65,0.0,1.0,4540.53,0.0,Exposed group,Unexposed group,0.0,0.0,Unexposed group
741,analysis,MDD diagnosis,analysis,MDD diagnosis,110.2,110.2,Dermatomycoses,infectious diseases,Infectious diseases,infectious diseases,Infectious diseases,#8C564B,Both,24.0,,,,,,,,,,False,False,elevated,,Hazard ratio,24.0,464.49,0.05,160.0,4539.73,0.04,Exposed group,Unexposed group,0.05,0.04,Unexposed group
513,analysis,MDD diagnosis,analysis,MDD diagnosis,110.1,110.1,Dermatophytosis,infectious diseases,Infectious diseases,infectious diseases,Infectious diseases,#8C564B,Both,167.0,,,,,,,,,,False,False,elevated,,Hazard ratio,167.0,463.81,0.36,1297.0,4534.1,0.29,Exposed group,Unexposed group,0.36,0.29,Unexposed group
787,analysis,MDD diagnosis,analysis,MDD diagnosis,41.4,41.4,E. coli,infectious diseases,Infectious diseases,infectious diseases,Infectious diseases,#8C564B,Both,18.0,,,,,,,,,,False,False,elevated,,Hazard ratio,18.0,463.57,0.04,59.0,4515.06,0.01,Exposed group,Unexposed group,0.04,0.01,Unexposed group
786,analysis,MDD diagnosis,analysis,MDD diagnosis,980,980.0,Encounter for long-term (current) use of antibiotics,infectious diseases,Infectious diseases,infectious diseases,Infectious diseases,#8C564B,Both,0.0,,,,,,,,,,False,False,elevated,,Hazard ratio,0.0,468.54,0.0,0.0,4594.71,0.0,Exposed group,Unexposed group,0.0,0.0,Unexposed group
804,analysis,MDD diagnosis,analysis,MDD diagnosis,90.2,90.2,Gonococcal infections,infectious diseases,Infectious diseases,infectious diseases,Infectious diseases,#8C564B,Both,7.0,,,,,,,,,,False,False,elevated,,Hazard ratio,7.0,467.99,0.01,50.0,4587.86,0.01,Exposed group,Unexposed group,0.01,0.01,Unexposed group
564,analysis,MDD diagnosis,analysis,MDD diagnosis,81.1,81.1,Graft-versus-host disease,infectious diseases,Infectious diseases,infectious diseases,Infectious diseases,#8C564B,Both,0.0,,,,,,,,,,False,False,elevated,,Hazard ratio,0.0,468.54,0.0,3.0,4594.71,0.0,Exposed group,Unexposed group,0.0,0.0,Unexposed group
259,analysis,MDD diagnosis,analysis,MDD diagnosis,41.8,41.8,H. pylori,infectious diseases,Infectious diseases,infectious diseases,Infectious diseases,#8C564B,Both,0.0,,,,,,,,,,False,False,elevated,,Hazard ratio,0.0,463.6,0.0,0.0,4515.13,0.0,Exposed group,Unexposed group,0.0,0.0,Unexposed group
351,analysis,MDD diagnosis,analysis,MDD diagnosis,71.1,71.1,"HIV infection, symptomatic",infectious diseases,Infectious diseases,infectious diseases,Infectious diseases,#8C564B,Both,18.0,,,,,,,,,,False,False,elevated,,Hazard ratio,18.0,457.13,0.04,56.0,4430.71,0.01,Exposed group,Unexposed group,0.04,0.01,Unexposed group
872,analysis,MDD diagnosis,analysis,MDD diagnosis,70.9,70.9,Hepatitis NOS,infectious diseases,Infectious diseases,infectious diseases,Infectious diseases,#8C564B,Both,49.0,,,,,,,,,,False,False,elevated,,Hazard ratio,49.0,456.92,0.11,246.0,4429.85,0.06,Exposed group,Unexposed group,0.11,0.06,Unexposed group
480,analysis,MDD diagnosis,analysis,MDD diagnosis,54,54.0,Herpes simplex,infectious diseases,Infectious diseases,infectious diseases,Infectious diseases,#8C564B,Both,187.0,,,,,,,,,,False,False,elevated,,Hazard ratio,187.0,456.3,0.41,990.0,4426.2,0.22,Exposed group,Unexposed group,0.41,0.22,Unexposed group
481,analysis,MDD diagnosis,analysis,MDD diagnosis,53.1,53.1,Herpes zoster with nervous system complications,infectious diseases,Infectious diseases,infectious diseases,Infectious diseases,#8C564B,Both,20.0,,,,,,,,,,False,False,elevated,,Hazard ratio,20.0,457.13,0.04,185.0,4430.32,0.04,Exposed group,Unexposed group,0.04,0.04,Unexposed group
770,analysis,MDD diagnosis,analysis,MDD diagnosis,117.1,117.1,Histoplasmosis,infectious diseases,Infectious diseases,infectious diseases,Infectious diseases,#8C564B,Both,1.0,,,,,,,,,,False,False,elevated,,Hazard ratio,1.0,464.65,0.0,6.0,4540.51,0.0,Exposed group,Unexposed group,0.0,0.0,Unexposed group
660,analysis,MDD diagnosis,analysis,MDD diagnosis,41.9,41.9,Infection with drug-resistant microorganisms,infectious diseases,Infectious diseases,infectious diseases,Infectious diseases,#8C564B,Both,0.0,,,,,,,,,,False,False,elevated,,Hazard ratio,0.0,463.6,0.0,0.0,4515.13,0.0,Exposed group,Unexposed group,0.0,0.0,Unexposed group
285,analysis,MDD diagnosis,analysis,MDD diagnosis,79.2,79.2,Infectious mononucleosis,infectious diseases,Infectious diseases,infectious diseases,Infectious diseases,#8C564B,Both,8.0,,,,,,,,,,False,False,elevated,,Hazard ratio,8.0,457.15,0.02,25.0,4430.89,0.01,Exposed group,Unexposed group,0.02,0.01,Unexposed group
1100,analysis,MDD diagnosis,analysis,MDD diagnosis,134.1,134.1,Intestinal helminthiases,infectious diseases,Infectious diseases,infectious diseases,Infectious diseases,#8C564B,Both,2.0,,,,,,,,,,False,False,elevated,,Hazard ratio,2.0,465.11,0.0,39.0,4542.15,0.01,Exposed group,Unexposed group,0.0,0.01,Unexposed group
947,analysis,MDD diagnosis,analysis,MDD diagnosis,8.7,8.7,Intestinal infection due to protozoa,infectious diseases,Infectious diseases,infectious diseases,Infectious diseases,#8C564B,Both,5.0,,,,,,,,,,False,False,elevated,,Hazard ratio,5.0,458.89,0.01,41.0,4456.85,0.01,Exposed group,Unexposed group,0.01,0.01,Unexposed group
505,analysis,MDD diagnosis,analysis,MDD diagnosis,31.1,31.1,Leprosy,infectious diseases,Infectious diseases,infectious diseases,Infectious diseases,#8C564B,Both,0.0,,,,,,,,,,False,False,elevated,,Hazard ratio,0.0,463.6,0.0,0.0,4515.13,0.0,Exposed group,Unexposed group,0.0,0.0,Unexposed group
898,analysis,MDD diagnosis,analysis,MDD diagnosis,130.1,130.1,Lyme disease,infectious diseases,Infectious diseases,infectious diseases,Infectious diseases,#8C564B,Both,210.0,,,,,,,,,,False,False,elevated,,Hazard ratio,210.0,463.9,0.45,1601.0,4533.06,0.35,Exposed group,Unexposed group,0.45,0.35,Unexposed group
385,analysis,MDD diagnosis,analysis,MDD diagnosis,132.1,132.1,Pediculosis and phthirus infestation,infectious diseases,Infectious diseases,infectious diseases,Infectious diseases,#8C564B,Both,2.0,,,,,,,,,,False,False,elevated,,Hazard ratio,2.0,465.12,0.0,11.0,4542.37,0.0,Exposed group,Unexposed group,0.0,0.0,Unexposed group
647,analysis,MDD diagnosis,analysis,MDD diagnosis,80,80.0,Postoperative infection,infectious diseases,Infectious diseases,infectious diseases,Infectious diseases,#8C564B,Both,14.0,,,,,,,,,,False,False,elevated,,Hazard ratio,14.0,468.54,0.03,103.0,4594.7,0.02,Exposed group,Unexposed group,0.03,0.02,Unexposed group
934,analysis,MDD diagnosis,analysis,MDD diagnosis,131,131.0,Protozoan infection,infectious diseases,Infectious diseases,infectious diseases,Infectious diseases,#8C564B,Both,5.0,,,,,,,,,,False,False,elevated,,Hazard ratio,5.0,465.1,0.01,53.0,4542.08,0.01,Exposed group,Unexposed group,0.01,0.01,Unexposed group
214,analysis,MDD diagnosis,analysis,MDD diagnosis,41.1,41.1,Staphylococcus infections,infectious diseases,Infectious diseases,infectious diseases,Infectious diseases,#8C564B,Both,103.0,,,,,,,,,,False,False,elevated,,Hazard ratio,103.0,463.14,0.22,693.0,4512.35,0.15,Exposed group,Unexposed group,0.22,0.15,Unexposed group
393,analysis,MDD diagnosis,analysis,MDD diagnosis,41.2,41.2,Streptococcus infection,infectious diseases,Infectious diseases,infectious diseases,Infectious diseases,#8C564B,Both,95.0,,,,,,,,,,False,False,elevated,,Hazard ratio,95.0,463.2,0.21,562.0,4512.61,0.12,Exposed group,Unexposed group,0.21,0.12,Unexposed group
728,analysis,MDD diagnosis,analysis,MDD diagnosis,10,10.0,Tuberculosis,infectious diseases,Infectious diseases,infectious diseases,Infectious diseases,#8C564B,Both,27.0,,,,,,,,,,False,False,elevated,,Hazard ratio,27.0,463.42,0.06,216.0,4513.65,0.05,Exposed group,Unexposed group,0.06,0.05,Unexposed group
974,analysis,MDD diagnosis,analysis,MDD diagnosis,79.1,79.1,Varicella infection,infectious diseases,Infectious diseases,infectious diseases,Infectious diseases,#8C564B,Both,17.0,,,,,,,,,,False,False,elevated,,Hazard ratio,17.0,457.12,0.04,69.0,4430.71,0.02,Exposed group,Unexposed group,0.04,0.02,Unexposed group
247,analysis,MDD diagnosis,analysis,MDD diagnosis,90.3,90.3,Venereal diseases due to Chlamydia trachomatis,infectious diseases,Infectious diseases,infectious diseases,Infectious diseases,#8C564B,Both,8.0,,,,,,,,,,False,False,elevated,,Hazard ratio,8.0,468.01,0.02,40.0,4587.86,0.01,Exposed group,Unexposed group,0.02,0.01,Unexposed group
1055,analysis,MDD diagnosis,analysis,MDD diagnosis,8.6,8.6,Viral Enteritis,infectious diseases,Infectious diseases,infectious diseases,Infectious diseases,#8C564B,Both,207.0,,,,,,,,,,False,False,elevated,,Hazard ratio,207.0,458.04,0.45,988.0,4452.38,0.22,Exposed group,Unexposed group,0.45,0.22,Unexposed group
968,analysis,MDD diagnosis,analysis,MDD diagnosis,70.1,70.1,Viral hepatitis A,infectious diseases,Infectious diseases,infectious diseases,Infectious diseases,#8C564B,Both,2.0,,,,,,,,,,False,False,elevated,,Hazard ratio,2.0,457.19,0.0,27.0,4430.88,0.01,Exposed group,Unexposed group,0.0,0.01,Unexposed group
969,analysis,MDD diagnosis,analysis,MDD diagnosis,70.2,70.2,Viral hepatitis B,infectious diseases,Infectious diseases,infectious diseases,Infectious diseases,#8C564B,Both,13.0,,,,,,,,,,False,False,elevated,,Hazard ratio,13.0,457.13,0.03,67.0,4430.66,0.02,Exposed group,Unexposed group,0.03,0.02,Unexposed group
602,analysis,MDD diagnosis,analysis,MDD diagnosis,70.3,70.3,Viral hepatitis C,infectious diseases,Infectious diseases,infectious diseases,Infectious diseases,#8C564B,Both,128.0,,,,,,,,,,False,False,elevated,,Hazard ratio,128.0,456.49,0.28,494.0,4428.39,0.11,Exposed group,Unexposed group,0.28,0.11,Unexposed group
671,analysis,MDD diagnosis,analysis,MDD diagnosis,78,78.0,Viral warts & HPV,infectious diseases,Infectious diseases,infectious diseases,Infectious diseases,#8C564B,Both,206.0,,,,,,,,,,False,False,elevated,,Hazard ratio,206.0,456.04,0.45,1547.0,4422.31,0.35,Exposed group,Unexposed group,0.45,0.35,Unexposed group
225,analysis,MDD diagnosis,analysis,MDD diagnosis,79.9,79.9,"Viremia, NOS",infectious diseases,Infectious diseases,infectious diseases,Infectious diseases,#8C564B,Both,0.0,,,,,,,,,,False,False,elevated,,Hazard ratio,0.0,457.21,0.0,0.0,4431.07,0.0,Exposed group,Unexposed group,0.0,0.0,Unexposed group
167,analysis,MDD diagnosis,analysis,MDD diagnosis,994.2,994.2,Sepsis,injuries & poisonings,Injuries & poisonings,injuries & poisonings,Injuries & poisonings,#5EBCD1,Both,749.0,0.5835597479678007,0.0410585589796536,1.7924076070297634,1.7924076070297634,1.7924076070297634,1.6538153838212732,1.942614067547796,7.624157620709276e-46,3.2229393578452854e-45,True,True,elevated,,Hazard ratio,749.0,466.21,1.61,4151.0,4572.44,0.91,Exposed group,Unexposed group,1.61,0.91,Unexposed group
76,analysis,MDD diagnosis,analysis,MDD diagnosis,836,836.0,Traumatic arthropathy,injuries & poisonings,Injuries & poisonings,injuries & poisonings,Injuries & poisonings,#5EBCD1,Both,493.0,0.3779461120914358,0.0492858060843527,1.4592843029778577,1.4592843029778577,1.4592843029778577,1.3249118542965717,1.6072847940878163,1.7407694388227854e-14,3.558056215615803e-14,True,True,elevated,,Hazard ratio,493.0,454.02,1.09,3225.0,4376.61,0.74,Exposed group,Unexposed group,1.09,0.74,Unexposed group
146,analysis,MDD diagnosis,analysis,MDD diagnosis,835,835.0,Internal derangement of knee,injuries & poisonings,Injuries & poisonings,injuries & poisonings,Injuries & poisonings,#5EBCD1,Both,895.0,0.0617917248399835,0.0357678423076596,1.0637407708753996,1.0637407708753996,1.0637407708753996,0.9917212133910439,1.140990444031585,0.0840639732694486,0.0956548468499243,False,False,elevated,,Hazard ratio,895.0,451.08,1.98,8194.0,4340.67,1.89,Exposed group,Unexposed group,1.98,1.89,Unexposed group
854,analysis,MDD diagnosis,analysis,MDD diagnosis,962.1,962.1,Adrenal cortical steroids causing adverse effects in therapeutic use,injuries & poisonings,Injuries & poisonings,injuries & poisonings,Injuries & poisonings,#5EBCD1,Both,1.0,,,,,,,,,,False,False,elevated,,Hazard ratio,1.0,468.54,0.0,0.0,4594.71,0.0,Exposed group,Unexposed group,0.0,0.0,Unexposed group
424,analysis,MDD diagnosis,analysis,MDD diagnosis,979,979.0,Adverse drug events and drug allergies,injuries & poisonings,Injuries & poisonings,injuries & poisonings,Injuries & poisonings,#5EBCD1,Both,56.0,,,,,,,,,,False,False,elevated,,Hazard ratio,56.0,468.54,0.12,26.0,4594.71,0.01,Exposed group,Unexposed group,0.12,0.01,Unexposed group
826,analysis,MDD diagnosis,analysis,MDD diagnosis,960.1,960.1,Adverse effects of antibacterials (not penicillins),injuries & poisonings,Injuries & poisonings,injuries & poisonings,Injuries & poisonings,#5EBCD1,Both,0.0,,,,,,,,,,False,False,elevated,,Hazard ratio,0.0,468.54,0.0,0.0,4594.71,0.0,Exposed group,Unexposed group,0.0,0.0,Unexposed group
245,analysis,MDD diagnosis,analysis,MDD diagnosis,967,967.0,Adverse effects of sedatives or other central nervous system depressants and anesthetics,injuries & poisonings,Injuries & poisonings,injuries & poisonings,Injuries & poisonings,#5EBCD1,Both,13.0,,,,,,,,,,False,False,elevated,,Hazard ratio,13.0,468.52,0.03,45.0,4594.42,0.01,Exposed group,Unexposed group,0.03,0.01,Unexposed group
733,analysis,MDD diagnosis,analysis,MDD diagnosis,941,941.0,Adverse reaction to serum or vaccine,injuries & poisonings,Injuries & poisonings,injuries & poisonings,Injuries & poisonings,#5EBCD1,Both,0.0,,,,,,,,,,False,False,elevated,,Hazard ratio,0.0,468.54,0.0,2.0,4594.63,0.0,Exposed group,Unexposed group,0.0,0.0,Unexposed group
596,analysis,MDD diagnosis,analysis,MDD diagnosis,930,930.0,Allergic reaction to food,injuries & poisonings,Injuries & poisonings,injuries & poisonings,Injuries & poisonings,#5EBCD1,Both,2.0,,,,,,,,,,False,False,elevated,,Hazard ratio,2.0,468.54,0.0,0.0,4594.63,0.0,Exposed group,Unexposed group,0.0,0.0,Unexposed group
696,analysis,MDD diagnosis,analysis,MDD diagnosis,960.2,960.2,Allergy/adverse effect of penicillin,injuries & poisonings,Injuries & poisonings,injuries & poisonings,Injuries & poisonings,#5EBCD1,Both,1.0,,,,,,,,,,False,False,elevated,,Hazard ratio,1.0,468.54,0.0,1.0,4594.71,0.0,Exposed group,Unexposed group,0.0,0.0,Unexposed group
681,analysis,MDD diagnosis,analysis,MDD diagnosis,946,946.0,Anaphylactic shock NOS,injuries & poisonings,Injuries & poisonings,injuries & poisonings,Injuries & poisonings,#5EBCD1,Both,2.0,,,,,,,,,,False,False,elevated,,Hazard ratio,2.0,468.54,0.0,6.0,4594.63,0.0,Exposed group,Unexposed group,0.0,0.0,Unexposed group
502,analysis,MDD diagnosis,analysis,MDD diagnosis,964.1,964.1,Anticoagulants causing adverse effects,injuries & poisonings,Injuries & poisonings,injuries & poisonings,Injuries & poisonings,#5EBCD1,Both,34.0,,,,,,,,,,False,False,elevated,,Hazard ratio,34.0,468.54,0.07,149.0,4594.71,0.03,Exposed group,Unexposed group,0.07,0.03,Unexposed group
995,analysis,MDD diagnosis,analysis,MDD diagnosis,972.6,972.6,Antihypertensive agents causing adverse effects,injuries & poisonings,Injuries & poisonings,injuries & poisonings,Injuries & poisonings,#5EBCD1,Both,1.0,,,,,,,,,,False,False,elevated,,Hazard ratio,1.0,468.54,0.0,0.0,4594.71,0.0,Exposed group,Unexposed group,0.0,0.0,Unexposed group
890,analysis,MDD diagnosis,analysis,MDD diagnosis,972.2,972.2,Antilipemic and antiarteriosclerotic drugs causing adverse effects in therapeutic use,injuries & poisonings,Injuries & poisonings,injuries & poisonings,Injuries & poisonings,#5EBCD1,Both,0.0,,,,,,,,,,False,False,elevated,,Hazard ratio,0.0,468.54,0.0,0.0,4594.71,0.0,Exposed group,Unexposed group,0.0,0.0,Unexposed group
468,analysis,MDD diagnosis,analysis,MDD diagnosis,963.1,963.1,Antineoplastic and immunosuppressive drugs causing adverse effects,injuries & poisonings,Injuries & poisonings,injuries & poisonings,Injuries & poisonings,#5EBCD1,Both,2.0,,,,,,,,,,False,False,elevated,,Hazard ratio,2.0,468.54,0.0,2.0,4594.71,0.0,Exposed group,Unexposed group,0.0,0.0,Unexposed group
810,analysis,MDD diagnosis,analysis,MDD diagnosis,965.2,965.2,Antirheumatics causing adverse effects in therapeutic use,injuries & poisonings,Injuries & poisonings,injuries & poisonings,Injuries & poisonings,#5EBCD1,Both,0.0,,,,,,,,,,False,False,elevated,,Hazard ratio,0.0,468.54,0.0,0.0,4594.71,0.0,Exposed group,Unexposed group,0.0,0.0,Unexposed group
746,analysis,MDD diagnosis,analysis,MDD diagnosis,911,911.0,Blister,injuries & poisonings,Injuries & poisonings,injuries & poisonings,Injuries & poisonings,#5EBCD1,Both,1.0,,,,,,,,,,False,False,elevated,,Hazard ratio,1.0,468.54,0.0,0.0,4594.71,0.0,Exposed group,Unexposed group,0.0,0.0,Unexposed group
648,analysis,MDD diagnosis,analysis,MDD diagnosis,873,873.0,Broken tooth,injuries & poisonings,Injuries & poisonings,injuries & poisonings,Injuries & poisonings,#5EBCD1,Both,0.0,,,,,,,,,,False,False,elevated,,Hazard ratio,0.0,468.54,0.0,0.0,4594.71,0.0,Exposed group,Unexposed group,0.0,0.0,Unexposed group
914,analysis,MDD diagnosis,analysis,MDD diagnosis,972.1,972.1,Cardiac rhythm regulators causing adverse effects in therapeutic use,injuries & poisonings,Injuries & poisonings,injuries & poisonings,Injuries & poisonings,#5EBCD1,Both,3.0,,,,,,,,,,False,False,elevated,,Hazard ratio,3.0,468.54,0.01,0.0,4594.71,0.0,Exposed group,Unexposed group,0.01,0.0,Unexposed group
1001,analysis,MDD diagnosis,analysis,MDD diagnosis,816,816.0,Cerebral laceration and contusion,injuries & poisonings,Injuries & poisonings,injuries & poisonings,Injuries & poisonings,#5EBCD1,Both,4.0,,,,,,,,,,False,False,elevated,,Hazard ratio,4.0,468.54,0.01,5.0,4594.71,0.0,Exposed group,Unexposed group,0.01,0.0,Unexposed group
246,analysis,MDD diagnosis,analysis,MDD diagnosis,859,859.0,Complication due to other implant and internal device,injuries & poisonings,Injuries & poisonings,injuries & poisonings,Injuries & poisonings,#5EBCD1,Both,4.0,,,,,,,,,,False,False,elevated,,Hazard ratio,4.0,468.16,0.01,16.0,4588.9,0.0,Exposed group,Unexposed group,0.01,0.0,Unexposed group
940,analysis,MDD diagnosis,analysis,MDD diagnosis,874,874.0,Complication of amputation stump,injuries & poisonings,Injuries & poisonings,injuries & poisonings,Injuries & poisonings,#5EBCD1,Both,3.0,,,,,,,,,,False,False,elevated,,Hazard ratio,3.0,468.54,0.01,23.0,4594.71,0.01,Exposed group,Unexposed group,0.01,0.01,Unexposed group
882,analysis,MDD diagnosis,analysis,MDD diagnosis,853,853.0,Complication of colostomy or enterostomy,injuries & poisonings,Injuries & poisonings,injuries & poisonings,Injuries & poisonings,#5EBCD1,Both,59.0,,,,,,,,,,False,False,elevated,,Hazard ratio,59.0,467.89,0.13,262.0,4587.81,0.06,Exposed group,Unexposed group,0.13,0.06,Unexposed group
989,analysis,MDD diagnosis,analysis,MDD diagnosis,858,858.0,Complication of internal orthopedic device,injuries & poisonings,Injuries & poisonings,injuries & poisonings,Injuries & poisonings,#5EBCD1,Both,92.0,,,,,,,,,,False,False,elevated,,Hazard ratio,92.0,467.87,0.2,508.0,4587.38,0.11,Exposed group,Unexposed group,0.2,0.11,Unexposed group
616,analysis,MDD diagnosis,analysis,MDD diagnosis,855,855.0,"Complication of nervous system device, implant, and graft",injuries & poisonings,Injuries & poisonings,injuries & poisonings,Injuries & poisonings,#5EBCD1,Both,0.0,,,,,,,,,,False,False,elevated,,Hazard ratio,0.0,468.16,0.0,0.0,4588.9,0.0,Exposed group,Unexposed group,0.0,0.0,Unexposed group
1113,analysis,MDD diagnosis,analysis,MDD diagnosis,854,854.0,"Complications of cardiac/vascular device, implant, and graft",injuries & poisonings,Injuries & poisonings,injuries & poisonings,Injuries & poisonings,#5EBCD1,Both,11.0,,,,,,,,,,False,False,elevated,,Hazard ratio,11.0,468.16,0.02,51.0,4588.9,0.01,Exposed group,Unexposed group,0.02,0.01,Unexposed group
387,analysis,MDD diagnosis,analysis,MDD diagnosis,851,851.0,Complications of transplants and reattached limbs,injuries & poisonings,Injuries & poisonings,injuries & poisonings,Injuries & poisonings,#5EBCD1,Both,152.0,,,,,,,,,,False,False,elevated,,Hazard ratio,152.0,468.16,0.32,861.0,4588.9,0.19,Exposed group,Unexposed group,0.32,0.19,Unexposed group
962,analysis,MDD diagnosis,analysis,MDD diagnosis,996,996.0,Complications peculiar to certain specified procedures,injuries & poisonings,Injuries & poisonings,injuries & poisonings,Injuries & poisonings,#5EBCD1,Both,0.0,,,,,,,,,,False,False,elevated,,Hazard ratio,0.0,468.54,0.0,0.0,4594.71,0.0,Exposed group,Unexposed group,0.0,0.0,Unexposed group
683,analysis,MDD diagnosis,analysis,MDD diagnosis,817,817.0,Concussion,injuries & poisonings,Injuries & poisonings,injuries & poisonings,Injuries & poisonings,#5EBCD1,Both,0.0,,,,,,,,,,False,False,elevated,,Hazard ratio,0.0,468.54,0.0,3.0,4594.71,0.0,Exposed group,Unexposed group,0.0,0.0,Unexposed group
732,analysis,MDD diagnosis,analysis,MDD diagnosis,916,916.0,Contusion,injuries & poisonings,Injuries & poisonings,injuries & poisonings,Injuries & poisonings,#5EBCD1,Both,0.0,,,,,,,,,,False,False,elevated,,Hazard ratio,0.0,468.54,0.0,5.0,4594.71,0.0,Exposed group,Unexposed group,0.0,0.0,Unexposed group
924,analysis,MDD diagnosis,analysis,MDD diagnosis,949.1,949.1,Diaper or napkin rash,injuries & poisonings,Injuries & poisonings,injuries & poisonings,Injuries & poisonings,#5EBCD1,Both,0.0,,,,,,,,,,False,False,elevated,,Hazard ratio,0.0,468.54,0.0,7.0,4594.57,0.0,Exposed group,Unexposed group,0.0,0.0,Unexposed group
436,analysis,MDD diagnosis,analysis,MDD diagnosis,830,830.0,Dislocation,injuries & poisonings,Injuries & poisonings,injuries & poisonings,Injuries & poisonings,#5EBCD1,Both,47.0,,,,,,,,,,False,False,elevated,,Hazard ratio,47.0,456.33,0.1,166.0,4394.12,0.04,Exposed group,Unexposed group,0.1,0.04,Unexposed group
234,analysis,MDD diagnosis,analysis,MDD diagnosis,990,990.0,Effects radiation NOS,injuries & poisonings,Injuries & poisonings,injuries & poisonings,Injuries & poisonings,#5EBCD1,Both,30.0,,,,,,,,,,False,False,elevated,,Hazard ratio,30.0,467.43,0.06,210.0,4578.21,0.05,Exposed group,Unexposed group,0.06,0.05,Unexposed group
693,analysis,MDD diagnosis,analysis,MDD diagnosis,803.3,803.3,Fracture of clavicle or scapula,injuries & poisonings,Injuries & poisonings,injuries & poisonings,Injuries & poisonings,#5EBCD1,Both,13.0,,,,,,,,,,False,False,elevated,,Hazard ratio,13.0,468.54,0.03,43.0,4594.7,0.01,Exposed group,Unexposed group,0.03,0.01,Unexposed group
559,analysis,MDD diagnosis,analysis,MDD diagnosis,801.1,801.1,Fracture of foot,injuries & poisonings,Injuries & poisonings,injuries & poisonings,Injuries & poisonings,#5EBCD1,Both,0.0,,,,,,,,,,False,False,elevated,,Hazard ratio,0.0,468.54,0.0,1.0,4594.7,0.0,Exposed group,Unexposed group,0.0,0.0,Unexposed group
1069,analysis,MDD diagnosis,analysis,MDD diagnosis,804,804.0,Fracture of hand or wrist,injuries & poisonings,Injuries & poisonings,injuries & poisonings,Injuries & poisonings,#5EBCD1,Both,1.0,,,,,,,,,,False,False,elevated,,Hazard ratio,1.0,468.54,0.0,8.0,4594.7,0.0,Exposed group,Unexposed group,0.0,0.0,Unexposed group
215,analysis,MDD diagnosis,analysis,MDD diagnosis,803.1,803.1,Fracture of humerus,injuries & poisonings,Injuries & poisonings,injuries & poisonings,Injuries & poisonings,#5EBCD1,Both,8.0,,,,,,,,,,False,False,elevated,,Hazard ratio,8.0,468.54,0.02,41.0,4594.7,0.01,Exposed group,Unexposed group,0.02,0.01,Unexposed group
381,analysis,MDD diagnosis,analysis,MDD diagnosis,800.1,800.1,Fracture of neck of femur,injuries & poisonings,Injuries & poisonings,injuries & poisonings,Injuries & poisonings,#5EBCD1,Both,83.0,,,,,,,,,,False,False,elevated,,Hazard ratio,83.0,468.54,0.18,344.0,4594.7,0.07,Exposed group,Unexposed group,0.18,0.07,Unexposed group
363,analysis,MDD diagnosis,analysis,MDD diagnosis,800.4,800.4,Fracture of patella,injuries & poisonings,Injuries & poisonings,injuries & poisonings,Injuries & poisonings,#5EBCD1,Both,0.0,,,,,,,,,,False,False,elevated,,Hazard ratio,0.0,468.54,0.0,2.0,4594.7,0.0,Exposed group,Unexposed group,0.0,0.0,Unexposed group
430,analysis,MDD diagnosis,analysis,MDD diagnosis,802,802.0,Fracture of pelvis,injuries & poisonings,Injuries & poisonings,injuries & poisonings,Injuries & poisonings,#5EBCD1,Both,2.0,,,,,,,,,,False,False,elevated,,Hazard ratio,2.0,468.54,0.0,15.0,4594.7,0.0,Exposed group,Unexposed group,0.0,0.0,Unexposed group
199,analysis,MDD diagnosis,analysis,MDD diagnosis,803.2,803.2,Fracture of radius and ulna,injuries & poisonings,Injuries & poisonings,injuries & poisonings,Injuries & poisonings,#5EBCD1,Both,3.0,,,,,,,,,,False,False,elevated,,Hazard ratio,3.0,468.54,0.01,6.0,4594.7,0.0,Exposed group,Unexposed group,0.01,0.0,Unexposed group
894,analysis,MDD diagnosis,analysis,MDD diagnosis,807,807.0,Fracture of ribs,injuries & poisonings,Injuries & poisonings,injuries & poisonings,Injuries & poisonings,#5EBCD1,Both,16.0,,,,,,,,,,False,False,elevated,,Hazard ratio,16.0,468.54,0.03,68.0,4594.7,0.01,Exposed group,Unexposed group,0.03,0.01,Unexposed group
938,analysis,MDD diagnosis,analysis,MDD diagnosis,800.3,800.3,Fracture of tibia and fibula,injuries & poisonings,Injuries & poisonings,injuries & poisonings,Injuries & poisonings,#5EBCD1,Both,0.0,,,,,,,,,,False,False,elevated,,Hazard ratio,0.0,468.54,0.0,7.0,4594.7,0.0,Exposed group,Unexposed group,0.0,0.0,Unexposed group
461,analysis,MDD diagnosis,analysis,MDD diagnosis,809,809.0,Fracture of unspecified bones,injuries & poisonings,Injuries & poisonings,injuries & poisonings,Injuries & poisonings,#5EBCD1,Both,7.0,,,,,,,,,,False,False,elevated,,Hazard ratio,7.0,468.54,0.01,25.0,4594.7,0.01,Exposed group,Unexposed group,0.01,0.01,Unexposed group
1003,analysis,MDD diagnosis,analysis,MDD diagnosis,800.2,800.2,Fracture of unspecified part of femur,injuries & poisonings,Injuries & poisonings,injuries & poisonings,Injuries & poisonings,#5EBCD1,Both,33.0,,,,,,,,,,False,False,elevated,,Hazard ratio,33.0,468.54,0.07,141.0,4594.7,0.03,Exposed group,Unexposed group,0.07,0.03,Unexposed group
482,analysis,MDD diagnosis,analysis,MDD diagnosis,805,805.0,Fracture of vertebral column without mention of spinal cord injury,injuries & poisonings,Injuries & poisonings,injuries & poisonings,Injuries & poisonings,#5EBCD1,Both,18.0,,,,,,,,,,False,False,elevated,,Hazard ratio,18.0,468.54,0.04,84.0,4594.66,0.02,Exposed group,Unexposed group,0.04,0.02,Unexposed group
609,analysis,MDD diagnosis,analysis,MDD diagnosis,850,850.0,Hemorrhage or hematoma complicating a procedure,injuries & poisonings,Injuries & poisonings,injuries & poisonings,Injuries & poisonings,#5EBCD1,Both,5.0,,,,,,,,,,False,False,elevated,,Hazard ratio,5.0,468.16,0.01,64.0,4588.9,0.01,Exposed group,Unexposed group,0.01,0.01,Unexposed group
511,analysis,MDD diagnosis,analysis,MDD diagnosis,962.3,962.3,Hormones and synthetic substitutes causing adverse effects in therapeutic use,injuries & poisonings,Injuries & poisonings,injuries & poisonings,Injuries & poisonings,#5EBCD1,Both,0.0,,,,,,,,,,False,False,elevated,,Hazard ratio,0.0,468.54,0.0,3.0,4594.71,0.0,Exposed group,Unexposed group,0.0,0.0,Unexposed group
561,analysis,MDD diagnosis,analysis,MDD diagnosis,942,942.0,Infusion and transfusion reaction,injuries & poisonings,Injuries & poisonings,injuries & poisonings,Injuries & poisonings,#5EBCD1,Both,0.0,,,,,,,,,,False,False,elevated,,Hazard ratio,0.0,468.54,0.0,0.0,4594.63,0.0,Exposed group,Unexposed group,0.0,0.0,Unexposed group
576,analysis,MDD diagnosis,analysis,MDD diagnosis,907,907.0,Injuries to the nervous system,injuries & poisonings,Injuries & poisonings,injuries & poisonings,Injuries & poisonings,#5EBCD1,Both,99.0,,,,,,,,,,False,False,elevated,,Hazard ratio,99.0,468.44,0.21,60.0,4592.82,0.01,Exposed group,Unexposed group,0.21,0.01,Unexposed group
397,analysis,MDD diagnosis,analysis,MDD diagnosis,957,957.0,Injury to other and unspecified nerves,injuries & poisonings,Injuries & poisonings,injuries & poisonings,Injuries & poisonings,#5EBCD1,Both,1.0,,,,,,,,,,False,False,elevated,,Hazard ratio,1.0,468.54,0.0,3.0,4594.69,0.0,Exposed group,Unexposed group,0.0,0.0,Unexposed group
673,analysis,MDD diagnosis,analysis,MDD diagnosis,912,912.0,Insect bite,injuries & poisonings,Injuries & poisonings,injuries & poisonings,Injuries & poisonings,#5EBCD1,Both,0.0,,,,,,,,,,False,False,elevated,,Hazard ratio,0.0,468.54,0.0,0.0,4594.71,0.0,Exposed group,Unexposed group,0.0,0.0,Unexposed group
1112,analysis,MDD diagnosis,analysis,MDD diagnosis,962.2,962.2,Insulins and antidiabetic agents causing adverse effects in therapeutic use,injuries & poisonings,Injuries & poisonings,injuries & poisonings,Injuries & poisonings,#5EBCD1,Both,1.0,,,,,,,,,,False,False,elevated,,Hazard ratio,1.0,468.54,0.0,4.0,4594.71,0.0,Exposed group,Unexposed group,0.0,0.0,Unexposed group
442,analysis,MDD diagnosis,analysis,MDD diagnosis,840.3,840.3,Joint/ligament sprain,injuries & poisonings,Injuries & poisonings,injuries & poisonings,Injuries & poisonings,#5EBCD1,Both,0.0,,,,,,,,,,False,False,elevated,,Hazard ratio,0.0,468.54,0.0,0.0,4594.71,0.0,Exposed group,Unexposed group,0.0,0.0,Unexposed group
422,analysis,MDD diagnosis,analysis,MDD diagnosis,909,909.0,Late effects of external causes,injuries & poisonings,Injuries & poisonings,injuries & poisonings,Injuries & poisonings,#5EBCD1,Both,0.0,,,,,,,,,,False,False,elevated,,Hazard ratio,0.0,468.45,0.0,0.0,4592.82,0.0,Exposed group,Unexposed group,0.0,0.0,Unexposed group
904,analysis,MDD diagnosis,analysis,MDD diagnosis,906,906.0,Late effects of injuries to skin and subcutaneous tissues,injuries & poisonings,Injuries & poisonings,injuries & poisonings,Injuries & poisonings,#5EBCD1,Both,0.0,,,,,,,,,,False,False,elevated,,Hazard ratio,0.0,468.45,0.0,0.0,4592.82,0.0,Exposed group,Unexposed group,0.0,0.0,Unexposed group
844,analysis,MDD diagnosis,analysis,MDD diagnosis,905,905.0,Late effects of musculoskeletal and connective tissue injuries,injuries & poisonings,Injuries & poisonings,injuries & poisonings,Injuries & poisonings,#5EBCD1,Both,47.0,,,,,,,,,,False,False,elevated,,Hazard ratio,47.0,468.24,0.1,225.0,4591.81,0.05,Exposed group,Unexposed group,0.1,0.05,Unexposed group
665,analysis,MDD diagnosis,analysis,MDD diagnosis,908,908.0,Late effects of other injuries,injuries & poisonings,Injuries & poisonings,injuries & poisonings,Injuries & poisonings,#5EBCD1,Both,0.0,,,,,,,,,,False,False,elevated,,Hazard ratio,0.0,468.45,0.0,0.0,4592.82,0.0,Exposed group,Unexposed group,0.0,0.0,Unexposed group
1121,analysis,MDD diagnosis,analysis,MDD diagnosis,857,857.0,"Mechanical complication of unspecified genitourinary device, implant, and graft",injuries & poisonings,Injuries & poisonings,injuries & poisonings,Injuries & poisonings,#5EBCD1,Both,2.0,,,,,,,,,,False,False,elevated,,Hazard ratio,2.0,468.16,0.0,8.0,4588.9,0.0,Exposed group,Unexposed group,0.0,0.0,Unexposed group
690,analysis,MDD diagnosis,analysis,MDD diagnosis,840.1,840.1,Muscle/tendon sprain,injuries & poisonings,Injuries & poisonings,injuries & poisonings,Injuries & poisonings,#5EBCD1,Both,0.0,,,,,,,,,,False,False,elevated,,Hazard ratio,0.0,468.54,0.0,0.0,4594.71,0.0,Exposed group,Unexposed group,0.0,0.0,Unexposed group
841,analysis,MDD diagnosis,analysis,MDD diagnosis,875,875.0,Non-healing surgical wound,injuries & poisonings,Injuries & poisonings,injuries & poisonings,Injuries & poisonings,#5EBCD1,Both,0.0,,,,,,,,,,False,False,elevated,,Hazard ratio,0.0,468.54,0.0,0.0,4594.71,0.0,Exposed group,Unexposed group,0.0,0.0,Unexposed group
491,analysis,MDD diagnosis,analysis,MDD diagnosis,870.2,870.2,Open wound of ear,injuries & poisonings,Injuries & poisonings,injuries & poisonings,Injuries & poisonings,#5EBCD1,Both,0.0,,,,,,,,,,False,False,elevated,,Hazard ratio,0.0,468.54,0.0,1.0,4594.71,0.0,Exposed group,Unexposed group,0.0,0.0,Unexposed group
818,analysis,MDD diagnosis,analysis,MDD diagnosis,871.2,871.2,Open wound of finger(s),injuries & poisonings,Injuries & poisonings,injuries & poisonings,Injuries & poisonings,#5EBCD1,Both,0.0,,,,,,,,,,False,False,elevated,,Hazard ratio,0.0,468.54,0.0,0.0,4594.71,0.0,Exposed group,Unexposed group,0.0,0.0,Unexposed group
713,analysis,MDD diagnosis,analysis,MDD diagnosis,871.3,871.3,Open wound of foot except toe(s) alone,injuries & poisonings,Injuries & poisonings,injuries & poisonings,Injuries & poisonings,#5EBCD1,Both,0.0,,,,,,,,,,False,False,elevated,,Hazard ratio,0.0,468.54,0.0,1.0,4594.71,0.0,Exposed group,Unexposed group,0.0,0.0,Unexposed group
626,analysis,MDD diagnosis,analysis,MDD diagnosis,870.8,870.8,Open wound of genital organs,injuries & poisonings,Injuries & poisonings,injuries & poisonings,Injuries & poisonings,#5EBCD1,Both,0.0,,,,,,,,,,False,False,elevated,,Hazard ratio,0.0,468.54,0.0,0.0,4594.71,0.0,Exposed group,Unexposed group,0.0,0.0,Unexposed group
453,analysis,MDD diagnosis,analysis,MDD diagnosis,871.1,871.1,Open wound of hand except finger(s),injuries & poisonings,Injuries & poisonings,injuries & poisonings,Injuries & poisonings,#5EBCD1,Both,0.0,,,,,,,,,,False,False,elevated,,Hazard ratio,0.0,468.54,0.0,0.0,4594.71,0.0,Exposed group,Unexposed group,0.0,0.0,Unexposed group
201,analysis,MDD diagnosis,analysis,MDD diagnosis,870.5,870.5,Open wound of lip and mouth,injuries & poisonings,Injuries & poisonings,injuries & poisonings,Injuries & poisonings,#5EBCD1,Both,0.0,,,,,,,,,,False,False,elevated,,Hazard ratio,0.0,468.54,0.0,0.0,4594.71,0.0,Exposed group,Unexposed group,0.0,0.0,Unexposed group
632,analysis,MDD diagnosis,analysis,MDD diagnosis,870.6,870.6,Open wound of neck,injuries & poisonings,Injuries & poisonings,injuries & poisonings,Injuries & poisonings,#5EBCD1,Both,4.0,,,,,,,,,,False,False,elevated,,Hazard ratio,4.0,468.54,0.01,8.0,4594.71,0.0,Exposed group,Unexposed group,0.01,0.0,Unexposed group
525,analysis,MDD diagnosis,analysis,MDD diagnosis,870.4,870.4,Open wound of nose and sinus,injuries & poisonings,Injuries & poisonings,injuries & poisonings,Injuries & poisonings,#5EBCD1,Both,0.0,,,,,,,,,,False,False,elevated,,Hazard ratio,0.0,468.54,0.0,0.0,4594.71,0.0,Exposed group,Unexposed group,0.0,0.0,Unexposed group
563,analysis,MDD diagnosis,analysis,MDD diagnosis,871.4,871.4,Open wound of toe(s),injuries & poisonings,Injuries & poisonings,injuries & poisonings,Injuries & poisonings,#5EBCD1,Both,0.0,,,,,,,,,,False,False,elevated,,Hazard ratio,0.0,468.54,0.0,1.0,4594.71,0.0,Exposed group,Unexposed group,0.0,0.0,Unexposed group
999,analysis,MDD diagnosis,analysis,MDD diagnosis,870.1,870.1,Open wound or laceration of eye or eyelid,injuries & poisonings,Injuries & poisonings,injuries & poisonings,Injuries & poisonings,#5EBCD1,Both,0.0,,,,,,,,,,False,False,elevated,,Hazard ratio,0.0,468.54,0.0,0.0,4594.71,0.0,Exposed group,Unexposed group,0.0,0.0,Unexposed group
1083,analysis,MDD diagnosis,analysis,MDD diagnosis,965.1,965.1,Opiates and related narcotics causing adverse effects in therapeutic use,injuries & poisonings,Injuries & poisonings,injuries & poisonings,Injuries & poisonings,#5EBCD1,Both,1.0,,,,,,,,,,False,False,elevated,,Hazard ratio,1.0,468.54,0.0,0.0,4594.71,0.0,Exposed group,Unexposed group,0.0,0.0,Unexposed group
977,analysis,MDD diagnosis,analysis,MDD diagnosis,870.3,870.3,Other open wound of head and face,injuries & poisonings,Injuries & poisonings,injuries & poisonings,Injuries & poisonings,#5EBCD1,Both,2.0,,,,,,,,,,False,False,elevated,,Hazard ratio,2.0,468.54,0.0,6.0,4594.71,0.0,Exposed group,Unexposed group,0.0,0.0,Unexposed group
840,analysis,MDD diagnosis,analysis,MDD diagnosis,842,842.0,Other sprains and strains,injuries & poisonings,Injuries & poisonings,injuries & poisonings,Injuries & poisonings,#5EBCD1,Both,0.0,,,,,,,,,,False,False,elevated,,Hazard ratio,0.0,468.54,0.0,1.0,4594.7,0.0,Exposed group,Unexposed group,0.0,0.0,Unexposed group
460,analysis,MDD diagnosis,analysis,MDD diagnosis,977,977.0,Personal history of allergy to medicinal agents,injuries & poisonings,Injuries & poisonings,injuries & poisonings,Injuries & poisonings,#5EBCD1,Both,0.0,,,,,,,,,,False,False,elevated,,Hazard ratio,0.0,468.54,0.0,0.0,4594.71,0.0,Exposed group,Unexposed group,0.0,0.0,Unexposed group
701,analysis,MDD diagnosis,analysis,MDD diagnosis,975,975.0,Poisoning by agents primarily acting on the smooth and skeletal muscles and respiratory system,injuries & poisonings,Injuries & poisonings,injuries & poisonings,Injuries & poisonings,#5EBCD1,Both,1.0,,,,,,,,,,False,False,elevated,,Hazard ratio,1.0,468.54,0.0,0.0,4594.71,0.0,Exposed group,Unexposed group,0.0,0.0,Unexposed group
1031,analysis,MDD diagnosis,analysis,MDD diagnosis,976,976.0,"Poisoning by agents primarily affecting skin & mucous membrane, ophthalmological, otorhinolaryngological, & dental drugs",injuries & poisonings,Injuries & poisonings,injuries & poisonings,Injuries & poisonings,#5EBCD1,Both,0.0,,,,,,,,,,False,False,elevated,,Hazard ratio,0.0,468.54,0.0,0.0,4594.71,0.0,Exposed group,Unexposed group,0.0,0.0,Unexposed group
1066,analysis,MDD diagnosis,analysis,MDD diagnosis,973,973.0,Poisoning by agents primarily affecting the gastrointestinal system,injuries & poisonings,Injuries & poisonings,injuries & poisonings,Injuries & poisonings,#5EBCD1,Both,1.0,,,,,,,,,,False,False,elevated,,Hazard ratio,1.0,468.54,0.0,0.0,4594.71,0.0,Exposed group,Unexposed group,0.0,0.0,Unexposed group
966,analysis,MDD diagnosis,analysis,MDD diagnosis,966,966.0,Poisoning by anticonvulsants and anti-Parkinsonism drugs,injuries & poisonings,Injuries & poisonings,injuries & poisonings,Injuries & poisonings,#5EBCD1,Both,93.0,,,,,,,,,,False,False,elevated,,Hazard ratio,93.0,468.54,0.2,34.0,4594.71,0.01,Exposed group,Unexposed group,0.2,0.01,Unexposed group
948,analysis,MDD diagnosis,analysis,MDD diagnosis,960.3,960.3,Poisoning by antifungal antibiotics,injuries & poisonings,Injuries & poisonings,injuries & poisonings,Injuries & poisonings,#5EBCD1,Both,0.0,,,,,,,,,,False,False,elevated,,Hazard ratio,0.0,468.54,0.0,0.0,4594.71,0.0,Exposed group,Unexposed group,0.0,0.0,Unexposed group
556,analysis,MDD diagnosis,analysis,MDD diagnosis,971,971.0,Poisoning by drugs primarily affecting the autonomic nervous system,injuries & poisonings,Injuries & poisonings,injuries & poisonings,Injuries & poisonings,#5EBCD1,Both,4.0,,,,,,,,,,False,False,elevated,,Hazard ratio,4.0,468.54,0.01,4.0,4594.71,0.0,Exposed group,Unexposed group,0.01,0.0,Unexposed group
761,analysis,MDD diagnosis,analysis,MDD diagnosis,969,969.0,Poisoning by psychotropic agents,injuries & poisonings,Injuries & poisonings,injuries & poisonings,Injuries & poisonings,#5EBCD1,Both,220.0,,,,,,,,,,False,False,elevated,,Hazard ratio,220.0,468.54,0.47,102.0,4594.7,0.02,Exposed group,Unexposed group,0.47,0.02,Unexposed group
788,analysis,MDD diagnosis,analysis,MDD diagnosis,974,974.0,"Poisoning by water, mineral, and uric acid metabolism drugs",injuries & poisonings,Injuries & poisonings,injuries & poisonings,Injuries & poisonings,#5EBCD1,Both,0.0,,,,,,,,,,False,False,elevated,,Hazard ratio,0.0,468.54,0.0,0.0,4594.71,0.0,Exposed group,Unexposed group,0.0,0.0,Unexposed group
672,analysis,MDD diagnosis,analysis,MDD diagnosis,961.1,961.1,Poisoning/allergy of sulfonamides,injuries & poisonings,Injuries & poisonings,injuries & poisonings,Injuries & poisonings,#5EBCD1,Both,0.0,,,,,,,,,,False,False,elevated,,Hazard ratio,0.0,468.54,0.0,0.0,4594.71,0.0,Exposed group,Unexposed group,0.0,0.0,Unexposed group
1062,analysis,MDD diagnosis,analysis,MDD diagnosis,958.1,958.1,Postoperative shock,injuries & poisonings,Injuries & poisonings,injuries & poisonings,Injuries & poisonings,#5EBCD1,Both,0.0,,,,,,,,,,False,False,elevated,,Hazard ratio,0.0,468.54,0.0,14.0,4594.71,0.0,Exposed group,Unexposed group,0.0,0.0,Unexposed group
785,analysis,MDD diagnosis,analysis,MDD diagnosis,876,876.0,Posttraumatic wound infection not elsewhere classified,injuries & poisonings,Injuries & poisonings,injuries & poisonings,Injuries & poisonings,#5EBCD1,Both,1.0,,,,,,,,,,False,False,elevated,,Hazard ratio,1.0,468.54,0.0,0.0,4594.71,0.0,Exposed group,Unexposed group,0.0,0.0,Unexposed group
1050,analysis,MDD diagnosis,analysis,MDD diagnosis,840.2,840.2,Rotator cuff (capsule) sprain,injuries & poisonings,Injuries & poisonings,injuries & poisonings,Injuries & poisonings,#5EBCD1,Both,0.0,,,,,,,,,,False,False,elevated,,Hazard ratio,0.0,468.54,0.0,0.0,4594.71,0.0,Exposed group,Unexposed group,0.0,0.0,Unexposed group
235,analysis,MDD diagnosis,analysis,MDD diagnosis,965.3,965.3,Salicylates causing adverse effects in therapeutic use,injuries & poisonings,Injuries & poisonings,injuries & poisonings,Injuries & poisonings,#5EBCD1,Both,0.0,,,,,,,,,,False,False,elevated,,Hazard ratio,0.0,468.54,0.0,1.0,4594.71,0.0,Exposed group,Unexposed group,0.0,0.0,Unexposed group
694,analysis,MDD diagnosis,analysis,MDD diagnosis,819,819.0,Skull and face fracture and other intercranial injury,injuries & poisonings,Injuries & poisonings,injuries & poisonings,Injuries & poisonings,#5EBCD1,Both,138.0,,,,,,,,,,False,False,elevated,,Hazard ratio,138.0,468.54,0.29,322.0,4594.71,0.07,Exposed group,Unexposed group,0.29,0.07,Unexposed group
477,analysis,MDD diagnosis,analysis,MDD diagnosis,952,952.0,Spinal cord injury without evidence of spinal bone injury,injuries & poisonings,Injuries & poisonings,injuries & poisonings,Injuries & poisonings,#5EBCD1,Both,17.0,,,,,,,,,,False,False,elevated,,Hazard ratio,17.0,468.54,0.04,27.0,4594.7,0.01,Exposed group,Unexposed group,0.04,0.01,Unexposed group
264,analysis,MDD diagnosis,analysis,MDD diagnosis,841,841.0,Sprains and strains of back and neck,injuries & poisonings,Injuries & poisonings,injuries & poisonings,Injuries & poisonings,#5EBCD1,Both,0.0,,,,,,,,,,False,False,elevated,,Hazard ratio,0.0,468.54,0.0,0.0,4594.71,0.0,Exposed group,Unexposed group,0.0,0.0,Unexposed group
549,analysis,MDD diagnosis,analysis,MDD diagnosis,818.2,818.2,Subarachnoid hemorrhage (injury),injuries & poisonings,Injuries & poisonings,injuries & poisonings,Injuries & poisonings,#5EBCD1,Both,1.0,,,,,,,,,,False,False,elevated,,Hazard ratio,1.0,468.54,0.0,4.0,4594.71,0.0,Exposed group,Unexposed group,0.0,0.0,Unexposed group
284,analysis,MDD diagnosis,analysis,MDD diagnosis,818.1,818.1,Subdural hemorrhage (injury),injuries & poisonings,Injuries & poisonings,injuries & poisonings,Injuries & poisonings,#5EBCD1,Both,0.0,,,,,,,,,,False,False,elevated,,Hazard ratio,0.0,468.54,0.0,0.0,4594.71,0.0,Exposed group,Unexposed group,0.0,0.0,Unexposed group
1014,analysis,MDD diagnosis,analysis,MDD diagnosis,915,915.0,Superficial injury without mention of infection,injuries & poisonings,Injuries & poisonings,injuries & poisonings,Injuries & poisonings,#5EBCD1,Both,9.0,,,,,,,,,,False,False,elevated,,Hazard ratio,9.0,468.54,0.02,52.0,4594.71,0.01,Exposed group,Unexposed group,0.02,0.01,Unexposed group
395,analysis,MDD diagnosis,analysis,MDD diagnosis,910,910.0,"Superficial injury, infected",injuries & poisonings,Injuries & poisonings,injuries & poisonings,Injuries & poisonings,#5EBCD1,Both,0.0,,,,,,,,,,False,False,elevated,,Hazard ratio,0.0,468.54,0.0,0.0,4594.71,0.0,Exposed group,Unexposed group,0.0,0.0,Unexposed group
1074,analysis,MDD diagnosis,analysis,MDD diagnosis,994.1,994.1,Systemic inflammatory response syndrome (SIRS),injuries & poisonings,Injuries & poisonings,injuries & poisonings,Injuries & poisonings,#5EBCD1,Both,0.0,,,,,,,,,,False,False,elevated,,Hazard ratio,0.0,467.62,0.0,0.0,4579.96,0.0,Exposed group,Unexposed group,0.0,0.0,Unexposed group
1058,analysis,MDD diagnosis,analysis,MDD diagnosis,823,823.0,Torus fracture,injuries & poisonings,Injuries & poisonings,injuries & poisonings,Injuries & poisonings,#5EBCD1,Both,0.0,,,,,,,,,,False,False,elevated,,Hazard ratio,0.0,468.54,0.0,0.0,4594.7,0.0,Exposed group,Unexposed group,0.0,0.0,Unexposed group
972,analysis,MDD diagnosis,analysis,MDD diagnosis,981,981.0,Toxic effect of (non-ethyl) alcohol and petroleum and other solvents,injuries & poisonings,Injuries & poisonings,injuries & poisonings,Injuries & poisonings,#5EBCD1,Both,59.0,,,,,,,,,,False,False,elevated,,Hazard ratio,59.0,468.54,0.13,107.0,4594.7,0.02,Exposed group,Unexposed group,0.13,0.02,Unexposed group
993,analysis,MDD diagnosis,analysis,MDD diagnosis,986,986.0,Toxic effect of carbon monoxide,injuries & poisonings,Injuries & poisonings,injuries & poisonings,Injuries & poisonings,#5EBCD1,Both,47.0,,,,,,,,,,False,False,elevated,,Hazard ratio,47.0,468.54,0.1,53.0,4594.71,0.01,Exposed group,Unexposed group,0.1,0.01,Unexposed group
434,analysis,MDD diagnosis,analysis,MDD diagnosis,983,983.0,"Toxic effect of corrosive aromatics, acids, and caustic alkalis",injuries & poisonings,Injuries & poisonings,injuries & poisonings,Injuries & poisonings,#5EBCD1,Both,1.0,,,,,,,,,,False,False,elevated,,Hazard ratio,1.0,468.54,0.0,0.0,4594.71,0.0,Exposed group,Unexposed group,0.0,0.0,Unexposed group
541,analysis,MDD diagnosis,analysis,MDD diagnosis,984,984.0,Toxic effect of lead and its compounds (including fumes),injuries & poisonings,Injuries & poisonings,injuries & poisonings,Injuries & poisonings,#5EBCD1,Both,2.0,,,,,,,,,,False,False,elevated,,Hazard ratio,2.0,468.54,0.0,1.0,4594.71,0.0,Exposed group,Unexposed group,0.0,0.0,Unexposed group
851,analysis,MDD diagnosis,analysis,MDD diagnosis,988,988.0,Toxic effect of noxious substances eaten as food,injuries & poisonings,Injuries & poisonings,injuries & poisonings,Injuries & poisonings,#5EBCD1,Both,0.0,,,,,,,,,,False,False,elevated,,Hazard ratio,0.0,468.54,0.0,1.0,4594.71,0.0,Exposed group,Unexposed group,0.0,0.0,Unexposed group
412,analysis,MDD diagnosis,analysis,MDD diagnosis,987,987.0,"Toxic effect of other gases, fumes, or vapors",injuries & poisonings,Injuries & poisonings,injuries & poisonings,Injuries & poisonings,#5EBCD1,Both,1.0,,,,,,,,,,False,False,elevated,,Hazard ratio,1.0,468.54,0.0,7.0,4594.71,0.0,Exposed group,Unexposed group,0.0,0.0,Unexposed group
306,analysis,MDD diagnosis,analysis,MDD diagnosis,985,985.0,Toxic effect of other metals,injuries & poisonings,Injuries & poisonings,injuries & poisonings,Injuries & poisonings,#5EBCD1,Both,0.0,,,,,,,,,,False,False,elevated,,Hazard ratio,0.0,468.54,0.0,0.0,4594.71,0.0,Exposed group,Unexposed group,0.0,0.0,Unexposed group
781,analysis,MDD diagnosis,analysis,MDD diagnosis,989,989.0,"Toxic effect of other substances, chiefly nonmedicinal as to source",injuries & poisonings,Injuries & poisonings,injuries & poisonings,Injuries & poisonings,#5EBCD1,Both,7.0,,,,,,,,,,False,False,elevated,,Hazard ratio,7.0,468.54,0.01,2.0,4594.71,0.0,Exposed group,Unexposed group,0.01,0.0,Unexposed group
1104,analysis,MDD diagnosis,analysis,MDD diagnosis,913,913.0,Toxic effect of venom,injuries & poisonings,Injuries & poisonings,injuries & poisonings,Injuries & poisonings,#5EBCD1,Both,0.0,,,,,,,,,,False,False,elevated,,Hazard ratio,0.0,468.54,0.0,0.0,4594.71,0.0,Exposed group,Unexposed group,0.0,0.0,Unexposed group
825,analysis,MDD diagnosis,analysis,MDD diagnosis,872,872.0,Traumatic amputation,injuries & poisonings,Injuries & poisonings,injuries & poisonings,Injuries & poisonings,#5EBCD1,Both,0.0,,,,,,,,,,False,False,elevated,,Hazard ratio,0.0,468.54,0.0,1.0,4594.71,0.0,Exposed group,Unexposed group,0.0,0.0,Unexposed group
1063,analysis,MDD diagnosis,analysis,MDD diagnosis,958.2,958.2,Traumatic and surgical subcutaneous emphysema,injuries & poisonings,Injuries & poisonings,injuries & poisonings,Injuries & poisonings,#5EBCD1,Both,2.0,,,,,,,,,,False,False,elevated,,Hazard ratio,2.0,468.54,0.0,2.0,4594.71,0.0,Exposed group,Unexposed group,0.0,0.0,Unexposed group
342,analysis,MDD diagnosis,analysis,MDD diagnosis,856,856.0,Vascular complications of surgery and medical procedures,injuries & poisonings,Injuries & poisonings,injuries & poisonings,Injuries & poisonings,#5EBCD1,Both,0.0,,,,,,,,,,False,False,elevated,,Hazard ratio,0.0,468.16,0.0,3.0,4588.9,0.0,Exposed group,Unexposed group,0.0,0.0,Unexposed group
91,analysis,MDD diagnosis,analysis,MDD diagnosis,300.8,300.8,Acute reaction to stress,mental disorders,Mental disorders,mental disorders,Mental disorders,#94B447,Both,1269.0,2.183516405952169,0.0407922160376525,8.877468219646111,8.877468219646111,8.877468219646111,8.195323301770655,9.61639206763196,0.0,0.0,True,True,elevated,,Hazard ratio,1269.0,454.55,2.79,1345.0,4512.19,0.3,Exposed group,Unexposed group,2.79,0.3,Unexposed group
60,analysis,MDD diagnosis,analysis,MDD diagnosis,304,304.0,Adjustment reaction,mental disorders,Mental disorders,mental disorders,Mental disorders,#94B447,Both,2462.0,2.617873048335628,0.0331755665501206,13.706539412601645,13.706539412601645,13.706539412601645,12.843642449467898,14.6274098962468,0.0,0.0,True,True,elevated,,Hazard ratio,2462.0,446.37,5.52,1707.0,4509.67,0.38,Exposed group,Unexposed group,5.52,0.38,Unexposed group
104,analysis,MDD diagnosis,analysis,MDD diagnosis,300.1,300.1,Anxiety disorder,mental disorders,Mental disorders,mental disorders,Mental disorders,#94B447,Both,6691.0,2.6450837897186563,0.0203025686449002,14.084625180464961,14.084625180464961,14.084625180464961,13.535160148534468,14.656395956694094,0.0,0.0,True,True,elevated,,Hazard ratio,6691.0,421.41,15.88,4909.0,4495.55,1.09,Exposed group,Unexposed group,15.88,1.09,Unexposed group
20,analysis,MDD diagnosis,analysis,MDD diagnosis,296.1,296.1,Bipolar,mental disorders,Mental disorders,mental disorders,Mental disorders,#94B447,Both,2981.0,3.7836100995732487,0.0455697898834215,43.97450787631353,43.97450787631353,30.0,40.217141547822564,48.08291361693403,0.0,0.0,True,True,elevated,,Hazard ratio,2981.0,440.26,6.77,694.0,4513.92,0.15,Exposed group,Unexposed group,6.77,0.15,Unexposed group
163,analysis,MDD diagnosis,analysis,MDD diagnosis,290.1,290.1,Dementias,mental disorders,Mental disorders,mental disorders,Mental disorders,#94B447,Both,1725.0,1.1070144395462362,0.0286625194800337,3.0253126440471805,3.0253126440471805,3.0253126440471805,2.8600408311775847,3.200134940193603,0.0,0.0,True,True,elevated,,Hazard ratio,1725.0,454.42,3.8,6176.0,4479.59,1.38,Exposed group,Unexposed group,3.8,1.38,Unexposed group
181,analysis,MDD diagnosis,analysis,MDD diagnosis,300.4,300.4,Dysthymic disorder,mental disorders,Mental disorders,mental disorders,Mental disorders,#94B447,Both,841.0,3.868993406522536,0.0921747505325949,47.894151867891004,47.894151867891004,30.0,39.978063671819754,57.37771098607573,0.0,0.0,True,True,elevated,,Hazard ratio,841.0,455.79,1.85,155.0,4517.08,0.03,Exposed group,Unexposed group,1.85,0.03,Unexposed group
6,analysis,MDD diagnosis,analysis,MDD diagnosis,292.2,292.2,Mild cognitive impairment,mental disorders,Mental disorders,mental disorders,Mental disorders,#94B447,Both,1122.0,1.4379928207935675,0.0373039756972934,4.212232620533336,4.212232620533336,4.212232620533336,3.9152415589746705,4.531751970402478,0.0,0.0,True,True,elevated,,Hazard ratio,1122.0,455.06,2.47,2780.0,4483.84,0.62,Exposed group,Unexposed group,2.47,0.62,Unexposed group
61,analysis,MDD diagnosis,analysis,MDD diagnosis,313.1,313.1,Attention deficit hyperactivity disorder,mental disorders,Mental disorders,mental disorders,Mental disorders,#94B447,Both,510.0,2.841126871494301,0.0820854682740463,17.135063676652354,17.135063676652354,17.135063676652354,14.588584709417699,20.12603779264413,1.678126687298112e-262,3.90164454796811e-261,True,True,elevated,,Hazard ratio,510.0,466.08,1.09,251.0,4590.16,0.05,Exposed group,Unexposed group,1.09,0.05,Unexposed group
135,analysis,MDD diagnosis,analysis,MDD diagnosis,290.3,290.3,Other persistent mental disorders due to conditions classified elsewhere,mental disorders,Mental disorders,mental disorders,Mental disorders,#94B447,Both,401.0,2.719810771103952,0.088043301420639,15.177449961101953,15.177449961101953,15.177449961101953,12.771880269025276,18.036106075972,1.5421241388074013e-209,3.187056553535296e-208,True,True,elevated,,Hazard ratio,401.0,457.96,0.88,239.0,4493.99,0.05,Exposed group,Unexposed group,0.88,0.05,Unexposed group
175,analysis,MDD diagnosis,analysis,MDD diagnosis,296.2,296.2,Depression,mental disorders,Mental disorders,mental disorders,Mental disorders,#94B447,Both,371.0,3.2334963504182963,0.1072077718835524,25.368198205581628,25.368198205581628,25.368198205581628,20.560445682708046,31.300171704882647,7.689442869015049e-200,1.4302363736367992e-198,True,True,elevated,,Hazard ratio,371.0,460.17,0.81,171.0,4517.73,0.04,Exposed group,Unexposed group,0.81,0.04,Unexposed group
145,analysis,MDD diagnosis,analysis,MDD diagnosis,300.9,300.9,Posttraumatic stress disorder,mental disorders,Mental disorders,mental disorders,Mental disorders,#94B447,Both,312.0,3.061477677407427,0.1104931857769807,21.359095707560154,21.359095707560154,21.359095707560154,17.200028370823766,26.52384982216545,5.688177806966225e-169,9.618191564506524e-168,True,True,elevated,,Hazard ratio,312.0,459.96,0.68,131.0,4517.37,0.03,Exposed group,Unexposed group,0.68,0.03,Unexposed group
155,analysis,MDD diagnosis,analysis,MDD diagnosis,297.2,297.2,Suicide or self-inflicted injury,mental disorders,Mental disorders,mental disorders,Mental disorders,#94B447,Both,318.0,3.125350330099583,0.1165889442272042,22.767869966678827,22.767869966678827,22.767869966678827,18.11673323675518,28.61310016796605,2.7084476361106067e-158,3.3584750687771517e-157,True,True,elevated,,Hazard ratio,318.0,461.73,0.69,146.0,4518.03,0.03,Exposed group,Unexposed group,0.69,0.03,Unexposed group
103,analysis,MDD diagnosis,analysis,MDD diagnosis,300.3,300.3,Obsessive-compulsive disorders,mental disorders,Mental disorders,mental disorders,Mental disorders,#94B447,Both,289.0,2.7804537008465298,0.1061368750311594,16.126335820733388,16.126335820733388,16.126335820733388,13.097553090630267,19.85551844711435,2.8849873373438663e-151,3.3537977796622445e-150,True,True,elevated,,Hazard ratio,289.0,459.8,0.63,178.0,4516.95,0.04,Exposed group,Unexposed group,0.63,0.04,Unexposed group
107,analysis,MDD diagnosis,analysis,MDD diagnosis,295.2,295.2,Paranoid disorders,mental disorders,Mental disorders,mental disorders,Mental disorders,#94B447,Both,355.0,2.0354223967366165,0.0806656312956689,7.655485094553934,7.655485094553934,7.655485094553934,6.535950338611011,8.966783558118685,1.7480180355317146e-140,1.9125373800523465e-139,True,True,elevated,,Hazard ratio,355.0,459.1,0.77,404.0,4515.75,0.09,Exposed group,Unexposed group,0.77,0.09,Unexposed group
26,analysis,MDD diagnosis,analysis,MDD diagnosis,291.4,291.4,Specific nonpsychotic mental disorders due to brain damage,mental disorders,Mental disorders,mental disorders,Mental disorders,#94B447,Both,326.0,1.9192188649155844,0.0763765962852344,6.815632459758313,6.815632459758313,6.815632459758313,5.868040348012569,7.916245129814784,2.436685919311042e-139,2.5179087832880768e-138,True,True,elevated,,Hazard ratio,326.0,458.48,0.71,457.0,4493.11,0.1,Exposed group,Unexposed group,0.71,0.1,Unexposed group
165,analysis,MDD diagnosis,analysis,MDD diagnosis,317.1,317.1,Alcoholism,mental disorders,Mental disorders,mental disorders,Mental disorders,#94B447,Both,656.0,1.1430500169858098,0.0478222079923018,3.1363196201513124,3.1363196201513124,3.1363196201513124,2.855704261786081,3.444509605344742,2.9142724802864166e-126,2.7102734066663666e-125,True,True,elevated,,Hazard ratio,656.0,464.2,1.41,1882.0,4577.79,0.41,Exposed group,Unexposed group,1.41,0.41,Unexposed group
123,analysis,MDD diagnosis,analysis,MDD diagnosis,303.4,303.4,Somatoform disorder,mental disorders,Mental disorders,mental disorders,Mental disorders,#94B447,Both,251.0,2.227693944539613,0.0940709737260225,9.278444781373874,9.278444781373874,9.278444781373874,7.716144606857996,11.157066378005533,5.661161590523098e-124,5.0141716944633156e-123,True,True,elevated,,Hazard ratio,251.0,459.93,0.55,261.0,4516.63,0.06,Exposed group,Unexposed group,0.55,0.06,Unexposed group
161,analysis,MDD diagnosis,analysis,MDD diagnosis,295.3,295.3,Psychosis,mental disorders,Mental disorders,mental disorders,Mental disorders,#94B447,Both,297.0,2.1646624846501665,0.0926703307095461,8.711661101249737,8.711661101249737,8.711661101249737,7.264711871725034,10.446806491859762,1.123192622066608e-120,9.496083077472232e-120,True,True,elevated,,Hazard ratio,297.0,459.6,0.65,357.0,4516.4,0.08,Exposed group,Unexposed group,0.65,0.08,Unexposed group
96,analysis,MDD diagnosis,analysis,MDD diagnosis,295.1,295.1,Schizophrenia,mental disorders,Mental disorders,mental disorders,Mental disorders,#94B447,Both,273.0,2.351105132931825,0.1105935039675249,10.497164078610435,10.497164078610435,10.497164078610435,8.451482461020689,13.03800300142391,2.7226732490564847e-100,2.1100717680187755e-99,True,True,elevated,,Hazard ratio,273.0,459.29,0.59,338.0,4515.44,0.07,Exposed group,Unexposed group,0.59,0.07,Unexposed group
77,analysis,MDD diagnosis,analysis,MDD diagnosis,306.9,306.9,Tension headache,mental disorders,Mental disorders,mental disorders,Mental disorders,#94B447,Both,400.0,0.8641675876073794,0.0573392347614361,2.373029924083529,2.373029924083529,2.373029924083529,2.1207773319127763,2.655286312173523,2.507518290829786e-51,1.1659960052358505e-50,True,True,elevated,,Hazard ratio,400.0,459.52,0.87,1634.0,4509.13,0.36,Exposed group,Unexposed group,0.87,0.36,Unexposed group
588,analysis,MDD diagnosis,analysis,MDD diagnosis,291.8,291.8,Alteration of consciousness,mental disorders,Mental disorders,mental disorders,Mental disorders,#94B447,Both,16.0,,,,,,,,,,False,False,elevated,,Hazard ratio,16.0,460.19,0.03,46.0,4494.68,0.01,Exposed group,Unexposed group,0.03,0.01,Unexposed group
680,analysis,MDD diagnosis,analysis,MDD diagnosis,292.4,292.4,Altered mental status,mental disorders,Mental disorders,mental disorders,Mental disorders,#94B447,Both,0.0,,,,,,,,,,False,False,elevated,,Hazard ratio,0.0,460.27,0.0,0.0,4494.92,0.0,Exposed group,Unexposed group,0.0,0.0,Unexposed group
697,analysis,MDD diagnosis,analysis,MDD diagnosis,301.2,301.2,Antisocial/borderline personality disorder,mental disorders,Mental disorders,mental disorders,Mental disorders,#94B447,Both,142.0,,,,,,,,,,False,False,elevated,,Hazard ratio,142.0,460.84,0.31,33.0,4517.86,0.01,Exposed group,Unexposed group,0.31,0.01,Unexposed group
334,analysis,MDD diagnosis,analysis,MDD diagnosis,292.1,292.1,Aphasia/speech disturbance,mental disorders,Mental disorders,mental disorders,Mental disorders,#94B447,Both,0.0,,,,,,,,,,False,False,elevated,,Hazard ratio,0.0,460.27,0.0,0.0,4494.92,0.0,Exposed group,Unexposed group,0.0,0.0,Unexposed group
518,analysis,MDD diagnosis,analysis,MDD diagnosis,313.3,313.3,Autism,mental disorders,Mental disorders,mental disorders,Mental disorders,#94B447,Both,192.0,,,,,,,,,,False,False,elevated,,Hazard ratio,192.0,467.49,0.41,98.0,4590.69,0.02,Exposed group,Unexposed group,0.41,0.02,Unexposed group
378,analysis,MDD diagnosis,analysis,MDD diagnosis,302.1,302.1,Decreased libido,mental disorders,Mental disorders,mental disorders,Mental disorders,#94B447,Both,51.0,,,,,,,,,,False,False,elevated,,Hazard ratio,51.0,461.45,0.11,138.0,4517.3,0.03,Exposed group,Unexposed group,0.11,0.03,Unexposed group
267,analysis,MDD diagnosis,analysis,MDD diagnosis,290.2,290.2,Delirium due to conditions classified elsewhere,mental disorders,Mental disorders,mental disorders,Mental disorders,#94B447,Both,238.0,,,,,,,,,,False,False,elevated,,Hazard ratio,238.0,459.19,0.52,473.0,4493.29,0.11,Exposed group,Unexposed group,0.52,0.11,Unexposed group
874,analysis,MDD diagnosis,analysis,MDD diagnosis,303.1,303.1,Dissociative disorder,mental disorders,Mental disorders,mental disorders,Mental disorders,#94B447,Both,33.0,,,,,,,,,,False,False,elevated,,Hazard ratio,33.0,461.5,0.07,37.0,4517.85,0.01,Exposed group,Unexposed group,0.07,0.01,Unexposed group
403,analysis,MDD diagnosis,analysis,MDD diagnosis,305.2,305.2,Eating disorder,mental disorders,Mental disorders,mental disorders,Mental disorders,#94B447,Both,62.0,,,,,,,,,,False,False,elevated,,Hazard ratio,62.0,461.38,0.13,55.0,4517.89,0.01,Exposed group,Unexposed group,0.13,0.01,Unexposed group
607,analysis,MDD diagnosis,analysis,MDD diagnosis,300.2,300.2,Generalized anxiety & phobic disorders,mental disorders,Mental disorders,mental disorders,Mental disorders,#94B447,Both,2.0,,,,,,,,,,False,False,elevated,,Hazard ratio,2.0,461.71,0.0,0.0,4518.03,0.0,Exposed group,Unexposed group,0.0,0.0,Unexposed group
352,analysis,MDD diagnosis,analysis,MDD diagnosis,292.6,292.6,Hallucinations,mental disorders,Mental disorders,mental disorders,Mental disorders,#94B447,Both,0.0,,,,,,,,,,False,False,elevated,,Hazard ratio,0.0,460.27,0.0,0.0,4494.92,0.0,Exposed group,Unexposed group,0.0,0.0,Unexposed group
959,analysis,MDD diagnosis,analysis,MDD diagnosis,312.3,312.3,Impulse control disorder,mental disorders,Mental disorders,mental disorders,Mental disorders,#94B447,Both,44.0,,,,,,,,,,False,False,elevated,,Hazard ratio,44.0,467.98,0.09,26.0,4591.01,0.01,Exposed group,Unexposed group,0.09,0.01,Unexposed group
531,analysis,MDD diagnosis,analysis,MDD diagnosis,315.1,315.1,Learning disorder,mental disorders,Mental disorders,mental disorders,Mental disorders,#94B447,Both,7.0,,,,,,,,,,False,False,elevated,,Hazard ratio,7.0,468.21,0.01,1.0,4591.12,0.0,Exposed group,Unexposed group,0.01,0.0,Unexposed group
213,analysis,MDD diagnosis,analysis,MDD diagnosis,292.3,292.3,Memory loss,mental disorders,Mental disorders,mental disorders,Mental disorders,#94B447,Both,0.0,,,,,,,,,,False,False,elevated,,Hazard ratio,0.0,460.27,0.0,0.0,4494.92,0.0,Exposed group,Unexposed group,0.0,0.0,Unexposed group
1105,analysis,MDD diagnosis,analysis,MDD diagnosis,306.1,306.1,Mental disorders durring/after pregnancy,mental disorders,Mental disorders,mental disorders,Mental disorders,#94B447,Female,0.0,,,,,,,,,,False,False,elevated,,Hazard ratio,0.0,277.8,0.0,0.0,2698.63,0.0,Exposed group,Unexposed group,0.0,0.0,Unexposed group
729,analysis,MDD diagnosis,analysis,MDD diagnosis,315.3,315.3,Mental retardation,mental disorders,Mental disorders,mental disorders,Mental disorders,#94B447,Both,83.0,,,,,,,,,,False,False,elevated,,Hazard ratio,83.0,467.74,0.18,268.0,4590.43,0.06,Exposed group,Unexposed group,0.18,0.06,Unexposed group
836,analysis,MDD diagnosis,analysis,MDD diagnosis,316.1,316.1,Polyneuropathy due to drugs,mental disorders,Mental disorders,mental disorders,Mental disorders,#94B447,Both,7.0,,,,,,,,,,False,False,elevated,,Hazard ratio,7.0,467.94,0.01,66.0,4585.1,0.01,Exposed group,Unexposed group,0.01,0.01,Unexposed group
899,analysis,MDD diagnosis,analysis,MDD diagnosis,303.3,303.3,Psychogenic disorder,mental disorders,Mental disorders,mental disorders,Mental disorders,#94B447,Both,226.0,,,,,,,,,,False,False,elevated,,Hazard ratio,226.0,460.44,0.49,1426.0,4510.8,0.32,Exposed group,Unexposed group,0.49,0.32,Unexposed group
807,analysis,MDD diagnosis,analysis,MDD diagnosis,301.1,301.1,Schizoid personality disorder,mental disorders,Mental disorders,mental disorders,Mental disorders,#94B447,Both,55.0,,,,,,,,,,False,False,elevated,,Hazard ratio,55.0,461.23,0.12,26.0,4517.82,0.01,Exposed group,Unexposed group,0.12,0.01,Unexposed group
415,analysis,MDD diagnosis,analysis,MDD diagnosis,315.2,315.2,Speech and language disorder,mental disorders,Mental disorders,mental disorders,Mental disorders,#94B447,Both,8.0,,,,,,,,,,False,False,elevated,,Hazard ratio,8.0,468.22,0.02,22.0,4591.07,0.0,Exposed group,Unexposed group,0.02,0.0,Unexposed group
742,analysis,MDD diagnosis,analysis,MDD diagnosis,297.1,297.1,Suicidal ideation,mental disorders,Mental disorders,mental disorders,Mental disorders,#94B447,Both,0.0,,,,,,,,,,False,False,elevated,,Hazard ratio,0.0,461.74,0.0,0.0,4518.03,0.0,Exposed group,Unexposed group,0.0,0.0,Unexposed group
604,analysis,MDD diagnosis,analysis,MDD diagnosis,293.1,293.1,"Swelling, mass, or lump in head and neck [Space-occupying lesion, intracranial NOS]",mental disorders,Mental disorders,mental disorders,Mental disorders,#94B447,Both,0.0,,,,,,,,,,False,False,elevated,,Hazard ratio,0.0,468.54,0.0,0.0,4594.71,0.0,Exposed group,Unexposed group,0.0,0.0,Unexposed group
775,analysis,MDD diagnosis,analysis,MDD diagnosis,313.2,313.2,Tics and stuttering,mental disorders,Mental disorders,mental disorders,Mental disorders,#94B447,Both,18.0,,,,,,,,,,False,False,elevated,,Hazard ratio,18.0,468.13,0.04,36.0,4590.93,0.01,Exposed group,Unexposed group,0.04,0.01,Unexposed group
314,analysis,MDD diagnosis,analysis,MDD diagnosis,318,318.0,Tobacco use disorder,mental disorders,Mental disorders,mental disorders,Mental disorders,#94B447,Both,130.0,,,,,,,,,,False,False,elevated,,Hazard ratio,130.0,467.78,0.28,566.0,4584.19,0.12,Exposed group,Unexposed group,0.28,0.12,Unexposed group
427,analysis,MDD diagnosis,analysis,MDD diagnosis,292.5,292.5,Transient alteration of awareness,mental disorders,Mental disorders,mental disorders,Mental disorders,#94B447,Both,0.0,,,,,,,,,,False,False,elevated,,Hazard ratio,0.0,460.27,0.0,0.0,4494.92,0.0,Exposed group,Unexposed group,0.0,0.0,Unexposed group
1118,analysis,MDD diagnosis,analysis,MDD diagnosis,291.1,291.1,Transient mental disorders due to conditions classified elsewhere,mental disorders,Mental disorders,mental disorders,Mental disorders,#94B447,Both,190.0,,,,,,,,,,False,False,elevated,,Hazard ratio,190.0,458.89,0.41,221.0,4493.86,0.05,Exposed group,Unexposed group,0.41,0.05,Unexposed group
164,analysis,MDD diagnosis,analysis,MDD diagnosis,745,745.0,Pain in joint,musculoskeletal,Musculoskeletal diseases,musculoskeletal,Musculoskeletal diseases,#7FCDBB,Both,1757.0,0.3621337229471354,0.0260759845350447,1.4363910075570463,1.4363910075570463,1.4363910075570463,1.3648230591775243,1.5117118022859992,7.528147163851663e-44,2.91715702599252e-43,True,True,elevated,,Hazard ratio,1757.0,450.22,3.9,12010.0,4396.16,2.73,Exposed group,Unexposed group,3.9,2.73,Unexposed group
110,analysis,MDD diagnosis,analysis,MDD diagnosis,743.2,743.2,Pathologic fracture,musculoskeletal,Musculoskeletal diseases,musculoskeletal,Musculoskeletal diseases,#7FCDBB,Both,481.0,0.6670622884036316,0.0514682403723262,1.9485047594255613,1.9485047594255613,1.9485047594255613,1.7615331490551203,2.1553217999562397,2.0448448740084033e-38,7.457669540501236e-38,True,True,elevated,,Hazard ratio,481.0,463.63,1.04,2465.0,4533.93,0.54,Exposed group,Unexposed group,1.04,0.54,Unexposed group
130,analysis,MDD diagnosis,analysis,MDD diagnosis,733.8,733.8,Malunion and nonunion of fracture,musculoskeletal,Musculoskeletal diseases,musculoskeletal,Musculoskeletal diseases,#7FCDBB,Both,284.0,0.6447746666625367,0.0667495802295051,1.905557595238174,1.905557595238174,1.905557595238174,1.6718745624878781,2.1719032218340963,4.47580648633103e-22,1.2425373230710022e-21,True,True,elevated,,Hazard ratio,284.0,454.11,0.63,1367.0,4385.42,0.31,Exposed group,Unexposed group,0.63,0.31,Unexposed group
49,analysis,MDD diagnosis,analysis,MDD diagnosis,743.1,743.1,Osteoporosis,musculoskeletal,Musculoskeletal diseases,musculoskeletal,Musculoskeletal diseases,#7FCDBB,Both,636.0,0.3756129425448596,0.0433990633910063,1.4558835141335698,1.4558835141335698,1.4558835141335698,1.337163766027738,1.585143765166864,4.935046257186695e-18,1.161922283337627e-17,True,True,elevated,,Hazard ratio,636.0,462.13,1.38,4346.0,4519.84,0.96,Exposed group,Unexposed group,1.38,0.96,Unexposed group
50,analysis,MDD diagnosis,analysis,MDD diagnosis,735.2,735.2,Acquired toe deformities,musculoskeletal,Musculoskeletal diseases,musculoskeletal,Musculoskeletal diseases,#7FCDBB,Both,811.0,0.3119044396283229,0.0382306730162275,1.3660241490167622,1.3660241490167622,1.3660241490167622,1.2674060361453214,1.472315834452133,3.392478972186665e-16,7.337221963101393e-16,True,True,elevated,,Hazard ratio,811.0,454.89,1.78,5749.0,4414.08,1.3,Exposed group,Unexposed group,1.78,1.3,Unexposed group
69,analysis,MDD diagnosis,analysis,MDD diagnosis,722.9,722.9,Other and unspecified disc disorder,musculoskeletal,Musculoskeletal diseases,musculoskeletal,Musculoskeletal diseases,#7FCDBB,Both,263.0,0.5150750871379804,0.0683420499869711,1.673764175240814,1.673764175240814,1.673764175240814,1.4639301009748433,1.9136750535111127,4.8192920402374117e-14,9.536045951959132e-14,True,True,elevated,,Hazard ratio,263.0,451.74,0.58,1496.0,4358.41,0.34,Exposed group,Unexposed group,0.58,0.34,Unexposed group
85,analysis,MDD diagnosis,analysis,MDD diagnosis,740.9,740.9,Osteoarthrosis NOS,musculoskeletal,Musculoskeletal diseases,musculoskeletal,Musculoskeletal diseases,#7FCDBB,Both,1006.0,0.2539969420903617,0.0342551574554225,1.289167862102946,1.289167862102946,1.289167862102946,1.205454691939447,1.378694518999445,1.2176018298244397e-13,2.3591035452848523e-13,True,True,elevated,,Hazard ratio,1006.0,438.82,2.29,7449.0,4148.4,1.8,Exposed group,Unexposed group,2.29,1.8,Unexposed group
9,analysis,MDD diagnosis,analysis,MDD diagnosis,726.1,726.1,Enthesopathy,musculoskeletal,Musculoskeletal diseases,musculoskeletal,Musculoskeletal diseases,#7FCDBB,Both,1636.0,0.1963264156217354,0.0267655274195943,1.216924063536273,1.216924063536273,1.216924063536273,1.1547293434979888,1.2824686449272817,2.216428233052519e-13,4.2500582613172014e-13,True,True,elevated,,Hazard ratio,1636.0,427.53,3.83,12844.0,4031.83,3.19,Exposed group,Unexposed group,3.83,3.19,Unexposed group
139,analysis,MDD diagnosis,analysis,MDD diagnosis,742.9,742.9,Other derangement of joint,musculoskeletal,Musculoskeletal diseases,musculoskeletal,Musculoskeletal diseases,#7FCDBB,Both,337.0,0.4313831857948942,0.0598474003935967,1.5393853075390027,1.5393853075390027,1.5393853075390027,1.3690023748298148,1.7309737138779882,5.675787581660274e-13,1.0556964901888108e-12,True,True,elevated,,Hazard ratio,337.0,462.09,0.73,2078.0,4508.99,0.46,Exposed group,Unexposed group,0.73,0.46,Unexposed group
108,analysis,MDD diagnosis,analysis,MDD diagnosis,716.9,716.9,Arthropathy NOS,musculoskeletal,Musculoskeletal diseases,musculoskeletal,Musculoskeletal diseases,#7FCDBB,Both,1179.0,0.216426704157796,0.0314765667104906,1.2416320755498647,1.2416320755498647,1.2416320755498647,1.1673458101034482,1.3206456884422675,6.1641191868682866e-12,1.1351744245123775e-11,True,True,elevated,,Hazard ratio,1179.0,449.67,2.62,9349.0,4325.8,2.16,Exposed group,Unexposed group,2.62,2.16,Unexposed group
65,analysis,MDD diagnosis,analysis,MDD diagnosis,740.1,740.1,Osteoarthritis; localized,musculoskeletal,Musculoskeletal diseases,musculoskeletal,Musculoskeletal diseases,#7FCDBB,Both,3958.0,0.1063711915416061,0.0171321304238811,1.1122346519875068,1.1122346519875068,1.1122346519875068,1.0755070404451743,1.1502164788895508,5.336653159717361e-10,8.942499889256121e-10,True,True,elevated,,Hazard ratio,3958.0,421.08,9.4,34357.0,3983.29,8.63,Exposed group,Unexposed group,9.4,8.63,Unexposed group
13,analysis,MDD diagnosis,analysis,MDD diagnosis,726.3,726.3,Bursitis,musculoskeletal,Musculoskeletal diseases,musculoskeletal,Musculoskeletal diseases,#7FCDBB,Both,390.0,0.2817623112596835,0.0551153483131222,1.3254636347604887,1.3254636347604887,1.3254636347604887,1.1897417045528218,1.4766682888810894,3.183786436839852e-07,4.853969485673873e-07,True,True,elevated,,Hazard ratio,390.0,433.87,0.9,2822.0,4084.91,0.69,Exposed group,Unexposed group,0.9,0.69,Unexposed group
156,analysis,MDD diagnosis,analysis,MDD diagnosis,735.3,735.3,Hallux valgus (Bunion),musculoskeletal,Musculoskeletal diseases,musculoskeletal,Musculoskeletal diseases,#7FCDBB,Both,776.0,0.1891632572380688,0.0387353689957764,1.2082381900120671,1.2082381900120671,1.2082381900120671,1.1199028427575846,1.3035412252450498,1.0423167246945438e-06,1.5146164905717589e-06,True,True,elevated,,Hazard ratio,776.0,454.74,1.71,6125.0,4409.19,1.39,Exposed group,Unexposed group,1.71,1.39,Unexposed group
117,analysis,MDD diagnosis,analysis,MDD diagnosis,727.1,727.1,Synovitis and tenosynovitis,musculoskeletal,Musculoskeletal diseases,musculoskeletal,Musculoskeletal diseases,#7FCDBB,Both,947.0,0.1639874106630063,0.0350461698115482,1.1781994822490267,1.1781994822490267,1.1781994822490267,1.0999854119275851,1.2619749361396624,2.880215455635803e-06,4.120923651909687e-06,True,True,elevated,,Hazard ratio,947.0,430.85,2.2,7536.0,4057.12,1.86,Exposed group,Unexposed group,2.2,1.86,Unexposed group
87,analysis,MDD diagnosis,analysis,MDD diagnosis,716.2,716.2,Unspecified monoarthritis,musculoskeletal,Musculoskeletal diseases,musculoskeletal,Musculoskeletal diseases,#7FCDBB,Both,315.0,0.2169090579896025,0.0609694993493733,1.2422311260047263,1.2422311260047263,1.2422311260047263,1.1023109495063887,1.3999118589051325,0.000374165975979,0.0004866774233014,True,True,elevated,,Hazard ratio,315.0,453.91,0.69,2475.0,4358.66,0.57,Exposed group,Unexposed group,0.69,0.57,Unexposed group
56,analysis,MDD diagnosis,analysis,MDD diagnosis,714.1,714.1,Rheumatoid arthritis,musculoskeletal,Musculoskeletal diseases,musculoskeletal,Musculoskeletal diseases,#7FCDBB,Both,385.0,-0.065911571351823,0.054095770046318,0.9362136487386693,0.9362136487386693,0.9362136487386693,0.8420302991549864,1.040931658830061,0.2230629818819828,0.2412192711049349,False,False,protective,,Hazard ratio,385.0,453.68,0.85,3927.0,4359.54,0.9,Exposed group,Unexposed group,0.85,0.9,Unexposed group
14,analysis,MDD diagnosis,analysis,MDD diagnosis,728.7,728.7,Fasciitis,musculoskeletal,Musculoskeletal diseases,musculoskeletal,Musculoskeletal diseases,#7FCDBB,Both,438.0,0.0423161376676621,0.0511876430269416,1.0432242290993998,1.0432242290993998,1.0432242290993998,0.9436389609004043,1.1533190523858656,0.4084147284220264,0.4243862541145078,False,False,elevated,,Hazard ratio,438.0,433.61,1.01,4078.0,4078.76,1.0,Exposed group,Unexposed group,1.01,1.0,Unexposed group
101,analysis,MDD diagnosis,analysis,MDD diagnosis,727.4,727.4,"Ganglion and cyst of synovium, tendon, and bursa",musculoskeletal,Musculoskeletal diseases,musculoskeletal,Musculoskeletal diseases,#7FCDBB,Both,339.0,0.0165273423767546,0.0581434119992264,1.0166646744345884,1.0166646744345884,1.0166646744345884,0.9071624434838791,1.1393847570162947,0.7762177789206322,0.7846549286915085,False,False,elevated,,Hazard ratio,339.0,434.1,0.78,3102.0,4082.79,0.76,Exposed group,Unexposed group,0.78,0.76,Unexposed group
985,analysis,MDD diagnosis,analysis,MDD diagnosis,736.2,736.2,Acquired deformities of finger,musculoskeletal,Musculoskeletal diseases,musculoskeletal,Musculoskeletal diseases,#7FCDBB,Both,32.0,,,,,,,,,,False,False,elevated,,Hazard ratio,32.0,459.05,0.07,304.0,4443.94,0.07,Exposed group,Unexposed group,0.07,0.07,Unexposed group
686,analysis,MDD diagnosis,analysis,MDD diagnosis,736.1,736.1,Acquired deformities of forearm,musculoskeletal,Musculoskeletal diseases,musculoskeletal,Musculoskeletal diseases,#7FCDBB,Both,1.0,,,,,,,,,,False,False,elevated,,Hazard ratio,1.0,459.14,0.0,0.0,4445.28,0.0,Exposed group,Unexposed group,0.0,0.0,Unexposed group
1088,analysis,MDD diagnosis,analysis,MDD diagnosis,736.3,736.3,Acquired deformities of hip,musculoskeletal,Musculoskeletal diseases,musculoskeletal,Musculoskeletal diseases,#7FCDBB,Both,0.0,,,,,,,,,,False,False,elevated,,Hazard ratio,0.0,459.17,0.0,0.0,4445.28,0.0,Exposed group,Unexposed group,0.0,0.0,Unexposed group
379,analysis,MDD diagnosis,analysis,MDD diagnosis,736.5,736.5,Acquired deformities of knee,musculoskeletal,Musculoskeletal diseases,musculoskeletal,Musculoskeletal diseases,#7FCDBB,Both,0.0,,,,,,,,,,False,False,elevated,,Hazard ratio,0.0,459.17,0.0,0.0,4445.28,0.0,Exposed group,Unexposed group,0.0,0.0,Unexposed group
1040,analysis,MDD diagnosis,analysis,MDD diagnosis,738.4,738.4,Acquired spondylolisthesis,musculoskeletal,Musculoskeletal diseases,musculoskeletal,Musculoskeletal diseases,#7FCDBB,Both,139.0,,,,,,,,,,False,False,elevated,,Hazard ratio,139.0,458.53,0.3,825.0,4440.93,0.19,Exposed group,Unexposed group,0.3,0.19,Unexposed group
891,analysis,MDD diagnosis,analysis,MDD diagnosis,715.2,715.2,Ankylosing spondylitis,musculoskeletal,Musculoskeletal diseases,musculoskeletal,Musculoskeletal diseases,#7FCDBB,Both,49.0,,,,,,,,,,False,False,elevated,,Hazard ratio,49.0,455.78,0.11,404.0,4382.53,0.09,Exposed group,Unexposed group,0.11,0.09,Unexposed group
865,analysis,MDD diagnosis,analysis,MDD diagnosis,741.1,741.1,Ankylosis of joint,musculoskeletal,Musculoskeletal diseases,musculoskeletal,Musculoskeletal diseases,#7FCDBB,Both,3.0,,,,,,,,,,False,False,elevated,,Hazard ratio,3.0,463.89,0.01,30.0,4520.21,0.01,Exposed group,Unexposed group,0.01,0.01,Unexposed group
266,analysis,MDD diagnosis,analysis,MDD diagnosis,713.5,713.5,Arthropathy associated with neurological disorders,musculoskeletal,Musculoskeletal diseases,musculoskeletal,Musculoskeletal diseases,#7FCDBB,Both,2.0,,,,,,,,,,False,False,elevated,,Hazard ratio,2.0,455.2,0.0,3.0,4371.29,0.0,Exposed group,Unexposed group,0.0,0.0,Unexposed group
619,analysis,MDD diagnosis,analysis,MDD diagnosis,742.8,742.8,Articular cartilage disorder,musculoskeletal,Musculoskeletal diseases,musculoskeletal,Musculoskeletal diseases,#7FCDBB,Both,14.0,,,,,,,,,,False,False,elevated,,Hazard ratio,14.0,463.82,0.03,71.0,4519.92,0.02,Exposed group,Unexposed group,0.03,0.02,Unexposed group
1075,analysis,MDD diagnosis,analysis,MDD diagnosis,733.4,733.4,Aseptic necrosis of bone,musculoskeletal,Musculoskeletal diseases,musculoskeletal,Musculoskeletal diseases,#7FCDBB,Both,211.0,,,,,,,,,,False,False,elevated,,Hazard ratio,211.0,454.63,0.46,1142.0,4387.44,0.26,Exposed group,Unexposed group,0.46,0.26,Unexposed group
373,analysis,MDD diagnosis,analysis,MDD diagnosis,711.3,711.3,Behcet's syndrome,musculoskeletal,Musculoskeletal diseases,musculoskeletal,Musculoskeletal diseases,#7FCDBB,Both,2.0,,,,,,,,,,False,False,elevated,,Hazard ratio,2.0,455.2,0.0,16.0,4371.16,0.0,Exposed group,Unexposed group,0.0,0.0,Unexposed group
1065,analysis,MDD diagnosis,analysis,MDD diagnosis,727.2,727.2,Bursitis disorders,musculoskeletal,Musculoskeletal diseases,musculoskeletal,Musculoskeletal diseases,#7FCDBB,Both,42.0,,,,,,,,,,False,False,elevated,,Hazard ratio,42.0,435.63,0.1,356.0,4098.21,0.09,Exposed group,Unexposed group,0.1,0.09,Unexposed group
265,analysis,MDD diagnosis,analysis,MDD diagnosis,726.4,726.4,Calcaneal spur; Exostosis NOS,musculoskeletal,Musculoskeletal diseases,musculoskeletal,Musculoskeletal diseases,#7FCDBB,Both,46.0,,,,,,,,,,False,False,elevated,,Hazard ratio,46.0,435.62,0.11,282.0,4098.84,0.07,Exposed group,Unexposed group,0.11,0.07,Unexposed group
927,analysis,MDD diagnosis,analysis,MDD diagnosis,733.9,733.9,Chondromalacia,musculoskeletal,Musculoskeletal diseases,musculoskeletal,Musculoskeletal diseases,#7FCDBB,Both,1.0,,,,,,,,,,False,False,elevated,,Hazard ratio,1.0,455.52,0.0,9.0,4392.29,0.0,Exposed group,Unexposed group,0.0,0.0,Unexposed group
416,analysis,MDD diagnosis,analysis,MDD diagnosis,739,739.0,Contracture of joint,musculoskeletal,Musculoskeletal diseases,musculoskeletal,Musculoskeletal diseases,#7FCDBB,Both,76.0,,,,,,,,,,False,False,elevated,,Hazard ratio,76.0,458.87,0.17,452.0,4443.18,0.1,Exposed group,Unexposed group,0.17,0.1,Unexposed group
437,analysis,MDD diagnosis,analysis,MDD diagnosis,727.7,727.7,Contracture of tendon (sheath),musculoskeletal,Musculoskeletal diseases,musculoskeletal,Musculoskeletal diseases,#7FCDBB,Both,13.0,,,,,,,,,,False,False,elevated,,Hazard ratio,13.0,435.82,0.03,83.0,4099.84,0.02,Exposed group,Unexposed group,0.03,0.02,Unexposed group
507,analysis,MDD diagnosis,analysis,MDD diagnosis,733.6,733.6,Costochondritis,musculoskeletal,Musculoskeletal diseases,musculoskeletal,Musculoskeletal diseases,#7FCDBB,Both,138.0,,,,,,,,,,False,False,elevated,,Hazard ratio,138.0,454.79,0.3,681.0,4388.71,0.16,Exposed group,Unexposed group,0.3,0.16,Unexposed group
382,analysis,MDD diagnosis,analysis,MDD diagnosis,733.2,733.2,Cyst of bone,musculoskeletal,Musculoskeletal diseases,musculoskeletal,Musculoskeletal diseases,#7FCDBB,Both,11.0,,,,,,,,,,False,False,elevated,,Hazard ratio,11.0,455.47,0.02,111.0,4391.77,0.03,Exposed group,Unexposed group,0.02,0.03,Unexposed group
587,analysis,MDD diagnosis,analysis,MDD diagnosis,722.6,722.6,Degeneration of intervertebral disc,musculoskeletal,Musculoskeletal diseases,musculoskeletal,Musculoskeletal diseases,#7FCDBB,Both,29.0,,,,,,,,,,False,False,elevated,,Hazard ratio,29.0,452.98,0.06,160.0,4364.86,0.04,Exposed group,Unexposed group,0.06,0.04,Unexposed group
514,analysis,MDD diagnosis,analysis,MDD diagnosis,741.3,741.3,Difficulty in walking,musculoskeletal,Musculoskeletal diseases,musculoskeletal,Musculoskeletal diseases,#7FCDBB,Both,0.0,,,,,,,,,,False,False,elevated,,Hazard ratio,0.0,463.9,0.0,2.0,4520.3,0.0,Exposed group,Unexposed group,0.0,0.0,Unexposed group
394,analysis,MDD diagnosis,analysis,MDD diagnosis,724.2,724.2,Disorders of coccyx,musculoskeletal,Musculoskeletal diseases,musculoskeletal,Musculoskeletal diseases,#7FCDBB,Both,0.0,,,,,,,,,,False,False,elevated,,Hazard ratio,0.0,453.17,0.0,1.0,4365.96,0.0,Exposed group,Unexposed group,0.0,0.0,Unexposed group
282,analysis,MDD diagnosis,analysis,MDD diagnosis,724.1,724.1,Disorders of sacrum,musculoskeletal,Musculoskeletal diseases,musculoskeletal,Musculoskeletal diseases,#7FCDBB,Both,0.0,,,,,,,,,,False,False,elevated,,Hazard ratio,0.0,453.17,0.0,0.0,4365.97,0.0,Exposed group,Unexposed group,0.0,0.0,Unexposed group
909,analysis,MDD diagnosis,analysis,MDD diagnosis,722.1,722.1,Displacement of intervertebral disc,musculoskeletal,Musculoskeletal diseases,musculoskeletal,Musculoskeletal diseases,#7FCDBB,Both,14.0,,,,,,,,,,False,False,elevated,,Hazard ratio,14.0,452.99,0.03,120.0,4363.78,0.03,Exposed group,Unexposed group,0.03,0.03,Unexposed group
582,analysis,MDD diagnosis,analysis,MDD diagnosis,735.1,735.1,Flat foot,musculoskeletal,Musculoskeletal diseases,musculoskeletal,Musculoskeletal diseases,#7FCDBB,Both,171.0,,,,,,,,,,False,False,elevated,,Hazard ratio,171.0,458.4,0.37,1162.0,4439.65,0.26,Exposed group,Unexposed group,0.37,0.26,Unexposed group
736,analysis,MDD diagnosis,analysis,MDD diagnosis,736.4,736.4,Genu valgum or varum (acquired),musculoskeletal,Musculoskeletal diseases,musculoskeletal,Musculoskeletal diseases,#7FCDBB,Both,0.0,,,,,,,,,,False,False,elevated,,Hazard ratio,0.0,459.17,0.0,0.0,4445.28,0.0,Exposed group,Unexposed group,0.0,0.0,Unexposed group
653,analysis,MDD diagnosis,analysis,MDD diagnosis,741.5,741.5,Hemarthrosis,musculoskeletal,Musculoskeletal diseases,musculoskeletal,Musculoskeletal diseases,#7FCDBB,Both,23.0,,,,,,,,,,False,False,elevated,,Hazard ratio,23.0,463.79,0.05,198.0,4519.4,0.04,Exposed group,Unexposed group,0.05,0.04,Unexposed group
856,analysis,MDD diagnosis,analysis,MDD diagnosis,712,712.0,Infective connective tissue disorders,musculoskeletal,Musculoskeletal diseases,musculoskeletal,Musculoskeletal diseases,#7FCDBB,Both,13.0,,,,,,,,,,False,False,elevated,,Hazard ratio,13.0,455.17,0.03,60.0,4371.05,0.01,Exposed group,Unexposed group,0.03,0.01,Unexposed group
667,analysis,MDD diagnosis,analysis,MDD diagnosis,722.7,722.7,Intervertebral disc disorder with myelopathy,musculoskeletal,Musculoskeletal diseases,musculoskeletal,Musculoskeletal diseases,#7FCDBB,Both,56.0,,,,,,,,,,False,False,elevated,,Hazard ratio,56.0,452.86,0.12,252.0,4364.69,0.06,Exposed group,Unexposed group,0.12,0.06,Unexposed group
1080,analysis,MDD diagnosis,analysis,MDD diagnosis,741.4,741.4,Joint effusions,musculoskeletal,Musculoskeletal diseases,musculoskeletal,Musculoskeletal diseases,#7FCDBB,Both,169.0,,,,,,,,,,False,False,elevated,,Hazard ratio,169.0,463.09,0.36,1279.0,4513.52,0.28,Exposed group,Unexposed group,0.36,0.28,Unexposed group
821,analysis,MDD diagnosis,analysis,MDD diagnosis,732.1,732.1,Juvenile osteochondrosis,musculoskeletal,Musculoskeletal diseases,musculoskeletal,Musculoskeletal diseases,#7FCDBB,Both,26.0,,,,,,,,,,False,False,elevated,,Hazard ratio,26.0,455.41,0.06,231.0,4391.03,0.05,Exposed group,Unexposed group,0.06,0.05,Unexposed group
557,analysis,MDD diagnosis,analysis,MDD diagnosis,714.2,714.2,Juvenile rheumatoid arthritis,musculoskeletal,Musculoskeletal diseases,musculoskeletal,Musculoskeletal diseases,#7FCDBB,Both,8.0,,,,,,,,,,False,False,elevated,,Hazard ratio,8.0,456.06,0.02,44.0,4384.85,0.01,Exposed group,Unexposed group,0.02,0.01,Unexposed group
906,analysis,MDD diagnosis,analysis,MDD diagnosis,716.3,716.3,Kaschin-Beck disease,musculoskeletal,Musculoskeletal diseases,musculoskeletal,Musculoskeletal diseases,#7FCDBB,Both,0.0,,,,,,,,,,False,False,elevated,,Hazard ratio,0.0,455.2,0.0,7.0,4371.23,0.0,Exposed group,Unexposed group,0.0,0.0,Unexposed group
620,analysis,MDD diagnosis,analysis,MDD diagnosis,737.3,737.3,Kyphoscoliosis and scoliosis,musculoskeletal,Musculoskeletal diseases,musculoskeletal,Musculoskeletal diseases,#7FCDBB,Both,83.0,,,,,,,,,,False,False,elevated,,Hazard ratio,83.0,458.82,0.18,442.0,4443.48,0.1,Exposed group,Unexposed group,0.18,0.1,Unexposed group
1082,analysis,MDD diagnosis,analysis,MDD diagnosis,737.1,737.1,Kyphosis (acquired),musculoskeletal,Musculoskeletal diseases,musculoskeletal,Musculoskeletal diseases,#7FCDBB,Both,18.0,,,,,,,,,,False,False,elevated,,Hazard ratio,18.0,459.12,0.04,89.0,4444.98,0.02,Exposed group,Unexposed group,0.04,0.02,Unexposed group
814,analysis,MDD diagnosis,analysis,MDD diagnosis,728.2,728.2,Laxity of ligament or hypermobility syndrome,musculoskeletal,Musculoskeletal diseases,musculoskeletal,Musculoskeletal diseases,#7FCDBB,Both,52.0,,,,,,,,,,False,False,elevated,,Hazard ratio,52.0,435.62,0.12,372.0,4098.38,0.09,Exposed group,Unexposed group,0.12,0.09,Unexposed group
399,analysis,MDD diagnosis,analysis,MDD diagnosis,742.1,742.1,Loose body in joint,musculoskeletal,Musculoskeletal diseases,musculoskeletal,Musculoskeletal diseases,#7FCDBB,Both,13.0,,,,,,,,,,False,False,elevated,,Hazard ratio,13.0,463.83,0.03,160.0,4519.41,0.04,Exposed group,Unexposed group,0.03,0.04,Unexposed group
1042,analysis,MDD diagnosis,analysis,MDD diagnosis,737.2,737.2,Lordosis (acquired),musculoskeletal,Musculoskeletal diseases,musculoskeletal,Musculoskeletal diseases,#7FCDBB,Both,2.0,,,,,,,,,,False,False,elevated,,Hazard ratio,2.0,459.16,0.0,19.0,4445.15,0.0,Exposed group,Unexposed group,0.0,0.0,Unexposed group
1067,analysis,MDD diagnosis,analysis,MDD diagnosis,728.1,728.1,Muscular calcification and ossification,musculoskeletal,Musculoskeletal diseases,musculoskeletal,Musculoskeletal diseases,#7FCDBB,Both,9.0,,,,,,,,,,False,False,elevated,,Hazard ratio,9.0,435.8,0.02,43.0,4100.06,0.01,Exposed group,Unexposed group,0.02,0.01,Unexposed group
936,analysis,MDD diagnosis,analysis,MDD diagnosis,729.7,729.7,Nontraumatic compartment syndrome,musculoskeletal,Musculoskeletal diseases,musculoskeletal,Musculoskeletal diseases,#7FCDBB,Both,0.0,,,,,,,,,,False,False,elevated,,Hazard ratio,0.0,435.87,0.0,0.0,4100.3,0.0,Exposed group,Unexposed group,0.0,0.0,Unexposed group
330,analysis,MDD diagnosis,analysis,MDD diagnosis,731.1,731.1,Osteitis deformans [Paget's disease of bone],musculoskeletal,Musculoskeletal diseases,musculoskeletal,Musculoskeletal diseases,#7FCDBB,Both,5.0,,,,,,,,,,False,False,elevated,,Hazard ratio,5.0,455.51,0.01,32.0,4392.16,0.01,Exposed group,Unexposed group,0.01,0.01,Unexposed group
958,analysis,MDD diagnosis,analysis,MDD diagnosis,740.3,740.3,"Osteoarthrosis involving more than one site, but not specified as generalized",musculoskeletal,Musculoskeletal diseases,musculoskeletal,Musculoskeletal diseases,#7FCDBB,Both,1.0,,,,,,,,,,False,False,elevated,,Hazard ratio,1.0,443.46,0.0,7.0,4184.98,0.0,Exposed group,Unexposed group,0.0,0.0,Unexposed group
1096,analysis,MDD diagnosis,analysis,MDD diagnosis,740.2,740.2,"Osteoarthrosis, generalized",musculoskeletal,Musculoskeletal diseases,musculoskeletal,Musculoskeletal diseases,#7FCDBB,Both,214.0,,,,,,,,,,False,False,elevated,,Hazard ratio,214.0,442.2,0.48,1628.0,4174.66,0.39,Exposed group,Unexposed group,0.48,0.39,Unexposed group
884,analysis,MDD diagnosis,analysis,MDD diagnosis,732.7,732.7,Osteochondritis dissecans,musculoskeletal,Musculoskeletal diseases,musculoskeletal,Musculoskeletal diseases,#7FCDBB,Both,14.0,,,,,,,,,,False,False,elevated,,Hazard ratio,14.0,455.44,0.03,133.0,4391.57,0.03,Exposed group,Unexposed group,0.03,0.03,Unexposed group
961,analysis,MDD diagnosis,analysis,MDD diagnosis,710.1,710.1,Osteomyelitis,musculoskeletal,Musculoskeletal diseases,musculoskeletal,Musculoskeletal diseases,#7FCDBB,Both,201.0,,,,,,,,,,False,False,elevated,,Hazard ratio,201.0,454.34,0.44,1013.0,4366.7,0.23,Exposed group,Unexposed group,0.44,0.23,Unexposed group
408,analysis,MDD diagnosis,analysis,MDD diagnosis,710.3,710.3,Osteopathy resulting from poliomyelitis,musculoskeletal,Musculoskeletal diseases,musculoskeletal,Musculoskeletal diseases,#7FCDBB,Both,1.0,,,,,,,,,,False,False,elevated,,Hazard ratio,1.0,455.2,0.0,4.0,4371.27,0.0,Exposed group,Unexposed group,0.0,0.0,Unexposed group
615,analysis,MDD diagnosis,analysis,MDD diagnosis,743.9,743.9,Osteopenia or other disorder of bone and cartilage,musculoskeletal,Musculoskeletal diseases,musculoskeletal,Musculoskeletal diseases,#7FCDBB,Both,186.0,,,,,,,,,,False,False,elevated,,Hazard ratio,186.0,464.22,0.4,1298.0,4535.0,0.29,Exposed group,Unexposed group,0.4,0.29,Unexposed group
833,analysis,MDD diagnosis,analysis,MDD diagnosis,721.8,721.8,Other allied disorders of spine,musculoskeletal,Musculoskeletal diseases,musculoskeletal,Musculoskeletal diseases,#7FCDBB,Both,57.0,,,,,,,,,,False,False,elevated,,Hazard ratio,57.0,452.91,0.13,246.0,4364.75,0.06,Exposed group,Unexposed group,0.13,0.06,Unexposed group
551,analysis,MDD diagnosis,analysis,MDD diagnosis,724.8,724.8,Other symptoms referable to back,musculoskeletal,Musculoskeletal diseases,musculoskeletal,Musculoskeletal diseases,#7FCDBB,Both,215.0,,,,,,,,,,False,False,elevated,,Hazard ratio,215.0,452.27,0.48,1453.0,4359.93,0.33,Exposed group,Unexposed group,0.48,0.33,Unexposed group
274,analysis,MDD diagnosis,analysis,MDD diagnosis,724.9,724.9,Other unspecified back disorders,musculoskeletal,Musculoskeletal diseases,musculoskeletal,Musculoskeletal diseases,#7FCDBB,Both,77.0,,,,,,,,,,False,False,elevated,,Hazard ratio,77.0,452.78,0.17,332.0,4364.48,0.08,Exposed group,Unexposed group,0.17,0.08,Unexposed group
1028,analysis,MDD diagnosis,analysis,MDD diagnosis,716.8,716.8,Palindromic rheumatism,musculoskeletal,Musculoskeletal diseases,musculoskeletal,Musculoskeletal diseases,#7FCDBB,Both,4.0,,,,,,,,,,False,False,elevated,,Hazard ratio,4.0,455.19,0.01,101.0,4370.61,0.02,Exposed group,Unexposed group,0.01,0.02,Unexposed group
255,analysis,MDD diagnosis,analysis,MDD diagnosis,729.3,729.3,Panniculitis,musculoskeletal,Musculoskeletal diseases,musculoskeletal,Musculoskeletal diseases,#7FCDBB,Both,13.0,,,,,,,,,,False,False,elevated,,Hazard ratio,13.0,435.8,0.03,107.0,4099.72,0.03,Exposed group,Unexposed group,0.03,0.03,Unexposed group
664,analysis,MDD diagnosis,analysis,MDD diagnosis,742.2,742.2,"Pathological, developmental or recurrent dislocation",musculoskeletal,Musculoskeletal diseases,musculoskeletal,Musculoskeletal diseases,#7FCDBB,Both,19.0,,,,,,,,,,False,False,elevated,,Hazard ratio,19.0,463.76,0.04,71.0,4519.92,0.02,Exposed group,Unexposed group,0.04,0.02,Unexposed group
367,analysis,MDD diagnosis,analysis,MDD diagnosis,710.2,710.2,Periostitis,musculoskeletal,Musculoskeletal diseases,musculoskeletal,Musculoskeletal diseases,#7FCDBB,Both,0.0,,,,,,,,,,False,False,elevated,,Hazard ratio,0.0,455.2,0.0,0.0,4371.29,0.0,Exposed group,Unexposed group,0.0,0.0,Unexposed group
1041,analysis,MDD diagnosis,analysis,MDD diagnosis,727.8,727.8,Plica syndrome,musculoskeletal,Musculoskeletal diseases,musculoskeletal,Musculoskeletal diseases,#7FCDBB,Both,0.0,,,,,,,,,,False,False,elevated,,Hazard ratio,0.0,435.87,0.0,0.0,4100.3,0.0,Exposed group,Unexposed group,0.0,0.0,Unexposed group
1025,analysis,MDD diagnosis,analysis,MDD diagnosis,717,717.0,Polymyalgia Rheumatica,musculoskeletal,Musculoskeletal diseases,musculoskeletal,Musculoskeletal diseases,#7FCDBB,Both,212.0,,,,,,,,,,False,False,elevated,,Hazard ratio,212.0,466.64,0.45,1904.0,4571.73,0.42,Exposed group,Unexposed group,0.45,0.42,Unexposed group
926,analysis,MDD diagnosis,analysis,MDD diagnosis,722.8,722.8,Postlaminectomy syndrome,musculoskeletal,Musculoskeletal diseases,musculoskeletal,Musculoskeletal diseases,#7FCDBB,Both,4.0,,,,,,,,,,False,False,elevated,,Hazard ratio,4.0,453.15,0.01,21.0,4365.85,0.0,Exposed group,Unexposed group,0.01,0.0,Unexposed group
515,analysis,MDD diagnosis,analysis,MDD diagnosis,711.1,711.1,Pyogenic arthritis,musculoskeletal,Musculoskeletal diseases,musculoskeletal,Musculoskeletal diseases,#7FCDBB,Both,175.0,,,,,,,,,,False,False,elevated,,Hazard ratio,175.0,454.27,0.39,1116.0,4364.73,0.26,Exposed group,Unexposed group,0.39,0.26,Unexposed group
939,analysis,MDD diagnosis,analysis,MDD diagnosis,711.2,711.2,Reiter's disease,musculoskeletal,Musculoskeletal diseases,musculoskeletal,Musculoskeletal diseases,#7FCDBB,Both,3.0,,,,,,,,,,False,False,elevated,,Hazard ratio,3.0,455.19,0.01,30.0,4371.08,0.01,Exposed group,Unexposed group,0.01,0.01,Unexposed group
699,analysis,MDD diagnosis,analysis,MDD diagnosis,729.1,729.1,"Rheumatism, unspecified and fibrositis",musculoskeletal,Musculoskeletal diseases,musculoskeletal,Musculoskeletal diseases,#7FCDBB,Both,111.0,,,,,,,,,,False,False,elevated,,Hazard ratio,111.0,434.93,0.26,397.0,4096.76,0.1,Exposed group,Unexposed group,0.26,0.1,Unexposed group
1005,analysis,MDD diagnosis,analysis,MDD diagnosis,727.5,727.5,Rupture of synovium,musculoskeletal,Musculoskeletal diseases,musculoskeletal,Musculoskeletal diseases,#7FCDBB,Both,186.0,,,,,,,,,,False,False,elevated,,Hazard ratio,186.0,434.97,0.43,1369.0,4093.4,0.33,Exposed group,Unexposed group,0.43,0.33,Unexposed group
389,analysis,MDD diagnosis,analysis,MDD diagnosis,727.6,727.6,"Rupture of tendon, nontraumatic",musculoskeletal,Musculoskeletal diseases,musculoskeletal,Musculoskeletal diseases,#7FCDBB,Both,118.0,,,,,,,,,,False,False,elevated,,Hazard ratio,118.0,435.17,0.27,1059.0,4094.25,0.26,Exposed group,Unexposed group,0.27,0.26,Unexposed group
1038,analysis,MDD diagnosis,analysis,MDD diagnosis,715.1,715.1,Sacroiliitis NEC,musculoskeletal,Musculoskeletal diseases,musculoskeletal,Musculoskeletal diseases,#7FCDBB,Both,40.0,,,,,,,,,,False,False,elevated,,Hazard ratio,40.0,455.89,0.09,192.0,4384.17,0.04,Exposed group,Unexposed group,0.09,0.04,Unexposed group
472,analysis,MDD diagnosis,analysis,MDD diagnosis,722.3,722.3,Schmorl's nodes,musculoskeletal,Musculoskeletal diseases,musculoskeletal,Musculoskeletal diseases,#7FCDBB,Both,2.0,,,,,,,,,,False,False,elevated,,Hazard ratio,2.0,453.16,0.0,14.0,4365.83,0.0,Exposed group,Unexposed group,0.0,0.0,Unexposed group
1109,analysis,MDD diagnosis,analysis,MDD diagnosis,715.3,715.3,Spinal enthesopathy,musculoskeletal,Musculoskeletal diseases,musculoskeletal,Musculoskeletal diseases,#7FCDBB,Both,47.0,,,,,,,,,,False,False,elevated,,Hazard ratio,47.0,455.92,0.1,223.0,4383.99,0.05,Exposed group,Unexposed group,0.1,0.05,Unexposed group
319,analysis,MDD diagnosis,analysis,MDD diagnosis,720.1,720.1,Spinal stenosis of lumbar region,musculoskeletal,Musculoskeletal diseases,musculoskeletal,Musculoskeletal diseases,#7FCDBB,Both,0.0,,,,,,,,,,False,False,elevated,,Hazard ratio,0.0,453.17,0.0,0.0,4365.97,0.0,Exposed group,Unexposed group,0.0,0.0,Unexposed group
743,analysis,MDD diagnosis,analysis,MDD diagnosis,721.2,721.2,Spondylosis with myelopathy,musculoskeletal,Musculoskeletal diseases,musculoskeletal,Musculoskeletal diseases,#7FCDBB,Both,18.0,,,,,,,,,,False,False,elevated,,Hazard ratio,18.0,453.05,0.04,92.0,4365.34,0.02,Exposed group,Unexposed group,0.04,0.02,Unexposed group
698,analysis,MDD diagnosis,analysis,MDD diagnosis,721.1,721.1,Spondylosis without myelopathy,musculoskeletal,Musculoskeletal diseases,musculoskeletal,Musculoskeletal diseases,#7FCDBB,Both,137.0,,,,,,,,,,False,False,elevated,,Hazard ratio,137.0,452.44,0.3,925.0,4361.05,0.21,Exposed group,Unexposed group,0.3,0.21,Unexposed group
766,analysis,MDD diagnosis,analysis,MDD diagnosis,741.2,741.2,Stiffness of joint,musculoskeletal,Musculoskeletal diseases,musculoskeletal,Musculoskeletal diseases,#7FCDBB,Both,7.0,,,,,,,,,,False,False,elevated,,Hazard ratio,7.0,463.88,0.02,87.0,4520.01,0.02,Exposed group,Unexposed group,0.02,0.02,Unexposed group
391,analysis,MDD diagnosis,analysis,MDD diagnosis,743.4,743.4,Stress fracture,musculoskeletal,Musculoskeletal diseases,musculoskeletal,Musculoskeletal diseases,#7FCDBB,Both,2.0,,,,,,,,,,False,False,elevated,,Hazard ratio,2.0,465.23,0.0,19.0,4541.86,0.0,Exposed group,Unexposed group,0.0,0.0,Unexposed group
1023,analysis,MDD diagnosis,analysis,MDD diagnosis,726.2,726.2,Synoviopathy,musculoskeletal,Musculoskeletal diseases,musculoskeletal,Musculoskeletal diseases,#7FCDBB,Both,80.0,,,,,,,,,,False,False,elevated,,Hazard ratio,80.0,435.41,0.18,625.0,4096.79,0.15,Exposed group,Unexposed group,0.18,0.15,Unexposed group
613,analysis,MDD diagnosis,analysis,MDD diagnosis,723.1,723.1,Torticollis,musculoskeletal,Musculoskeletal diseases,musculoskeletal,Musculoskeletal diseases,#7FCDBB,Both,45.0,,,,,,,,,,False,False,elevated,,Hazard ratio,45.0,452.97,0.1,388.0,4364.0,0.09,Exposed group,Unexposed group,0.1,0.09,Unexposed group
287,analysis,MDD diagnosis,analysis,MDD diagnosis,736.6,736.6,Unequal leg length (acquired),musculoskeletal,Musculoskeletal diseases,musculoskeletal,Musculoskeletal diseases,#7FCDBB,Both,0.0,,,,,,,,,,False,False,elevated,,Hazard ratio,0.0,459.17,0.0,0.0,4445.28,0.0,Exposed group,Unexposed group,0.0,0.0,Unexposed group
853,analysis,MDD diagnosis,analysis,MDD diagnosis,716.1,716.1,Unspecified polyarthropathy or polyarthritis,musculoskeletal,Musculoskeletal diseases,musculoskeletal,Musculoskeletal diseases,#7FCDBB,Both,77.0,,,,,,,,,,False,False,elevated,,Hazard ratio,77.0,454.74,0.17,481.0,4368.4,0.11,Exposed group,Unexposed group,0.17,0.11,Unexposed group
1054,analysis,MDD diagnosis,analysis,MDD diagnosis,741.6,741.6,Villonodular synovitis,musculoskeletal,Musculoskeletal diseases,musculoskeletal,Musculoskeletal diseases,#7FCDBB,Both,5.0,,,,,,,,,,False,False,elevated,,Hazard ratio,5.0,463.87,0.01,87.0,4519.79,0.02,Exposed group,Unexposed group,0.01,0.02,Unexposed group
109,analysis,MDD diagnosis,analysis,MDD diagnosis,208,208.0,Benign neoplasm of colon,neoplasms,Neoplasms,neoplasms,Neoplasms,#8C9EB2,Both,966.0,0.3322060418689242,0.0350446388547071,1.3940400495409448,1.3940400495409448,1.3940400495409448,1.3015014371967653,1.493158289482794,2.5547729922015885e-21,6.788396807849935e-21,True,True,elevated,,Hazard ratio,966.0,458.22,2.11,6938.0,4464.01,1.55,Exposed group,Unexposed group,2.11,1.55,Unexposed group
178,analysis,MDD diagnosis,analysis,MDD diagnosis,158,158.0,Neoplasm of unspecified nature of digestive system,neoplasms,Neoplasms,neoplasms,Neoplasms,#8C9EB2,Both,959.0,0.1571147027616367,0.0346945832351799,1.1701298233258794,1.1701298233258794,1.1701298233258794,1.0932045308302556,1.252468101643144,5.9401591951254166e-06,8.370224320403996e-06,True,True,elevated,,Hazard ratio,959.0,461.6,2.08,8212.0,4511.02,1.82,Exposed group,Unexposed group,2.08,1.82,Unexposed group
148,analysis,MDD diagnosis,analysis,MDD diagnosis,174.3,174.3,Neoplasm of uncertain behavior of breast,neoplasms,Neoplasms,neoplasms,Neoplasms,#8C9EB2,Both,306.0,0.258106966327951,0.0622950422572328,1.2944772766998343,1.2944772766998343,1.2944772766998343,1.1456918421711035,1.4625847529094704,3.423456070341457e-05,4.682079625614051e-05,True,True,elevated,,Hazard ratio,306.0,440.14,0.7,2173.0,4129.75,0.53,Exposed group,Unexposed group,0.7,0.53,Unexposed group
89,analysis,MDD diagnosis,analysis,MDD diagnosis,165.1,165.1,Cancer of bronchus; lung,neoplasms,Neoplasms,neoplasms,Neoplasms,#8C9EB2,Both,636.0,0.1763118246526248,0.043036919844846,1.1928099482132382,1.1928099482132382,1.1928099482132382,1.096320378277786,1.2977917776111607,4.189773741480962e-05,5.688305955587291e-05,True,True,elevated,,Hazard ratio,636.0,466.73,1.36,5185.0,4568.46,1.13,Exposed group,Unexposed group,1.36,1.13,Unexposed group
84,analysis,MDD diagnosis,analysis,MDD diagnosis,180.3,180.3,Cervical intraepithelial neoplasia [CIN] [Cervical dysplasia],neoplasms,Neoplasms,neoplasms,Neoplasms,#8C9EB2,Female,296.0,0.1920073040610136,0.0641354930338066,1.2116793671126058,1.2116793671126058,1.2116793671126058,1.0685490900880572,1.3739816937801295,0.0027554810159311,0.0034629693848863,True,True,elevated,,Hazard ratio,296.0,243.04,1.22,1892.0,2110.16,0.9,Exposed group,Unexposed group,1.22,0.9,Unexposed group
106,analysis,MDD diagnosis,analysis,MDD diagnosis,189.2,189.2,Cancer of bladder,neoplasms,Neoplasms,neoplasms,Neoplasms,#8C9EB2,Both,357.0,0.1674582131081311,0.0570086608616819,1.1822958846823877,1.1822958846823877,1.1822958846823877,1.0573029065881896,1.322065370507252,0.0033095868394037,0.004131430551202,True,True,elevated,,Hazard ratio,357.0,465.16,0.77,3107.0,4544.96,0.68,Exposed group,Unexposed group,0.77,0.68,Unexposed group
131,analysis,MDD diagnosis,analysis,MDD diagnosis,215,215.0,Other benign neoplasm of connective and other soft tissue,neoplasms,Neoplasms,neoplasms,Neoplasms,#8C9EB2,Both,366.0,0.1622749905843622,0.0561776006923182,1.1761836362791351,1.1761836362791351,1.1761836362791351,1.0535515584615547,1.313089933890778,0.0038695279232777,0.0047982146248643,True,True,elevated,,Hazard ratio,366.0,461.57,0.79,2982.0,4493.97,0.66,Exposed group,Unexposed group,0.79,0.66,Unexposed group
111,analysis,MDD diagnosis,analysis,MDD diagnosis,172.1,172.1,"Melanomas of skin, dx or hx",neoplasms,Neoplasms,neoplasms,Neoplasms,#8C9EB2,Both,421.0,-0.1413556466719655,0.0515852564949363,0.8681804912830564,0.8681804912830564,0.8681804912830564,0.784692977316926,0.9605506704312784,0.0061395554173355,0.0075626311763206,True,False,protective,,Hazard ratio,421.0,455.42,0.92,4882.0,4368.73,1.12,Exposed group,Unexposed group,0.92,1.12,Unexposed group
115,analysis,MDD diagnosis,analysis,MDD diagnosis,185,185.0,Cancer of prostate,neoplasms,Neoplasms,neoplasms,Neoplasms,#8C9EB2,Male,887.0,-0.0820151981172166,0.0358045728330179,0.9212579572035304,0.9212579572035304,0.9212579572035304,0.8588232326642341,0.9882315608509353,0.0219845483618258,0.0265527662032441,True,False,protective,,Hazard ratio,887.0,168.72,5.26,9544.0,1595.25,5.98,Exposed group,Unexposed group,5.26,5.98,Unexposed group
29,analysis,MDD diagnosis,analysis,MDD diagnosis,173,173.0,Neoplasm of uncertain behavior of skin,neoplasms,Neoplasms,neoplasms,Neoplasms,#8C9EB2,Both,1255.0,0.0674566757129996,0.030267307729465,1.0697839109687115,1.0697839109687115,1.0697839109687115,1.0081659132302507,1.1351679333222393,0.0258340328996538,0.0310008394795846,True,True,elevated,,Hazard ratio,1255.0,452.26,2.77,11682.0,4344.07,2.69,Exposed group,Unexposed group,2.77,2.69,Unexposed group
141,analysis,MDD diagnosis,analysis,MDD diagnosis,195.1,195.1,"Malignant neoplasm, other",neoplasms,Neoplasms,neoplasms,Neoplasms,#8C9EB2,Both,290.0,0.1243071568718578,0.0631365275092805,1.1323636308586857,1.1323636308586857,1.1323636308586857,1.0005597195382225,1.2815300950584416,0.0489688546680101,0.0576468795458853,False,False,elevated,,Hazard ratio,290.0,462.28,0.63,2522.0,4486.66,0.56,Exposed group,Unexposed group,0.63,0.56,Unexposed group
25,analysis,MDD diagnosis,analysis,MDD diagnosis,153.3,153.3,"Malignant neoplasm of rectum, rectosigmoid junction, and anus",neoplasms,Neoplasms,neoplasms,Neoplasms,#8C9EB2,Both,292.0,-0.1167001911872487,0.0619973854009546,0.8898519386283373,0.8898519386283373,0.8898519386283373,0.7880331932693846,1.0048262934146803,0.0597897950934976,0.069505636796191,False,False,protective,,Hazard ratio,292.0,458.5,0.64,3298.0,4431.9,0.74,Exposed group,Unexposed group,0.64,0.74,Unexposed group
8,analysis,MDD diagnosis,analysis,MDD diagnosis,198.1,198.1,Secondary malignancy of lymph nodes,neoplasms,Neoplasms,neoplasms,Neoplasms,#8C9EB2,Both,284.0,0.11228741305279,0.063680708999073,1.1188343820434181,1.1188343820434181,1.1188343820434181,0.9875513568866106,1.2675698997456861,0.0778519730655088,0.0893855987048434,False,False,elevated,,Hazard ratio,284.0,462.07,0.61,2526.0,4484.26,0.56,Exposed group,Unexposed group,0.61,0.56,Unexposed group
147,analysis,MDD diagnosis,analysis,MDD diagnosis,174.1,174.1,Breast cancer [female],neoplasms,Neoplasms,neoplasms,Neoplasms,#8C9EB2,Female,953.0,0.0552206627670509,0.034801458125214,1.0567737795754901,1.0567737795754901,1.0567737795754901,0.9870938132713551,1.1313725262821224,0.1125728639154516,0.1253805550196047,False,False,elevated,,Hazard ratio,953.0,250.79,3.8,8164.0,2249.64,3.63,Exposed group,Unexposed group,3.8,3.63,Unexposed group
122,analysis,MDD diagnosis,analysis,MDD diagnosis,214.1,214.1,Lipoma of skin and subcutaneous tissue,neoplasms,Neoplasms,neoplasms,Neoplasms,#8C9EB2,Both,312.0,0.0802468305287124,0.0605601980506194,1.0835544889971356,1.0835544889971356,1.0835544889971356,0.9622787035447955,1.2201146365401068,0.1851461341161651,0.2037703014532941,False,False,elevated,,Hazard ratio,312.0,461.91,0.68,2789.0,4493.17,0.62,Exposed group,Unexposed group,0.68,0.62,Unexposed group
48,analysis,MDD diagnosis,analysis,MDD diagnosis,198.2,198.2,Secondary malignancy of respiratory organs,neoplasms,Neoplasms,neoplasms,Neoplasms,#8C9EB2,Both,297.0,0.0706426376211143,0.0621814391762097,1.0731976368717744,1.0731976368717744,1.0731976368717744,0.9500572973899496,1.2122986381466903,0.2559261251114213,0.2751575680388692,False,False,elevated,,Hazard ratio,297.0,462.3,0.64,2744.0,4486.92,0.61,Exposed group,Unexposed group,0.64,0.61,Unexposed group
72,analysis,MDD diagnosis,analysis,MDD diagnosis,218.1,218.1,Uterine leiomyoma,neoplasms,Neoplasms,neoplasms,Neoplasms,#8C9EB2,Female,551.0,0.0500629387950648,0.0458124441403454,1.051337264194356,1.051337264194356,1.051337264194356,0.9610494142488382,1.1501073999900304,0.2744902506684923,0.2934206127835607,False,False,elevated,,Hazard ratio,551.0,247.36,2.23,4536.0,2188.83,2.07,Exposed group,Unexposed group,2.23,2.07,Unexposed group
100,analysis,MDD diagnosis,analysis,MDD diagnosis,172.2,172.2,Other non-epithelial cancer of skin,neoplasms,Neoplasms,neoplasms,Neoplasms,#8C9EB2,Both,2182.0,0.0195436895555981,0.0229074922918668,1.0197359176965197,1.0197359176965197,1.0197359176965197,0.9749637430057883,1.0665641151274994,0.3935721933240333,0.4112608312262371,False,False,elevated,,Hazard ratio,2182.0,447.16,4.88,21546.0,4290.06,5.02,Exposed group,Unexposed group,4.88,5.02,Unexposed group
97,analysis,MDD diagnosis,analysis,MDD diagnosis,198.4,198.4,Secondary malignant neoplasm of liver,neoplasms,Neoplasms,neoplasms,Neoplasms,#8C9EB2,Both,395.0,0.0200747441941445,0.0536444898419499,1.0202775970036289,1.0202775970036289,1.0202775970036289,0.9184494089720922,1.133395443209578,0.70824198771016,0.7238077456818118,False,False,elevated,,Hazard ratio,395.0,462.26,0.85,3854.0,4486.37,0.86,Exposed group,Unexposed group,0.85,0.86,Unexposed group
31,analysis,MDD diagnosis,analysis,MDD diagnosis,153.2,153.2,Colon cancer,neoplasms,Neoplasms,neoplasms,Neoplasms,#8C9EB2,Both,543.0,-0.0107705632073791,0.0457308872080441,0.9892872316281114,0.9892872316281114,0.9892872316281114,0.9044727496450312,1.082054961906269,0.8138047392771218,0.8182036838137549,False,False,protective,,Hazard ratio,543.0,457.72,1.19,5498.0,4425.36,1.24,Exposed group,Unexposed group,1.19,1.24,Unexposed group
93,analysis,MDD diagnosis,analysis,MDD diagnosis,198.6,198.6,Secondary malignancy of bone,neoplasms,Neoplasms,neoplasms,Neoplasms,#8C9EB2,Both,317.0,0.0059961094245934,0.0598870132856675,1.006014122072649,1.006014122072649,1.006014122072649,0.8945965570205048,1.1313081923546968,0.9202461190324704,0.9202461190324704,False,False,elevated,,Hazard ratio,317.0,462.19,0.69,3157.0,4486.35,0.7,Exposed group,Unexposed group,0.69,0.7,Unexposed group
402,analysis,MDD diagnosis,analysis,MDD diagnosis,175,175.0,Acquired absence of breast,neoplasms,Neoplasms,neoplasms,Neoplasms,#8C9EB2,Female,0.0,,,,,,,,,,False,False,elevated,,Hazard ratio,0.0,255.15,0.0,0.0,2287.94,0.0,Exposed group,Unexposed group,0.0,0.0,Unexposed group
1056,analysis,MDD diagnosis,analysis,MDD diagnosis,227.1,227.1,Benign neoplasm of adrenal gland,neoplasms,Neoplasms,neoplasms,Neoplasms,#8C9EB2,Both,84.0,,,,,,,,,,False,False,elevated,,Hazard ratio,84.0,465.16,0.18,592.0,4542.6,0.13,Exposed group,Unexposed group,0.18,0.13,Unexposed group
780,analysis,MDD diagnosis,analysis,MDD diagnosis,213,213.0,Benign neoplasm of bone and articular cartilage,neoplasms,Neoplasms,neoplasms,Neoplasms,#8C9EB2,Both,76.0,,,,,,,,,,False,False,elevated,,Hazard ratio,76.0,465.6,0.16,643.0,4551.94,0.14,Exposed group,Unexposed group,0.16,0.14,Unexposed group
847,analysis,MDD diagnosis,analysis,MDD diagnosis,225.1,225.1,"Benign neoplasm of brain, cranial nerves, meninges",neoplasms,Neoplasms,neoplasms,Neoplasms,#8C9EB2,Both,168.0,,,,,,,,,,False,False,elevated,,Hazard ratio,168.0,464.55,0.36,1314.0,4538.32,0.29,Exposed group,Unexposed group,0.36,0.29,Unexposed group
560,analysis,MDD diagnosis,analysis,MDD diagnosis,224.1,224.1,"Benign neoplasm of eye, uveal",neoplasms,Neoplasms,neoplasms,Neoplasms,#8C9EB2,Both,40.0,,,,,,,,,,False,False,elevated,,Hazard ratio,40.0,465.34,0.09,454.0,4543.37,0.1,Exposed group,Unexposed group,0.09,0.1,Unexposed group
846,analysis,MDD diagnosis,analysis,MDD diagnosis,223,223.0,Benign neoplasm of kidney and other urinary organs,neoplasms,Neoplasms,neoplasms,Neoplasms,#8C9EB2,Both,45.0,,,,,,,,,,False,False,elevated,,Hazard ratio,45.0,465.91,0.1,283.0,4554.34,0.06,Exposed group,Unexposed group,0.1,0.06,Unexposed group
451,analysis,MDD diagnosis,analysis,MDD diagnosis,210,210.0,"Benign neoplasm of lip, oral cavity, and pharynx",neoplasms,Neoplasms,neoplasms,Neoplasms,#8C9EB2,Both,197.0,,,,,,,,,,False,False,elevated,,Hazard ratio,197.0,464.75,0.42,1548.0,4540.61,0.34,Exposed group,Unexposed group,0.42,0.34,Unexposed group
642,analysis,MDD diagnosis,analysis,MDD diagnosis,229.1,229.1,Benign neoplasm of lymph nodes,neoplasms,Neoplasms,neoplasms,Neoplasms,#8C9EB2,Both,6.0,,,,,,,,,,False,False,elevated,,Hazard ratio,6.0,467.87,0.01,24.0,4584.43,0.01,Exposed group,Unexposed group,0.01,0.01,Unexposed group
703,analysis,MDD diagnosis,analysis,MDD diagnosis,222,222.0,Benign neoplasm of male genital organs,neoplasms,Neoplasms,neoplasms,Neoplasms,#8C9EB2,Male,7.0,,,,,,,,,,False,False,elevated,,Hazard ratio,7.0,181.57,0.04,57.0,1764.25,0.03,Exposed group,Unexposed group,0.04,0.03,Unexposed group
544,analysis,MDD diagnosis,analysis,MDD diagnosis,221,221.0,Benign neoplasm of other female genital organs,neoplasms,Neoplasms,neoplasms,Neoplasms,#8C9EB2,Female,24.0,,,,,,,,,,False,False,elevated,,Hazard ratio,24.0,241.51,0.1,238.0,2073.93,0.11,Exposed group,Unexposed group,0.1,0.11,Unexposed group
216,analysis,MDD diagnosis,analysis,MDD diagnosis,211,211.0,Benign neoplasm of other parts of digestive system,neoplasms,Neoplasms,neoplasms,Neoplasms,#8C9EB2,Both,208.0,,,,,,,,,,False,False,elevated,,Hazard ratio,208.0,460.52,0.45,1385.0,4467.3,0.31,Exposed group,Unexposed group,0.45,0.31,Unexposed group
533,analysis,MDD diagnosis,analysis,MDD diagnosis,220,220.0,Benign neoplasm of ovary,neoplasms,Neoplasms,neoplasms,Neoplasms,#8C9EB2,Female,109.0,,,,,,,,,,False,False,elevated,,Hazard ratio,109.0,240.81,0.45,895.0,2069.37,0.43,Exposed group,Unexposed group,0.45,0.43,Unexposed group
496,analysis,MDD diagnosis,analysis,MDD diagnosis,227.2,227.2,Benign neoplasm of parathyroid gland,neoplasms,Neoplasms,neoplasms,Neoplasms,#8C9EB2,Both,68.0,,,,,,,,,,False,False,elevated,,Hazard ratio,68.0,465.06,0.15,519.0,4541.83,0.11,Exposed group,Unexposed group,0.15,0.11,Unexposed group
774,analysis,MDD diagnosis,analysis,MDD diagnosis,227.3,227.3,Benign neoplasm of pituitary gland and craniopharyngeal duct (pouch),neoplasms,Neoplasms,neoplasms,Neoplasms,#8C9EB2,Both,52.0,,,,,,,,,,False,False,elevated,,Hazard ratio,52.0,465.22,0.11,326.0,4543.27,0.07,Exposed group,Unexposed group,0.11,0.07,Unexposed group
778,analysis,MDD diagnosis,analysis,MDD diagnosis,212,212.0,Benign neoplasm of respiratory and intrathoracic organs,neoplasms,Neoplasms,neoplasms,Neoplasms,#8C9EB2,Both,77.0,,,,,,,,,,False,False,elevated,,Hazard ratio,77.0,467.42,0.16,582.0,4580.04,0.13,Exposed group,Unexposed group,0.16,0.13,Unexposed group
640,analysis,MDD diagnosis,analysis,MDD diagnosis,225.2,225.2,"Benign neoplasm of spinal cord, meninges",neoplasms,Neoplasms,neoplasms,Neoplasms,#8C9EB2,Both,16.0,,,,,,,,,,False,False,elevated,,Hazard ratio,16.0,465.39,0.03,126.0,4544.68,0.03,Exposed group,Unexposed group,0.03,0.03,Unexposed group
440,analysis,MDD diagnosis,analysis,MDD diagnosis,226,226.0,Benign neoplasm of thyroid glands,neoplasms,Neoplasms,neoplasms,Neoplasms,#8C9EB2,Both,31.0,,,,,,,,,,False,False,elevated,,Hazard ratio,31.0,465.32,0.07,292.0,4543.24,0.06,Exposed group,Unexposed group,0.07,0.06,Unexposed group
1124,analysis,MDD diagnosis,analysis,MDD diagnosis,170.1,170.1,Bone cancer,neoplasms,Neoplasms,neoplasms,Neoplasms,#8C9EB2,Both,16.0,,,,,,,,,,False,False,elevated,,Hazard ratio,16.0,467.9,0.03,236.0,4583.4,0.05,Exposed group,Unexposed group,0.03,0.05,Unexposed group
374,analysis,MDD diagnosis,analysis,MDD diagnosis,860,860.0,Bone marrow or stem cell transplant,neoplasms,Neoplasms,neoplasms,Neoplasms,#8C9EB2,Both,1.0,,,,,,,,,,False,False,elevated,,Hazard ratio,1.0,468.54,0.0,22.0,4594.71,0.0,Exposed group,Unexposed group,0.0,0.0,Unexposed group
478,analysis,MDD diagnosis,analysis,MDD diagnosis,174.2,174.2,Breast cancer [male],neoplasms,Neoplasms,neoplasms,Neoplasms,#8C9EB2,Male,0.0,,,,,,,,,,False,False,elevated,,Hazard ratio,0.0,186.19,0.0,1.0,1843.87,0.0,Exposed group,Unexposed group,0.0,0.0,Unexposed group
1102,analysis,MDD diagnosis,analysis,MDD diagnosis,191.1,191.1,Cancer of brain and nervous system,neoplasms,Neoplasms,neoplasms,Neoplasms,#8C9EB2,Both,187.0,,,,,,,,,,False,False,elevated,,Hazard ratio,187.0,464.8,0.4,1649.0,4539.86,0.36,Exposed group,Unexposed group,0.4,0.36,Unexposed group
907,analysis,MDD diagnosis,analysis,MDD diagnosis,170.2,170.2,Cancer of connective tissue,neoplasms,Neoplasms,neoplasms,Neoplasms,#8C9EB2,Both,63.0,,,,,,,,,,False,False,elevated,,Hazard ratio,63.0,467.75,0.13,708.0,4581.75,0.15,Exposed group,Unexposed group,0.13,0.15,Unexposed group
435,analysis,MDD diagnosis,analysis,MDD diagnosis,150,150.0,Cancer of esophagus,neoplasms,Neoplasms,neoplasms,Neoplasms,#8C9EB2,Both,72.0,,,,,,,,,,False,False,elevated,,Hazard ratio,72.0,465.21,0.15,646.0,4542.9,0.14,Exposed group,Unexposed group,0.15,0.14,Unexposed group
893,analysis,MDD diagnosis,analysis,MDD diagnosis,190,190.0,Cancer of eye,neoplasms,Neoplasms,neoplasms,Neoplasms,#8C9EB2,Both,21.0,,,,,,,,,,False,False,elevated,,Hazard ratio,21.0,465.43,0.05,225.0,4544.43,0.05,Exposed group,Unexposed group,0.05,0.05,Unexposed group
930,analysis,MDD diagnosis,analysis,MDD diagnosis,149.3,149.3,Cancer of hypopharynx,neoplasms,Neoplasms,neoplasms,Neoplasms,#8C9EB2,Both,11.0,,,,,,,,,,False,False,elevated,,Hazard ratio,11.0,465.82,0.02,90.0,4549.45,0.02,Exposed group,Unexposed group,0.02,0.02,Unexposed group
456,analysis,MDD diagnosis,analysis,MDD diagnosis,164,164.0,Cancer of intrathoracic organs,neoplasms,Neoplasms,neoplasms,Neoplasms,#8C9EB2,Both,24.0,,,,,,,,,,False,False,elevated,,Hazard ratio,24.0,467.66,0.05,156.0,4576.12,0.03,Exposed group,Unexposed group,0.05,0.03,Unexposed group
597,analysis,MDD diagnosis,analysis,MDD diagnosis,189.1,189.1,Cancer of kidney and renal pelvis,neoplasms,Neoplasms,neoplasms,Neoplasms,#8C9EB2,Both,147.0,,,,,,,,,,False,False,elevated,,Hazard ratio,147.0,466.1,0.32,1824.0,4551.28,0.4,Exposed group,Unexposed group,0.32,0.4,Unexposed group
555,analysis,MDD diagnosis,analysis,MDD diagnosis,149.4,149.4,Cancer of larynx,neoplasms,Neoplasms,neoplasms,Neoplasms,#8C9EB2,Both,19.0,,,,,,,,,,False,False,elevated,,Hazard ratio,19.0,465.77,0.04,217.0,4548.84,0.05,Exposed group,Unexposed group,0.04,0.05,Unexposed group
771,analysis,MDD diagnosis,analysis,MDD diagnosis,145.1,145.1,Cancer of lip,neoplasms,Neoplasms,neoplasms,Neoplasms,#8C9EB2,Both,27.0,,,,,,,,,,False,False,elevated,,Hazard ratio,27.0,465.71,0.06,245.0,4548.44,0.05,Exposed group,Unexposed group,0.06,0.05,Unexposed group
779,analysis,MDD diagnosis,analysis,MDD diagnosis,145.3,145.3,Cancer of major salivary glands,neoplasms,Neoplasms,neoplasms,Neoplasms,#8C9EB2,Both,33.0,,,,,,,,,,False,False,elevated,,Hazard ratio,33.0,465.69,0.07,216.0,4548.73,0.05,Exposed group,Unexposed group,0.07,0.05,Unexposed group
336,analysis,MDD diagnosis,analysis,MDD diagnosis,149.2,149.2,Cancer of nasopharynx,neoplasms,Neoplasms,neoplasms,Neoplasms,#8C9EB2,Both,5.0,,,,,,,,,,False,False,elevated,,Hazard ratio,5.0,465.8,0.01,62.0,4549.4,0.01,Exposed group,Unexposed group,0.01,0.01,Unexposed group
709,analysis,MDD diagnosis,analysis,MDD diagnosis,149.9,149.9,Cancer of of nasal cavities,neoplasms,Neoplasms,neoplasms,Neoplasms,#8C9EB2,Both,24.0,,,,,,,,,,False,False,elevated,,Hazard ratio,24.0,465.75,0.05,154.0,4549.02,0.03,Exposed group,Unexposed group,0.05,0.03,Unexposed group
913,analysis,MDD diagnosis,analysis,MDD diagnosis,149.1,149.1,Cancer of oropharynx,neoplasms,Neoplasms,neoplasms,Neoplasms,#8C9EB2,Both,34.0,,,,,,,,,,False,False,elevated,,Hazard ratio,34.0,465.73,0.07,317.0,4548.37,0.07,Exposed group,Unexposed group,0.07,0.07,Unexposed group
198,analysis,MDD diagnosis,analysis,MDD diagnosis,194,194.0,Cancer of other endocrine glands,neoplasms,Neoplasms,neoplasms,Neoplasms,#8C9EB2,Both,130.0,,,,,,,,,,False,False,elevated,,Hazard ratio,130.0,464.75,0.28,903.0,4540.06,0.2,Exposed group,Unexposed group,0.28,0.2,Unexposed group
848,analysis,MDD diagnosis,analysis,MDD diagnosis,184.2,184.2,Cancer of other female genital organs (excluding uterus and ovary),neoplasms,Neoplasms,neoplasms,Neoplasms,#8C9EB2,Female,125.0,,,,,,,,,,False,False,elevated,,Hazard ratio,125.0,255.35,0.49,881.0,2296.63,0.38,Exposed group,Unexposed group,0.49,0.38,Unexposed group
501,analysis,MDD diagnosis,analysis,MDD diagnosis,151,151.0,Cancer of stomach,neoplasms,Neoplasms,neoplasms,Neoplasms,#8C9EB2,Both,97.0,,,,,,,,,,False,False,elevated,,Hazard ratio,97.0,465.13,0.21,1019.0,4541.61,0.22,Exposed group,Unexposed group,0.21,0.22,Unexposed group
474,analysis,MDD diagnosis,analysis,MDD diagnosis,145.4,145.4,Cancer of the gums,neoplasms,Neoplasms,neoplasms,Neoplasms,#8C9EB2,Both,5.0,,,,,,,,,,False,False,elevated,,Hazard ratio,5.0,465.82,0.01,127.0,4549.21,0.03,Exposed group,Unexposed group,0.01,0.03,Unexposed group
192,analysis,MDD diagnosis,analysis,MDD diagnosis,145.5,145.5,Cancer of the mouth floor,neoplasms,Neoplasms,neoplasms,Neoplasms,#8C9EB2,Both,5.0,,,,,,,,,,False,False,elevated,,Hazard ratio,5.0,465.83,0.01,77.0,4549.38,0.02,Exposed group,Unexposed group,0.01,0.02,Unexposed group
986,analysis,MDD diagnosis,analysis,MDD diagnosis,145.2,145.2,Cancer of tongue,neoplasms,Neoplasms,neoplasms,Neoplasms,#8C9EB2,Both,37.0,,,,,,,,,,False,False,elevated,,Hazard ratio,37.0,465.73,0.08,274.0,4548.67,0.06,Exposed group,Unexposed group,0.08,0.06,Unexposed group
547,analysis,MDD diagnosis,analysis,MDD diagnosis,172.3,172.3,Carcinoma in situ of skin,neoplasms,Neoplasms,neoplasms,Neoplasms,#8C9EB2,Both,169.0,,,,,,,,,,False,False,elevated,,Hazard ratio,169.0,456.61,0.37,1588.0,4385.45,0.36,Exposed group,Unexposed group,0.37,0.36,Unexposed group
828,analysis,MDD diagnosis,analysis,MDD diagnosis,180.1,180.1,Cervical cancer,neoplasms,Neoplasms,neoplasms,Neoplasms,#8C9EB2,Female,136.0,,,,,,,,,,False,False,elevated,,Hazard ratio,136.0,244.01,0.56,784.0,2117.35,0.37,Exposed group,Unexposed group,0.56,0.37,Unexposed group
839,analysis,MDD diagnosis,analysis,MDD diagnosis,197,197.0,Chemotherapy,neoplasms,Neoplasms,neoplasms,Neoplasms,#8C9EB2,Both,0.0,,,,,,,,,,False,False,elevated,,Hazard ratio,0.0,462.59,0.0,0.0,4489.68,0.0,Exposed group,Unexposed group,0.0,0.0,Unexposed group
1089,analysis,MDD diagnosis,analysis,MDD diagnosis,228.1,228.1,Hemangioma of skin and subcutaneous tissue,neoplasms,Neoplasms,neoplasms,Neoplasms,#8C9EB2,Both,0.0,,,,,,,,,,False,False,elevated,,Hazard ratio,0.0,467.7,0.0,0.0,4579.89,0.0,Exposed group,Unexposed group,0.0,0.0,Unexposed group
657,analysis,MDD diagnosis,analysis,MDD diagnosis,201,201.0,Hodgkin's disease,neoplasms,Neoplasms,neoplasms,Neoplasms,#8C9EB2,Both,18.0,,,,,,,,,,False,False,elevated,,Hazard ratio,18.0,465.69,0.04,164.0,4543.13,0.04,Exposed group,Unexposed group,0.04,0.04,Unexposed group
296,analysis,MDD diagnosis,analysis,MDD diagnosis,149.5,149.5,Hx of malignant neoplasm of oral cavity and pharynx,neoplasms,Neoplasms,neoplasms,Neoplasms,#8C9EB2,Both,0.0,,,,,,,,,,False,False,elevated,,Hazard ratio,0.0,465.84,0.0,0.0,4549.67,0.0,Exposed group,Unexposed group,0.0,0.0,Unexposed group
293,analysis,MDD diagnosis,analysis,MDD diagnosis,230,230.0,Kaposi's sarcoma,neoplasms,Neoplasms,neoplasms,Neoplasms,#8C9EB2,Both,3.0,,,,,,,,,,False,False,elevated,,Hazard ratio,3.0,468.52,0.01,19.0,4594.5,0.0,Exposed group,Unexposed group,0.01,0.0,Unexposed group
384,analysis,MDD diagnosis,analysis,MDD diagnosis,204.1,204.1,Lymphoid leukemia,neoplasms,Neoplasms,neoplasms,Neoplasms,#8C9EB2,Both,91.0,,,,,,,,,,False,False,elevated,,Hazard ratio,91.0,465.41,0.2,890.0,4540.09,0.2,Exposed group,Unexposed group,0.2,0.2,Unexposed group
644,analysis,MDD diagnosis,analysis,MDD diagnosis,159.3,159.3,Malignant neoplasm of gallbladder and extrahepatic bile ducts,neoplasms,Neoplasms,neoplasms,Neoplasms,#8C9EB2,Both,78.0,,,,,,,,,,False,False,elevated,,Hazard ratio,78.0,465.22,0.17,849.0,4542.89,0.19,Exposed group,Unexposed group,0.17,0.19,Unexposed group
1043,analysis,MDD diagnosis,analysis,MDD diagnosis,195.3,195.3,"Malignant neoplasm of head, face, and neck",neoplasms,Neoplasms,neoplasms,Neoplasms,#8C9EB2,Both,14.0,,,,,,,,,,False,False,elevated,,Hazard ratio,14.0,462.52,0.03,192.0,4488.58,0.04,Exposed group,Unexposed group,0.03,0.04,Unexposed group
197,analysis,MDD diagnosis,analysis,MDD diagnosis,155.1,155.1,"Malignant neoplasm of liver, primary",neoplasms,Neoplasms,neoplasms,Neoplasms,#8C9EB2,Both,68.0,,,,,,,,,,False,False,elevated,,Hazard ratio,68.0,465.24,0.15,525.0,4543.13,0.12,Exposed group,Unexposed group,0.15,0.12,Unexposed group
889,analysis,MDD diagnosis,analysis,MDD diagnosis,189.4,189.4,Malignant neoplasm of other urinary organs,neoplasms,Neoplasms,neoplasms,Neoplasms,#8C9EB2,Both,26.0,,,,,,,,,,False,False,elevated,,Hazard ratio,26.0,466.46,0.06,275.0,4557.01,0.06,Exposed group,Unexposed group,0.06,0.06,Unexposed group
1108,analysis,MDD diagnosis,analysis,MDD diagnosis,184.1,184.1,Malignant neoplasm of ovary and other uterine adnexa,neoplasms,Neoplasms,neoplasms,Neoplasms,#8C9EB2,Female,216.0,,,,,,,,,,False,False,elevated,,Hazard ratio,216.0,255.26,0.85,1605.0,2294.63,0.7,Exposed group,Unexposed group,0.85,0.7,Unexposed group
428,analysis,MDD diagnosis,analysis,MDD diagnosis,159.4,159.4,Malignant neoplasm of retroperitoneum and peritoneum,neoplasms,Neoplasms,neoplasms,Neoplasms,#8C9EB2,Both,39.0,,,,,,,,,,False,False,elevated,,Hazard ratio,39.0,465.21,0.08,358.0,4542.94,0.08,Exposed group,Unexposed group,0.08,0.08,Unexposed group
1123,analysis,MDD diagnosis,analysis,MDD diagnosis,159.2,159.2,"Malignant neoplasm of small intestine, including duodenum",neoplasms,Neoplasms,neoplasms,Neoplasms,#8C9EB2,Both,73.0,,,,,,,,,,False,False,elevated,,Hazard ratio,73.0,465.1,0.16,617.0,4541.75,0.14,Exposed group,Unexposed group,0.16,0.14,Unexposed group
905,analysis,MDD diagnosis,analysis,MDD diagnosis,187.2,187.2,Malignant neoplasm of testis,neoplasms,Neoplasms,neoplasms,Neoplasms,#8C9EB2,Male,11.0,,,,,,,,,,False,False,elevated,,Hazard ratio,11.0,181.54,0.06,100.0,1764.0,0.06,Exposed group,Unexposed group,0.06,0.06,Unexposed group
1120,analysis,MDD diagnosis,analysis,MDD diagnosis,187.1,187.1,Malignant neoplasm of unspecified male genital organ,neoplasms,Neoplasms,neoplasms,Neoplasms,#8C9EB2,Male,16.0,,,,,,,,,,False,False,elevated,,Hazard ratio,16.0,181.53,0.09,168.0,1763.78,0.1,Exposed group,Unexposed group,0.09,0.1,Unexposed group
730,analysis,MDD diagnosis,analysis,MDD diagnosis,182,182.0,Malignant neoplasm of uterus,neoplasms,Neoplasms,neoplasms,Neoplasms,#8C9EB2,Female,215.0,,,,,,,,,,False,False,elevated,,Hazard ratio,215.0,243.75,0.88,1856.0,2112.48,0.88,Exposed group,Unexposed group,0.88,0.88,Unexposed group
212,analysis,MDD diagnosis,analysis,MDD diagnosis,204.3,204.3,Monocytic leukemia,neoplasms,Neoplasms,neoplasms,Neoplasms,#8C9EB2,Both,5.0,,,,,,,,,,False,False,elevated,,Hazard ratio,5.0,465.75,0.01,107.0,4543.71,0.02,Exposed group,Unexposed group,0.01,0.02,Unexposed group
368,analysis,MDD diagnosis,analysis,MDD diagnosis,204.4,204.4,Multiple myeloma,neoplasms,Neoplasms,neoplasms,Neoplasms,#8C9EB2,Both,95.0,,,,,,,,,,False,False,elevated,,Hazard ratio,95.0,465.43,0.2,972.0,4540.53,0.21,Exposed group,Unexposed group,0.2,0.21,Unexposed group
614,analysis,MDD diagnosis,analysis,MDD diagnosis,204.2,204.2,Myeloid leukemia,neoplasms,Neoplasms,neoplasms,Neoplasms,#8C9EB2,Both,85.0,,,,,,,,,,False,False,elevated,,Hazard ratio,85.0,465.55,0.18,753.0,4542.09,0.17,Exposed group,Unexposed group,0.18,0.17,Unexposed group
530,analysis,MDD diagnosis,analysis,MDD diagnosis,187.8,187.8,Neoplasm of uncertain behavior of male genital organs,neoplasms,Neoplasms,neoplasms,Neoplasms,#8C9EB2,Male,198.0,,,,,,,,,,False,False,elevated,,Hazard ratio,198.0,180.47,1.1,2114.0,1752.59,1.21,Exposed group,Unexposed group,1.1,1.21,Unexposed group
356,analysis,MDD diagnosis,analysis,MDD diagnosis,209,209.0,Neuroendocrine tumors,neoplasms,Neoplasms,neoplasms,Neoplasms,#8C9EB2,Both,0.0,,,,,,,,,,False,False,elevated,,Hazard ratio,0.0,468.54,0.0,0.0,4594.71,0.0,Exposed group,Unexposed group,0.0,0.0,Unexposed group
250,analysis,MDD diagnosis,analysis,MDD diagnosis,199.4,199.4,Neurofibromatosis,neoplasms,Neoplasms,neoplasms,Neoplasms,#8C9EB2,Both,0.0,,,,,,,,,,False,False,elevated,,Hazard ratio,0.0,462.59,0.0,1.0,4489.66,0.0,Exposed group,Unexposed group,0.0,0.0,Unexposed group
834,analysis,MDD diagnosis,analysis,MDD diagnosis,217.1,217.1,"Nevus, non-neoplastic",neoplasms,Neoplasms,neoplasms,Neoplasms,#8C9EB2,Both,115.0,,,,,,,,,,False,False,elevated,,Hazard ratio,115.0,457.49,0.25,1062.0,4413.86,0.24,Exposed group,Unexposed group,0.25,0.24,Unexposed group
338,analysis,MDD diagnosis,analysis,MDD diagnosis,202.2,202.2,Non-Hodgkins lymphoma,neoplasms,Neoplasms,neoplasms,Neoplasms,#8C9EB2,Both,198.0,,,,,,,,,,False,False,elevated,,Hazard ratio,198.0,465.12,0.43,2025.0,4535.88,0.45,Exposed group,Unexposed group,0.43,0.45,Unexposed group
896,analysis,MDD diagnosis,analysis,MDD diagnosis,218.2,218.2,Other benign neoplasm of uterus,neoplasms,Neoplasms,neoplasms,Neoplasms,#8C9EB2,Female,4.0,,,,,,,,,,False,False,elevated,,Hazard ratio,4.0,251.04,0.02,39.0,2223.21,0.02,Exposed group,Unexposed group,0.02,0.02,Unexposed group
388,analysis,MDD diagnosis,analysis,MDD diagnosis,157,157.0,Pancreatic cancer,neoplasms,Neoplasms,neoplasms,Neoplasms,#8C9EB2,Both,211.0,,,,,,,,,,False,False,elevated,,Hazard ratio,211.0,465.1,0.45,2082.0,4541.67,0.46,Exposed group,Unexposed group,0.45,0.46,Unexposed group
291,analysis,MDD diagnosis,analysis,MDD diagnosis,200.1,200.1,Polycythemia vera,neoplasms,Neoplasms,neoplasms,Neoplasms,#8C9EB2,Both,40.0,,,,,,,,,,False,False,elevated,,Hazard ratio,40.0,464.31,0.09,367.0,4522.37,0.08,Exposed group,Unexposed group,0.09,0.08,Unexposed group
861,analysis,MDD diagnosis,analysis,MDD diagnosis,196,196.0,Radiotherapy,neoplasms,Neoplasms,neoplasms,Neoplasms,#8C9EB2,Both,0.0,,,,,,,,,,False,False,elevated,,Hazard ratio,0.0,462.59,0.0,0.0,4489.68,0.0,Exposed group,Unexposed group,0.0,0.0,Unexposed group
954,analysis,MDD diagnosis,analysis,MDD diagnosis,216.1,216.1,Screening for malignant neoplasms of the skin,neoplasms,Neoplasms,neoplasms,Neoplasms,#8C9EB2,Both,0.0,,,,,,,,,,False,False,elevated,,Hazard ratio,0.0,458.06,0.0,0.0,4419.35,0.0,Exposed group,Unexposed group,0.0,0.0,Unexposed group
580,analysis,MDD diagnosis,analysis,MDD diagnosis,198.5,198.5,Secondary malignancy of brain/spine,neoplasms,Neoplasms,neoplasms,Neoplasms,#8C9EB2,Both,173.0,,,,,,,,,,False,False,elevated,,Hazard ratio,173.0,462.53,0.37,1573.0,4488.88,0.35,Exposed group,Unexposed group,0.37,0.35,Unexposed group
756,analysis,MDD diagnosis,analysis,MDD diagnosis,198.3,198.3,Secondary malignant neoplasm of digestive systems,neoplasms,Neoplasms,neoplasms,Neoplasms,#8C9EB2,Both,151.0,,,,,,,,,,False,False,elevated,,Hazard ratio,151.0,462.41,0.33,1518.0,4487.97,0.34,Exposed group,Unexposed group,0.33,0.34,Unexposed group
569,analysis,MDD diagnosis,analysis,MDD diagnosis,198.7,198.7,Secondary malignant neoplasm of skin,neoplasms,Neoplasms,neoplasms,Neoplasms,#8C9EB2,Both,44.0,,,,,,,,,,False,False,elevated,,Hazard ratio,44.0,462.49,0.1,304.0,4489.18,0.07,Exposed group,Unexposed group,0.1,0.07,Unexposed group
294,analysis,MDD diagnosis,analysis,MDD diagnosis,193,193.0,Thyroid cancer,neoplasms,Neoplasms,neoplasms,Neoplasms,#8C9EB2,Both,46.0,,,,,,,,,,False,False,elevated,,Hazard ratio,46.0,465.32,0.1,405.0,4543.22,0.09,Exposed group,Unexposed group,0.1,0.09,Unexposed group
143,analysis,MDD diagnosis,analysis,MDD diagnosis,327.3,327.3,Sleep apnea,neurological,Neurological diseases,neurological,Neurological diseases,#C1D37F,Both,1960.0,0.7018930740774709,0.025440922616371,2.0175685011699303,2.0175685011699303,2.0175685011699303,1.9194311493277723,2.1207234541018507,1.5022664626009814e-167,2.3285130170315206e-166,True,True,elevated,,Hazard ratio,1960.0,447.41,4.38,9514.0,4405.06,2.16,Exposed group,Unexposed group,4.38,2.16,Unexposed group
180,analysis,MDD diagnosis,analysis,MDD diagnosis,327.4,327.4,Insomnia,neurological,Neurological diseases,neurological,Neurological diseases,#C1D37F,Both,295.0,2.1283261446987445,0.0855051365318876,8.400793323795307,8.400793323795307,8.400793323795307,7.10455464092141,9.93353306942417,9.26389439746961e-137,9.068865041733411e-136,True,True,elevated,,Hazard ratio,295.0,456.58,0.65,333.0,4457.16,0.07,Exposed group,Unexposed group,0.65,0.07,Unexposed group
2,analysis,MDD diagnosis,analysis,MDD diagnosis,349,349.0,Other and unspecified disorders of the nervous system,neurological,Neurological diseases,neurological,Neurological diseases,#C1D37F,Both,296.0,1.3111033773682477,0.0705463503644613,3.710265277262082,3.710265277262082,3.710265277262082,3.2311319690501348,4.260447595306212,4.250611086417954e-77,2.928198748421257e-76,True,True,elevated,,Hazard ratio,296.0,451.64,0.66,819.0,4370.32,0.19,Exposed group,Unexposed group,0.66,0.19,Unexposed group
99,analysis,MDD diagnosis,analysis,MDD diagnosis,332,332.0,Parkinson's disease,neurological,Neurological diseases,neurological,Neurological diseases,#C1D37F,Both,506.0,0.9085598777357408,0.0512713470183557,2.4807473801396727,2.4807473801396727,2.4807473801396727,2.243569305356198,2.7429986447834733,2.9070894187251933e-70,1.80239543960962e-69,True,True,elevated,,Hazard ratio,506.0,450.91,1.12,2136.0,4364.61,0.49,Exposed group,Unexposed group,1.12,0.49,Unexposed group
80,analysis,MDD diagnosis,analysis,MDD diagnosis,357,357.0,Inflammatory and toxic neuropathy,neurological,Neurological diseases,neurological,Neurological diseases,#C1D37F,Both,408.0,0.6019799573096766,0.0552934299840308,1.8257300917500456,1.8257300917500456,1.8257300917500456,1.6382110684400397,2.0347136166621693,1.329376243533853e-27,4.126598590258662e-27,True,True,elevated,,Hazard ratio,408.0,463.81,0.88,2203.0,4542.4,0.48,Exposed group,Unexposed group,0.88,0.48,Unexposed group
57,analysis,MDD diagnosis,analysis,MDD diagnosis,345.1,345.1,Epilepsy,neurological,Neurological diseases,neurological,Neurological diseases,#C1D37F,Both,260.0,0.6633807553727694,0.0695772198903895,1.9413444633136323,1.9413444633136323,1.9413444633136323,1.6938590788810424,2.2249892994216287,1.506773328403608e-21,4.121468221809869e-21,True,True,elevated,,Hazard ratio,260.0,451.8,0.58,1309.0,4367.09,0.3,Exposed group,Unexposed group,0.58,0.3,Unexposed group
98,analysis,MDD diagnosis,analysis,MDD diagnosis,351,351.0,Other peripheral nerve disorders,neurological,Neurological diseases,neurological,Neurological diseases,#C1D37F,Both,1631.0,0.2366248354763202,0.0268311457234407,1.2669657080160552,1.2669657080160552,1.2669657080160552,1.2020588438422248,1.3353773099474935,1.1544949704057593e-18,2.863147526606283e-18,True,True,elevated,,Hazard ratio,1631.0,444.36,3.67,12286.0,4298.95,2.86,Exposed group,Unexposed group,3.67,2.86,Unexposed group
328,analysis,MDD diagnosis,analysis,MDD diagnosis,350.1,350.1,Abnormal involuntary movements,neurological,Neurological diseases,neurological,Neurological diseases,#C1D37F,Both,0.0,,,,,,,,,,False,False,elevated,,Hazard ratio,0.0,468.54,0.0,0.0,4594.71,0.0,Exposed group,Unexposed group,0.0,0.0,Unexposed group
305,analysis,MDD diagnosis,analysis,MDD diagnosis,350.5,350.5,Abnormal reflex,neurological,Neurological diseases,neurological,Neurological diseases,#C1D37F,Both,0.0,,,,,,,,,,False,False,elevated,,Hazard ratio,0.0,468.54,0.0,0.0,4594.71,0.0,Exposed group,Unexposed group,0.0,0.0,Unexposed group
396,analysis,MDD diagnosis,analysis,MDD diagnosis,350.2,350.2,Abnormality of gait,neurological,Neurological diseases,neurological,Neurological diseases,#C1D37F,Both,0.0,,,,,,,,,,False,False,elevated,,Hazard ratio,0.0,468.54,0.0,0.0,4594.71,0.0,Exposed group,Unexposed group,0.0,0.0,Unexposed group
951,analysis,MDD diagnosis,analysis,MDD diagnosis,323.2,323.2,Acute (transverse) myelitis,neurological,Neurological diseases,neurological,Neurological diseases,#C1D37F,Both,3.0,,,,,,,,,,False,False,elevated,,Hazard ratio,3.0,465.63,0.01,15.0,4553.14,0.0,Exposed group,Unexposed group,0.01,0.0,Unexposed group
691,analysis,MDD diagnosis,analysis,MDD diagnosis,338.1,338.1,Acute pain,neurological,Neurological diseases,neurological,Neurological diseases,#C1D37F,Both,0.0,,,,,,,,,,False,False,elevated,,Hazard ratio,0.0,468.54,0.0,0.0,4594.71,0.0,Exposed group,Unexposed group,0.0,0.0,Unexposed group
706,analysis,MDD diagnosis,analysis,MDD diagnosis,334.2,334.2,Anterior horn cell disease,neurological,Neurological diseases,neurological,Neurological diseases,#C1D37F,Both,66.0,,,,,,,,,,False,False,elevated,,Hazard ratio,66.0,453.04,0.15,431.0,4372.99,0.1,Exposed group,Unexposed group,0.15,0.1,Unexposed group
726,analysis,MDD diagnosis,analysis,MDD diagnosis,347,347.0,Cataplexy and narcolepsy,neurological,Neurological diseases,neurological,Neurological diseases,#C1D37F,Both,7.0,,,,,,,,,,False,False,elevated,,Hazard ratio,7.0,453.09,0.02,41.0,4373.62,0.01,Exposed group,Unexposed group,0.02,0.01,Unexposed group
956,analysis,MDD diagnosis,analysis,MDD diagnosis,348.4,348.4,Cerebral cysts,neurological,Neurological diseases,neurological,Neurological diseases,#C1D37F,Both,18.0,,,,,,,,,,False,False,elevated,,Hazard ratio,18.0,453.06,0.04,122.0,4373.19,0.03,Exposed group,Unexposed group,0.04,0.03,Unexposed group
747,analysis,MDD diagnosis,analysis,MDD diagnosis,331.9,331.9,"Cerebral degeneration, unspecified",neurological,Neurological diseases,neurological,Neurological diseases,#C1D37F,Both,142.0,,,,,,,,,,False,False,elevated,,Hazard ratio,142.0,452.62,0.31,315.0,4373.01,0.07,Exposed group,Unexposed group,0.31,0.07,Unexposed group
880,analysis,MDD diagnosis,analysis,MDD diagnosis,348.2,348.2,Cerebral edema and compression of brain,neurological,Neurological diseases,neurological,Neurological diseases,#C1D37F,Both,52.0,,,,,,,,,,False,False,elevated,,Hazard ratio,52.0,453.14,0.11,288.0,4373.79,0.07,Exposed group,Unexposed group,0.11,0.07,Unexposed group
860,analysis,MDD diagnosis,analysis,MDD diagnosis,338.2,338.2,Chronic pain,neurological,Neurological diseases,neurological,Neurological diseases,#C1D37F,Both,0.0,,,,,,,,,,False,False,elevated,,Hazard ratio,0.0,468.54,0.0,0.0,4594.71,0.0,Exposed group,Unexposed group,0.0,0.0,Unexposed group
593,analysis,MDD diagnosis,analysis,MDD diagnosis,355.1,355.1,Chronic pain syndrome,neurological,Neurological diseases,neurological,Neurological diseases,#C1D37F,Both,0.0,,,,,,,,,,False,False,elevated,,Hazard ratio,0.0,453.76,0.0,0.0,4368.85,0.0,Exposed group,Unexposed group,0.0,0.0,Unexposed group
257,analysis,MDD diagnosis,analysis,MDD diagnosis,327.6,327.6,Circadian rhythm sleep disorder,neurological,Neurological diseases,neurological,Neurological diseases,#C1D37F,Both,18.0,,,,,,,,,,False,False,elevated,,Hazard ratio,18.0,458.21,0.04,26.0,4458.75,0.01,Exposed group,Unexposed group,0.04,0.01,Unexposed group
1034,analysis,MDD diagnosis,analysis,MDD diagnosis,348.7,348.7,Coma,neurological,Neurological diseases,neurological,Neurological diseases,#C1D37F,Both,1.0,,,,,,,,,,False,False,elevated,,Hazard ratio,1.0,453.15,0.0,3.0,4373.9,0.0,Exposed group,Unexposed group,0.0,0.0,Unexposed group
1016,analysis,MDD diagnosis,analysis,MDD diagnosis,345.3,345.3,Convulsions,neurological,Neurological diseases,neurological,Neurological diseases,#C1D37F,Both,65.0,,,,,,,,,,False,False,elevated,,Hazard ratio,65.0,452.87,0.14,266.0,4372.38,0.06,Exposed group,Unexposed group,0.14,0.06,Unexposed group
252,analysis,MDD diagnosis,analysis,MDD diagnosis,350.6,350.6,Disturbances of sensation of smell and taste,neurological,Neurological diseases,neurological,Neurological diseases,#C1D37F,Both,0.0,,,,,,,,,,False,False,elevated,,Hazard ratio,0.0,468.54,0.0,0.0,4594.71,0.0,Exposed group,Unexposed group,0.0,0.0,Unexposed group
1037,analysis,MDD diagnosis,analysis,MDD diagnosis,323.8,323.8,"Encephalitis, non-infectious",neurological,Neurological diseases,neurological,Neurological diseases,#C1D37F,Both,5.0,,,,,,,,,,False,False,elevated,,Hazard ratio,5.0,465.63,0.01,35.0,4553.08,0.01,Exposed group,Unexposed group,0.01,0.01,Unexposed group
1002,analysis,MDD diagnosis,analysis,MDD diagnosis,348.8,348.8,"Encephalopathy, not elsewhere classified",neurological,Neurological diseases,neurological,Neurological diseases,#C1D37F,Both,37.0,,,,,,,,,,False,False,elevated,,Hazard ratio,37.0,453.04,0.08,146.0,4373.62,0.03,Exposed group,Unexposed group,0.08,0.03,Unexposed group
816,analysis,MDD diagnosis,analysis,MDD diagnosis,333.1,333.1,Essential tremor,neurological,Neurological diseases,neurological,Neurological diseases,#C1D37F,Both,235.0,,,,,,,,,,False,False,elevated,,Hazard ratio,235.0,452.09,0.52,1086.0,4368.6,0.25,Exposed group,Unexposed group,0.52,0.25,Unexposed group
346,analysis,MDD diagnosis,analysis,MDD diagnosis,352.2,352.2,Facial nerve disorders [CN7],neurological,Neurological diseases,neurological,Neurological diseases,#C1D37F,Both,236.0,,,,,,,,,,False,False,elevated,,Hazard ratio,236.0,452.5,0.52,1938.0,4358.14,0.44,Exposed group,Unexposed group,0.52,0.44,Unexposed group
375,analysis,MDD diagnosis,analysis,MDD diagnosis,342,342.0,Hemiplegia,neurological,Neurological diseases,neurological,Neurological diseases,#C1D37F,Both,162.0,,,,,,,,,,False,False,elevated,,Hazard ratio,162.0,452.78,0.36,627.0,4372.37,0.14,Exposed group,Unexposed group,0.36,0.14,Unexposed group
823,analysis,MDD diagnosis,analysis,MDD diagnosis,356,356.0,Hereditary and idiopathic peripheral neuropathy,neurological,Neurological diseases,neurological,Neurological diseases,#C1D37F,Both,24.0,,,,,,,,,,False,False,elevated,,Hazard ratio,24.0,465.54,0.05,207.0,4551.61,0.05,Exposed group,Unexposed group,0.05,0.05,Unexposed group
260,analysis,MDD diagnosis,analysis,MDD diagnosis,331.1,331.1,Hydrocephalus,neurological,Neurological diseases,neurological,Neurological diseases,#C1D37F,Both,166.0,,,,,,,,,,False,False,elevated,,Hazard ratio,166.0,452.47,0.37,757.0,4371.16,0.17,Exposed group,Unexposed group,0.37,0.17,Unexposed group
289,analysis,MDD diagnosis,analysis,MDD diagnosis,327.1,327.1,Hypersomnia,neurological,Neurological diseases,neurological,Neurological diseases,#C1D37F,Both,7.0,,,,,,,,,,False,False,elevated,,Hazard ratio,7.0,458.27,0.02,13.0,4458.81,0.0,Exposed group,Unexposed group,0.02,0.0,Unexposed group
332,analysis,MDD diagnosis,analysis,MDD diagnosis,343,343.0,Infantile cerebral palsy,neurological,Neurological diseases,neurological,Neurological diseases,#C1D37F,Both,13.0,,,,,,,,,,False,False,elevated,,Hazard ratio,13.0,453.12,0.03,94.0,4373.48,0.02,Exposed group,Unexposed group,0.03,0.02,Unexposed group
210,analysis,MDD diagnosis,analysis,MDD diagnosis,324.1,324.1,Jakob-Creutzfeldt disease,neurological,Neurological diseases,neurological,Neurological diseases,#C1D37F,Both,3.0,,,,,,,,,,False,False,elevated,,Hazard ratio,3.0,465.66,0.01,29.0,4553.23,0.01,Exposed group,Unexposed group,0.01,0.01,Unexposed group
325,analysis,MDD diagnosis,analysis,MDD diagnosis,350.3,350.3,Lack of coordination,neurological,Neurological diseases,neurological,Neurological diseases,#C1D37F,Both,0.0,,,,,,,,,,False,False,elevated,,Hazard ratio,0.0,468.54,0.0,0.0,4594.71,0.0,Exposed group,Unexposed group,0.0,0.0,Unexposed group
902,analysis,MDD diagnosis,analysis,MDD diagnosis,320,320.0,Meningitis,neurological,Neurological diseases,neurological,Neurological diseases,#C1D37F,Both,86.0,,,,,,,,,,False,False,elevated,,Hazard ratio,86.0,465.15,0.18,496.0,4550.46,0.11,Exposed group,Unexposed group,0.18,0.11,Unexposed group
941,analysis,MDD diagnosis,analysis,MDD diagnosis,340.1,340.1,Migrain with aura,neurological,Neurological diseases,neurological,Neurological diseases,#C1D37F,Both,152.0,,,,,,,,,,False,False,elevated,,Hazard ratio,152.0,462.35,0.33,1106.0,4515.09,0.24,Exposed group,Unexposed group,0.33,0.24,Unexposed group
862,analysis,MDD diagnosis,analysis,MDD diagnosis,335,335.0,Multiple sclerosis,neurological,Neurological diseases,neurological,Neurological diseases,#C1D37F,Both,76.0,,,,,,,,,,False,False,elevated,,Hazard ratio,76.0,452.63,0.17,477.0,4370.53,0.11,Exposed group,Unexposed group,0.17,0.11,Unexposed group
354,analysis,MDD diagnosis,analysis,MDD diagnosis,359.1,359.1,Muscular dystrophies,neurological,Neurological diseases,neurological,Neurological diseases,#C1D37F,Both,19.0,,,,,,,,,,False,False,elevated,,Hazard ratio,19.0,465.56,0.04,125.0,4552.05,0.03,Exposed group,Unexposed group,0.04,0.03,Unexposed group
625,analysis,MDD diagnosis,analysis,MDD diagnosis,358.1,358.1,Myasthenia gravis,neurological,Neurological diseases,neurological,Neurological diseases,#C1D37F,Both,20.0,,,,,,,,,,False,False,elevated,,Hazard ratio,20.0,465.58,0.04,147.0,4552.05,0.03,Exposed group,Unexposed group,0.04,0.03,Unexposed group
802,analysis,MDD diagnosis,analysis,MDD diagnosis,333.2,333.2,Myoclonus,neurological,Neurological diseases,neurological,Neurological diseases,#C1D37F,Both,18.0,,,,,,,,,,False,False,elevated,,Hazard ratio,18.0,453.08,0.04,38.0,4373.79,0.01,Exposed group,Unexposed group,0.04,0.01,Unexposed group
536,analysis,MDD diagnosis,analysis,MDD diagnosis,359.2,359.2,Myopathy,neurological,Neurological diseases,neurological,Neurological diseases,#C1D37F,Both,93.0,,,,,,,,,,False,False,elevated,,Hazard ratio,93.0,465.21,0.2,572.0,4549.89,0.13,Exposed group,Unexposed group,0.2,0.13,Unexposed group
1046,analysis,MDD diagnosis,analysis,MDD diagnosis,353.1,353.1,Nerve plexus lesions,neurological,Neurological diseases,neurological,Neurological diseases,#C1D37F,Both,26.0,,,,,,,,,,False,False,elevated,,Hazard ratio,26.0,453.64,0.06,130.0,4368.12,0.03,Exposed group,Unexposed group,0.06,0.03,Unexposed group
339,analysis,MDD diagnosis,analysis,MDD diagnosis,353.2,353.2,Nerve root lesions,neurological,Neurological diseases,neurological,Neurological diseases,#C1D37F,Both,50.0,,,,,,,,,,False,False,elevated,,Hazard ratio,50.0,453.5,0.11,257.0,4367.48,0.06,Exposed group,Unexposed group,0.11,0.06,Unexposed group
253,analysis,MDD diagnosis,analysis,MDD diagnosis,346.3,346.3,Nonspecific abnormal findings in cerebrospinal fluid,neurological,Neurological diseases,neurological,Neurological diseases,#C1D37F,Both,0.0,,,,,,,,,,False,False,elevated,,Hazard ratio,0.0,453.16,0.0,0.0,4373.91,0.0,Exposed group,Unexposed group,0.0,0.0,Unexposed group
859,analysis,MDD diagnosis,analysis,MDD diagnosis,346.1,346.1,Nonspecific abnormal findings on radiological and other examination of skull and head,neurological,Neurological diseases,neurological,Neurological diseases,#C1D37F,Both,0.0,,,,,,,,,,False,False,elevated,,Hazard ratio,0.0,453.16,0.0,0.0,4373.91,0.0,Exposed group,Unexposed group,0.0,0.0,Unexposed group
224,analysis,MDD diagnosis,analysis,MDD diagnosis,346.2,346.2,Nonspecific abnormal results of function study of brain and central nervous system,neurological,Neurological diseases,neurological,Neurological diseases,#C1D37F,Both,0.0,,,,,,,,,,False,False,elevated,,Hazard ratio,0.0,453.16,0.0,0.0,4373.91,0.0,Exposed group,Unexposed group,0.0,0.0,Unexposed group
837,analysis,MDD diagnosis,analysis,MDD diagnosis,348.9,348.9,"Other conditions of brain, NOS",neurological,Neurological diseases,neurological,Neurological diseases,#C1D37F,Both,48.0,,,,,,,,,,False,False,elevated,,Hazard ratio,48.0,453.08,0.11,232.0,4373.59,0.05,Exposed group,Unexposed group,0.11,0.05,Unexposed group
929,analysis,MDD diagnosis,analysis,MDD diagnosis,333.8,333.8,Other degenerative diseases of the basal ganglia,neurological,Neurological diseases,neurological,Neurological diseases,#C1D37F,Both,132.0,,,,,,,,,,False,False,elevated,,Hazard ratio,132.0,452.65,0.29,369.0,4372.73,0.08,Exposed group,Unexposed group,0.29,0.08,Unexposed group
398,analysis,MDD diagnosis,analysis,MDD diagnosis,341,341.0,Other demyelinating diseases of central nervous system,neurological,Neurological diseases,neurological,Neurological diseases,#C1D37F,Both,26.0,,,,,,,,,,False,False,elevated,,Hazard ratio,26.0,453.0,0.06,134.0,4373.24,0.03,Exposed group,Unexposed group,0.06,0.03,Unexposed group
550,analysis,MDD diagnosis,analysis,MDD diagnosis,339,339.0,Other headache syndromes,neurological,Neurological diseases,neurological,Neurological diseases,#C1D37F,Both,86.0,,,,,,,,,,False,False,elevated,,Hazard ratio,86.0,462.72,0.19,356.0,4518.93,0.08,Exposed group,Unexposed group,0.19,0.08,Unexposed group
288,analysis,MDD diagnosis,analysis,MDD diagnosis,344,344.0,Other paralytic syndromes,neurological,Neurological diseases,neurological,Neurological diseases,#C1D37F,Both,137.0,,,,,,,,,,False,False,elevated,,Hazard ratio,137.0,452.52,0.3,720.0,4370.78,0.16,Exposed group,Unexposed group,0.3,0.16,Unexposed group
1077,analysis,MDD diagnosis,analysis,MDD diagnosis,327.5,327.5,Parasomnia,neurological,Neurological diseases,neurological,Neurological diseases,#C1D37F,Both,3.0,,,,,,,,,,False,False,elevated,,Hazard ratio,3.0,458.32,0.01,5.0,4458.88,0.0,Exposed group,Unexposed group,0.01,0.0,Unexposed group
418,analysis,MDD diagnosis,analysis,MDD diagnosis,337.1,337.1,Peripheral autonomic neuropathy,neurological,Neurological diseases,neurological,Neurological diseases,#C1D37F,Both,4.0,,,,,,,,,,False,False,elevated,,Hazard ratio,4.0,453.14,0.01,20.0,4373.81,0.0,Exposed group,Unexposed group,0.01,0.0,Unexposed group
863,analysis,MDD diagnosis,analysis,MDD diagnosis,325,325.0,Phlebitis and thrombophlebitis of intracranial venous sinuses,neurological,Neurological diseases,neurological,Neurological diseases,#C1D37F,Both,3.0,,,,,,,,,,False,False,elevated,,Hazard ratio,3.0,465.66,0.01,4.0,4553.25,0.0,Exposed group,Unexposed group,0.01,0.0,Unexposed group
545,analysis,MDD diagnosis,analysis,MDD diagnosis,327.7,327.7,Sleep related movement disorders,neurological,Neurological diseases,neurological,Neurological diseases,#C1D37F,Both,0.0,,,,,,,,,,False,False,elevated,,Hazard ratio,0.0,458.33,0.0,0.0,4458.9,0.0,Exposed group,Unexposed group,0.0,0.0,Unexposed group
407,analysis,MDD diagnosis,analysis,MDD diagnosis,334.1,334.1,Spinocerebellar disease,neurological,Neurological diseases,neurological,Neurological diseases,#C1D37F,Both,28.0,,,,,,,,,,False,False,elevated,,Hazard ratio,28.0,453.04,0.06,103.0,4373.44,0.02,Exposed group,Unexposed group,0.06,0.02,Unexposed group
772,analysis,MDD diagnosis,analysis,MDD diagnosis,333.3,333.3,Tics and choreas,neurological,Neurological diseases,neurological,Neurological diseases,#C1D37F,Both,27.0,,,,,,,,,,False,False,elevated,,Hazard ratio,27.0,452.99,0.06,66.0,4373.62,0.02,Exposed group,Unexposed group,0.06,0.02,Unexposed group
1049,analysis,MDD diagnosis,analysis,MDD diagnosis,333.4,333.4,Torsion dystonia,neurological,Neurological diseases,neurological,Neurological diseases,#C1D37F,Both,102.0,,,,,,,,,,False,False,elevated,,Hazard ratio,102.0,452.55,0.23,488.0,4371.03,0.11,Exposed group,Unexposed group,0.23,0.11,Unexposed group
751,analysis,MDD diagnosis,analysis,MDD diagnosis,352.1,352.1,Trigeminal nerve disorders [CN5],neurological,Neurological diseases,neurological,Neurological diseases,#C1D37F,Both,202.0,,,,,,,,,,False,False,elevated,,Hazard ratio,202.0,452.71,0.45,1015.0,4363.34,0.23,Exposed group,Unexposed group,0.45,0.23,Unexposed group
1,analysis,MDD diagnosis,analysis,MDD diagnosis,480.1,480.1,Bacterial pneumonia,respiratory,Respiratory diseases,respiratory,Respiratory diseases,#E0E0E0,Both,1507.0,0.5751244275973014,0.0288853083830213,1.7773516647531329,1.7773516647531329,1.7773516647531329,1.6795219899993106,1.8808797735372491,3.292089588576874e-88,2.449314653901194e-87,True,True,elevated,,Hazard ratio,1507.0,447.63,3.37,8178.0,4312.03,1.9,Exposed group,Unexposed group,3.37,1.9,Unexposed group
34,analysis,MDD diagnosis,analysis,MDD diagnosis,496.2,496.2,Chronic bronchitis,respiratory,Respiratory diseases,respiratory,Respiratory diseases,#E0E0E0,Both,922.0,0.664005639370798,0.0378859079092167,1.942557957510484,1.942557957510484,1.942557957510484,1.803536139809966,2.0922959817622013,9.001006664349339e-69,5.4006039986096045e-68,True,True,elevated,,Hazard ratio,922.0,453.54,2.03,4542.0,4395.98,1.03,Exposed group,Unexposed group,2.03,1.03,Unexposed group
62,analysis,MDD diagnosis,analysis,MDD diagnosis,501,501.0,Pneumonitis due to inhalation of food or vomitus,respiratory,Respiratory diseases,respiratory,Respiratory diseases,#E0E0E0,Both,271.0,1.1570489147295768,0.0743833466789742,3.1805333877693203,3.1805333877693203,3.1805333877693203,2.7490559318760557,3.6797332907708453,1.466630067673855e-54,6.994697245829154e-54,True,True,elevated,,Hazard ratio,271.0,463.86,0.58,881.0,4518.17,0.19,Exposed group,Unexposed group,0.58,0.19,Unexposed group
23,analysis,MDD diagnosis,analysis,MDD diagnosis,509.1,509.1,Respiratory failure,respiratory,Respiratory diseases,respiratory,Respiratory diseases,#E0E0E0,Both,629.0,0.6227347029286939,0.0454268067432961,1.8640186152370608,1.8640186152370608,1.8640186152370608,1.7052268670067865,2.037597146266674,9.026925762779357e-43,3.3580163837539204e-42,True,True,elevated,,Hazard ratio,629.0,463.43,1.36,3280.0,4515.05,0.73,Exposed group,Unexposed group,1.36,0.73,Unexposed group
3,analysis,MDD diagnosis,analysis,MDD diagnosis,483,483.0,Acute bronchitis and bronchiolitis,respiratory,Respiratory diseases,respiratory,Respiratory diseases,#E0E0E0,Both,593.0,0.5844108470701836,0.0460067751344831,1.7939337729022873,1.7939337729022873,1.7939337729022873,1.63924794707836,1.963216356192635,5.711503575667999e-37,1.9672956760634216e-36,True,True,elevated,,Hazard ratio,593.0,449.48,1.32,3115.0,4326.66,0.72,Exposed group,Unexposed group,1.32,0.72,Unexposed group
118,analysis,MDD diagnosis,analysis,MDD diagnosis,509.2,509.2,Respiratory insufficiency,respiratory,Respiratory diseases,respiratory,Respiratory diseases,#E0E0E0,Both,336.0,0.6465072628491592,0.0624817241168852,1.9088620188503218,1.9088620188503218,1.9088620188503218,1.688841994270352,2.157545951232445,4.311654696497139e-25,1.2530746461694807e-24,True,True,elevated,,Hazard ratio,336.0,463.96,0.72,1725.0,4517.82,0.38,Exposed group,Unexposed group,0.72,0.38,Unexposed group
70,analysis,MDD diagnosis,analysis,MDD diagnosis,476,476.0,Allergic rhinitis,respiratory,Respiratory diseases,respiratory,Respiratory diseases,#E0E0E0,Both,602.0,0.3878989212355136,0.0447856312121822,1.4738807987084956,1.4738807987084956,1.4738807987084956,1.350019563814308,1.6091060211482913,4.666762539729133e-18,1.1128433748584856e-17,True,True,elevated,,Hazard ratio,602.0,442.66,1.36,3920.0,4227.56,0.93,Exposed group,Unexposed group,1.36,0.93,Unexposed group
159,analysis,MDD diagnosis,analysis,MDD diagnosis,464,464.0,Acute sinusitis,respiratory,Respiratory diseases,respiratory,Respiratory diseases,#E0E0E0,Both,458.0,0.4308188761986027,0.0512933993905554,1.5385168626964936,1.5385168626964936,1.5385168626964936,1.391362959874604,1.7012341172391057,4.498773028253036e-17,1.0081587750061019e-16,True,True,elevated,,Hazard ratio,458.0,454.8,1.01,2900.0,4419.08,0.66,Exposed group,Unexposed group,1.01,0.66,Unexposed group
126,analysis,MDD diagnosis,analysis,MDD diagnosis,472,472.0,Chronic pharyngitis and nasopharyngitis,respiratory,Respiratory diseases,respiratory,Respiratory diseases,#E0E0E0,Both,339.0,0.3475118570739467,0.0594149458488017,1.4155410946906126,1.4155410946906126,1.4155410946906126,1.259933023011294,1.5903675466564358,4.948454506674694e-09,7.934590846909424e-09,True,True,elevated,,Hazard ratio,339.0,444.19,0.76,2233.0,4237.6,0.53,Exposed group,Unexposed group,0.76,0.53,Unexposed group
33,analysis,MDD diagnosis,analysis,MDD diagnosis,470,470.0,Septal Deviations/Turbinate Hypertrophy,respiratory,Respiratory diseases,respiratory,Respiratory diseases,#E0E0E0,Both,262.0,0.3822001272392406,0.067907875337578,1.465505343325957,1.465505343325957,1.465505343325957,1.282871200891706,1.6741399369041026,1.8208397294154986e-08,2.846018400599014e-08,True,True,elevated,,Hazard ratio,262.0,444.29,0.59,1662.0,4238.4,0.39,Exposed group,Unexposed group,0.59,0.39,Unexposed group
39,analysis,MDD diagnosis,analysis,MDD diagnosis,507,507.0,Pleurisy; pleural effusion,respiratory,Respiratory diseases,respiratory,Respiratory diseases,#E0E0E0,Both,393.0,0.2792584501611385,0.0548138843776743,1.3221490093404025,1.3221490093404025,1.3221490093404025,1.1874679140103932,1.4721054626192684,3.493560351846936e-07,5.282944922305123e-07,True,True,elevated,,Hazard ratio,393.0,462.67,0.85,2908.0,4509.22,0.64,Exposed group,Unexposed group,0.85,0.64,Unexposed group
209,analysis,MDD diagnosis,analysis,MDD diagnosis,512.3,512.3,Abnormal chest sounds,respiratory,Respiratory diseases,respiratory,Respiratory diseases,#E0E0E0,Both,0.0,,,,,,,,,,False,False,elevated,,Hazard ratio,0.0,468.54,0.0,0.0,4594.58,0.0,Exposed group,Unexposed group,0.0,0.0,Unexposed group
542,analysis,MDD diagnosis,analysis,MDD diagnosis,514.1,514.1,Abnormal results of function study of pulmonary system,respiratory,Respiratory diseases,respiratory,Respiratory diseases,#E0E0E0,Both,0.0,,,,,,,,,,False,False,elevated,,Hazard ratio,0.0,468.54,0.0,0.0,4594.71,0.0,Exposed group,Unexposed group,0.0,0.0,Unexposed group
855,analysis,MDD diagnosis,analysis,MDD diagnosis,498,498.0,Acute bronchospasm,respiratory,Respiratory diseases,respiratory,Respiratory diseases,#E0E0E0,Both,0.0,,,,,,,,,,False,False,elevated,,Hazard ratio,0.0,457.15,0.0,0.0,4413.38,0.0,Exposed group,Unexposed group,0.0,0.0,Unexposed group
900,analysis,MDD diagnosis,analysis,MDD diagnosis,465.4,465.4,Acute laryngitis and tracheitis,respiratory,Respiratory diseases,respiratory,Respiratory diseases,#E0E0E0,Both,114.0,,,,,,,,,,False,False,elevated,,Hazard ratio,114.0,456.88,0.25,795.0,4431.86,0.18,Exposed group,Unexposed group,0.25,0.18,Unexposed group
280,analysis,MDD diagnosis,analysis,MDD diagnosis,465.2,465.2,Acute pharyngitis,respiratory,Respiratory diseases,respiratory,Respiratory diseases,#E0E0E0,Both,109.0,,,,,,,,,,False,False,elevated,,Hazard ratio,109.0,456.93,0.24,667.0,4432.71,0.15,Exposed group,Unexposed group,0.24,0.15,Unexposed group
413,analysis,MDD diagnosis,analysis,MDD diagnosis,474.1,474.1,Acute tonsillitis,respiratory,Respiratory diseases,respiratory,Respiratory diseases,#E0E0E0,Both,80.0,,,,,,,,,,False,False,elevated,,Hazard ratio,80.0,445.41,0.18,639.0,4244.99,0.15,Exposed group,Unexposed group,0.18,0.15,Unexposed group
193,analysis,MDD diagnosis,analysis,MDD diagnosis,495.2,495.2,Asthma with exacerbation,respiratory,Respiratory diseases,respiratory,Respiratory diseases,#E0E0E0,Both,35.0,,,,,,,,,,False,False,elevated,,Hazard ratio,35.0,456.92,0.08,164.0,4412.3,0.04,Exposed group,Unexposed group,0.08,0.04,Unexposed group
935,analysis,MDD diagnosis,analysis,MDD diagnosis,496.3,496.3,Bronchiectasis,respiratory,Respiratory diseases,respiratory,Respiratory diseases,#E0E0E0,Both,47.0,,,,,,,,,,False,False,elevated,,Hazard ratio,47.0,456.98,0.1,502.0,4410.91,0.11,Exposed group,Unexposed group,0.1,0.11,Unexposed group
912,analysis,MDD diagnosis,analysis,MDD diagnosis,497,497.0,Bronchitis,respiratory,Respiratory diseases,respiratory,Respiratory diseases,#E0E0E0,Both,104.0,,,,,,,,,,False,False,elevated,,Hazard ratio,104.0,456.57,0.23,570.0,4410.65,0.13,Exposed group,Unexposed group,0.23,0.13,Unexposed group
364,analysis,MDD diagnosis,analysis,MDD diagnosis,480.5,480.5,Bronchopneumonia and lung abscess,respiratory,Respiratory diseases,respiratory,Respiratory diseases,#E0E0E0,Both,227.0,,,,,,,,,,False,False,elevated,,Hazard ratio,227.0,451.89,0.5,1058.0,4337.95,0.24,Exposed group,Unexposed group,0.5,0.24,Unexposed group
567,analysis,MDD diagnosis,analysis,MDD diagnosis,473.1,473.1,Chronic laryngitis,respiratory,Respiratory diseases,respiratory,Respiratory diseases,#E0E0E0,Both,130.0,,,,,,,,,,False,False,elevated,,Hazard ratio,130.0,445.15,0.29,653.0,4244.92,0.15,Exposed group,Unexposed group,0.29,0.15,Unexposed group
629,analysis,MDD diagnosis,analysis,MDD diagnosis,495.1,495.1,Chronic obstructive asthma,respiratory,Respiratory diseases,respiratory,Respiratory diseases,#E0E0E0,Both,0.0,,,,,,,,,,False,False,elevated,,Hazard ratio,0.0,457.15,0.0,0.0,4413.38,0.0,Exposed group,Unexposed group,0.0,0.0,Unexposed group
831,analysis,MDD diagnosis,analysis,MDD diagnosis,474.2,474.2,Chronic tonsillitis and adenoiditis,respiratory,Respiratory diseases,respiratory,Respiratory diseases,#E0E0E0,Both,94.0,,,,,,,,,,False,False,elevated,,Hazard ratio,94.0,445.35,0.21,636.0,4244.91,0.15,Exposed group,Unexposed group,0.21,0.15,Unexposed group
668,analysis,MDD diagnosis,analysis,MDD diagnosis,512.8,512.8,Cough,respiratory,Respiratory diseases,respiratory,Respiratory diseases,#E0E0E0,Both,0.0,,,,,,,,,,False,False,elevated,,Hazard ratio,0.0,468.54,0.0,0.0,4594.58,0.0,Exposed group,Unexposed group,0.0,0.0,Unexposed group
801,analysis,MDD diagnosis,analysis,MDD diagnosis,499,499.0,Cystic fibrosis,respiratory,Respiratory diseases,respiratory,Respiratory diseases,#E0E0E0,Both,3.0,,,,,,,,,,False,False,elevated,,Hazard ratio,3.0,468.51,0.01,15.0,4594.25,0.0,Exposed group,Unexposed group,0.01,0.0,Unexposed group
232,analysis,MDD diagnosis,analysis,MDD diagnosis,509.8,509.8,Dependence on respirator [Ventilator] or supplemental oxygen,respiratory,Respiratory diseases,respiratory,Respiratory diseases,#E0E0E0,Both,0.0,,,,,,,,,,False,False,elevated,,Hazard ratio,0.0,464.27,0.0,0.0,4519.06,0.0,Exposed group,Unexposed group,0.0,0.0,Unexposed group
789,analysis,MDD diagnosis,analysis,MDD diagnosis,513.8,513.8,Disorders of diaphragm,respiratory,Respiratory diseases,respiratory,Respiratory diseases,#E0E0E0,Both,13.0,,,,,,,,,,False,False,elevated,,Hazard ratio,13.0,468.42,0.03,78.0,4593.51,0.02,Exposed group,Unexposed group,0.03,0.02,Unexposed group
768,analysis,MDD diagnosis,analysis,MDD diagnosis,496.1,496.1,Emphysema,respiratory,Respiratory diseases,respiratory,Respiratory diseases,#E0E0E0,Both,132.0,,,,,,,,,,False,False,elevated,,Hazard ratio,132.0,456.86,0.29,684.0,4411.91,0.16,Exposed group,Unexposed group,0.29,0.16,Unexposed group
433,analysis,MDD diagnosis,analysis,MDD diagnosis,506,506.0,Empyema and pneumothorax,respiratory,Respiratory diseases,respiratory,Respiratory diseases,#E0E0E0,Both,137.0,,,,,,,,,,False,False,elevated,,Hazard ratio,137.0,463.76,0.3,917.0,4515.75,0.2,Exposed group,Unexposed group,0.3,0.2,Unexposed group
512,analysis,MDD diagnosis,analysis,MDD diagnosis,477,477.0,Epistaxis or throat hemorrhage,respiratory,Respiratory diseases,respiratory,Respiratory diseases,#E0E0E0,Both,0.0,,,,,,,,,,False,False,elevated,,Hazard ratio,0.0,445.87,0.0,0.0,4248.82,0.0,Exposed group,Unexposed group,0.0,0.0,Unexposed group
495,analysis,MDD diagnosis,analysis,MDD diagnosis,500.1,500.1,Extrinsic allergic alveolitis,respiratory,Respiratory diseases,respiratory,Respiratory diseases,#E0E0E0,Both,10.0,,,,,,,,,,False,False,elevated,,Hazard ratio,10.0,464.21,0.02,76.0,4518.59,0.02,Exposed group,Unexposed group,0.02,0.02,Unexposed group
980,analysis,MDD diagnosis,analysis,MDD diagnosis,516.1,516.1,Hemoptysis,respiratory,Respiratory diseases,respiratory,Respiratory diseases,#E0E0E0,Both,0.0,,,,,,,,,,False,False,elevated,,Hazard ratio,0.0,468.54,0.0,0.0,4594.71,0.0,Exposed group,Unexposed group,0.0,0.0,Unexposed group
845,analysis,MDD diagnosis,analysis,MDD diagnosis,513.4,513.4,Hyperventilation,respiratory,Respiratory diseases,respiratory,Respiratory diseases,#E0E0E0,Both,0.0,,,,,,,,,,False,False,elevated,,Hazard ratio,0.0,468.49,0.0,0.0,4593.87,0.0,Exposed group,Unexposed group,0.0,0.0,Unexposed group
357,analysis,MDD diagnosis,analysis,MDD diagnosis,513.3,513.3,Hypoventilation,respiratory,Respiratory diseases,respiratory,Respiratory diseases,#E0E0E0,Both,37.0,,,,,,,,,,False,False,elevated,,Hazard ratio,37.0,468.4,0.08,147.0,4593.44,0.03,Exposed group,Unexposed group,0.08,0.03,Unexposed group
566,analysis,MDD diagnosis,analysis,MDD diagnosis,504.1,504.1,Idiopathic fibrosing alveolitis,respiratory,Respiratory diseases,respiratory,Respiratory diseases,#E0E0E0,Both,0.0,,,,,,,,,,False,False,elevated,,Hazard ratio,0.0,464.27,0.0,2.0,4519.03,0.0,Exposed group,Unexposed group,0.0,0.0,Unexposed group
349,analysis,MDD diagnosis,analysis,MDD diagnosis,481,481.0,Influenza,respiratory,Respiratory diseases,respiratory,Respiratory diseases,#E0E0E0,Both,230.0,,,,,,,,,,False,False,elevated,,Hazard ratio,230.0,451.73,0.51,1136.0,4337.94,0.26,Exposed group,Unexposed group,0.51,0.26,Unexposed group
499,analysis,MDD diagnosis,analysis,MDD diagnosis,510.2,510.2,Lung transplant,respiratory,Respiratory diseases,respiratory,Respiratory diseases,#E0E0E0,Both,0.0,,,,,,,,,,False,False,elevated,,Hazard ratio,0.0,467.78,0.0,0.0,4581.85,0.0,Exposed group,Unexposed group,0.0,0.0,Unexposed group
190,analysis,MDD diagnosis,analysis,MDD diagnosis,471,471.0,Nasal polyps,respiratory,Respiratory diseases,respiratory,Respiratory diseases,#E0E0E0,Both,170.0,,,,,,,,,,False,False,elevated,,Hazard ratio,170.0,444.88,0.38,1943.0,4236.52,0.46,Exposed group,Unexposed group,0.38,0.46,Unexposed group
444,analysis,MDD diagnosis,analysis,MDD diagnosis,519.8,519.8,"Other diseases of respiratory system, NEC",respiratory,Respiratory diseases,respiratory,Respiratory diseases,#E0E0E0,Both,246.0,,,,,,,,,,False,False,elevated,,Hazard ratio,246.0,466.59,0.53,1134.0,4573.41,0.25,Exposed group,Unexposed group,0.53,0.25,Unexposed group
669,analysis,MDD diagnosis,analysis,MDD diagnosis,512.9,512.9,Other dyspnea,respiratory,Respiratory diseases,respiratory,Respiratory diseases,#E0E0E0,Both,0.0,,,,,,,,,,False,False,elevated,,Hazard ratio,0.0,468.54,0.0,0.0,4594.58,0.0,Exposed group,Unexposed group,0.0,0.0,Unexposed group
535,analysis,MDD diagnosis,analysis,MDD diagnosis,505,505.0,Other pulmonary inflamation or edema,respiratory,Respiratory diseases,respiratory,Respiratory diseases,#E0E0E0,Both,5.0,,,,,,,,,,False,False,elevated,,Hazard ratio,5.0,464.26,0.01,65.0,4518.75,0.01,Exposed group,Unexposed group,0.01,0.01,Unexposed group
965,analysis,MDD diagnosis,analysis,MDD diagnosis,479,479.0,Other upper respiratory disease,respiratory,Respiratory diseases,respiratory,Respiratory diseases,#E0E0E0,Both,219.0,,,,,,,,,,False,False,elevated,,Hazard ratio,219.0,444.72,0.49,1632.0,4240.49,0.38,Exposed group,Unexposed group,0.49,0.38,Unexposed group
230,analysis,MDD diagnosis,analysis,MDD diagnosis,512.2,512.2,Painful respiration,respiratory,Respiratory diseases,respiratory,Respiratory diseases,#E0E0E0,Both,0.0,,,,,,,,,,False,False,elevated,,Hazard ratio,0.0,468.54,0.0,0.0,4594.58,0.0,Exposed group,Unexposed group,0.0,0.0,Unexposed group
981,analysis,MDD diagnosis,analysis,MDD diagnosis,473.3,473.3,Paralysis/spasm of vocal cords or larynx,respiratory,Respiratory diseases,respiratory,Respiratory diseases,#E0E0E0,Both,102.0,,,,,,,,,,False,False,elevated,,Hazard ratio,102.0,445.48,0.23,758.0,4245.55,0.18,Exposed group,Unexposed group,0.23,0.18,Unexposed group
229,analysis,MDD diagnosis,analysis,MDD diagnosis,500.2,500.2,Pneumoconiosis,respiratory,Respiratory diseases,respiratory,Respiratory diseases,#E0E0E0,Both,8.0,,,,,,,,,,False,False,elevated,,Hazard ratio,8.0,464.26,0.02,58.0,4518.76,0.01,Exposed group,Unexposed group,0.02,0.01,Unexposed group
290,analysis,MDD diagnosis,analysis,MDD diagnosis,480.3,480.3,Pneumonia due to fungus (mycoses),respiratory,Respiratory diseases,respiratory,Respiratory diseases,#E0E0E0,Both,22.0,,,,,,,,,,False,False,elevated,,Hazard ratio,22.0,452.57,0.05,137.0,4341.76,0.03,Exposed group,Unexposed group,0.05,0.03,Unexposed group
262,analysis,MDD diagnosis,analysis,MDD diagnosis,502,502.0,Postinflammatory pulmonary fibrosis,respiratory,Respiratory diseases,respiratory,Respiratory diseases,#E0E0E0,Both,131.0,,,,,,,,,,False,False,elevated,,Hazard ratio,131.0,463.95,0.28,996.0,4516.35,0.22,Exposed group,Unexposed group,0.28,0.22,Unexposed group
565,analysis,MDD diagnosis,analysis,MDD diagnosis,475.9,475.9,Postnasal drip,respiratory,Respiratory diseases,respiratory,Respiratory diseases,#E0E0E0,Both,0.0,,,,,,,,,,False,False,elevated,,Hazard ratio,0.0,445.87,0.0,0.0,4248.82,0.0,Exposed group,Unexposed group,0.0,0.0,Unexposed group
537,analysis,MDD diagnosis,analysis,MDD diagnosis,508,508.0,Pulmonary collapse; interstitial and compensatory emphysema,respiratory,Respiratory diseases,respiratory,Respiratory diseases,#E0E0E0,Both,27.0,,,,,,,,,,False,False,elevated,,Hazard ratio,27.0,464.14,0.06,103.0,4518.65,0.02,Exposed group,Unexposed group,0.06,0.02,Unexposed group
612,analysis,MDD diagnosis,analysis,MDD diagnosis,503,503.0,Pulmonary congestion and hypostasis,respiratory,Respiratory diseases,respiratory,Respiratory diseases,#E0E0E0,Both,241.0,,,,,,,,,,False,False,elevated,,Hazard ratio,241.0,464.14,0.52,1184.0,4518.3,0.26,Exposed group,Unexposed group,0.52,0.26,Unexposed group
688,analysis,MDD diagnosis,analysis,MDD diagnosis,509.3,509.3,Pulmonary insufficiency or respiratory failure following trauma and surgery,respiratory,Respiratory diseases,respiratory,Respiratory diseases,#E0E0E0,Both,6.0,,,,,,,,,,False,False,elevated,,Hazard ratio,6.0,464.27,0.01,24.0,4518.98,0.01,Exposed group,Unexposed group,0.01,0.01,Unexposed group
520,analysis,MDD diagnosis,analysis,MDD diagnosis,509.5,509.5,Respiratory arrest,respiratory,Respiratory diseases,respiratory,Respiratory diseases,#E0E0E0,Both,0.0,,,,,,,,,,False,False,elevated,,Hazard ratio,0.0,464.27,0.0,0.0,4519.06,0.0,Exposed group,Unexposed group,0.0,0.0,Unexposed group
307,analysis,MDD diagnosis,analysis,MDD diagnosis,519.2,519.2,Respiratory complications,respiratory,Respiratory diseases,respiratory,Respiratory diseases,#E0E0E0,Both,38.0,,,,,,,,,,False,False,elevated,,Hazard ratio,38.0,467.45,0.08,195.0,4577.92,0.04,Exposed group,Unexposed group,0.08,0.04,Unexposed group
1116,analysis,MDD diagnosis,analysis,MDD diagnosis,512.7,512.7,Shortness of breath,respiratory,Respiratory diseases,respiratory,Respiratory diseases,#E0E0E0,Both,0.0,,,,,,,,,,False,False,elevated,,Hazard ratio,0.0,468.54,0.0,0.0,4594.58,0.0,Exposed group,Unexposed group,0.0,0.0,Unexposed group
454,analysis,MDD diagnosis,analysis,MDD diagnosis,514.2,514.2,Solitary pulmonary nodule,respiratory,Respiratory diseases,respiratory,Respiratory diseases,#E0E0E0,Both,0.0,,,,,,,,,,False,False,elevated,,Hazard ratio,0.0,468.54,0.0,0.0,4594.71,0.0,Exposed group,Unexposed group,0.0,0.0,Unexposed group
908,analysis,MDD diagnosis,analysis,MDD diagnosis,519.9,519.9,Symptoms involving respiratory system and other chest symptoms,respiratory,Respiratory diseases,respiratory,Respiratory diseases,#E0E0E0,Both,0.0,,,,,,,,,,False,False,elevated,,Hazard ratio,0.0,467.55,0.0,0.0,4578.25,0.0,Exposed group,Unexposed group,0.0,0.0,Unexposed group
273,analysis,MDD diagnosis,analysis,MDD diagnosis,478,478.0,Throat pain,respiratory,Respiratory diseases,respiratory,Respiratory diseases,#E0E0E0,Both,0.0,,,,,,,,,,False,False,elevated,,Hazard ratio,0.0,445.87,0.0,0.0,4248.82,0.0,Exposed group,Unexposed group,0.0,0.0,Unexposed group
650,analysis,MDD diagnosis,analysis,MDD diagnosis,519.1,519.1,Tracheostomy complications,respiratory,Respiratory diseases,respiratory,Respiratory diseases,#E0E0E0,Both,0.0,,,,,,,,,,False,False,elevated,,Hazard ratio,0.0,467.55,0.0,0.0,4578.25,0.0,Exposed group,Unexposed group,0.0,0.0,Unexposed group
500,analysis,MDD diagnosis,analysis,MDD diagnosis,480.2,480.2,Viral pneumonia,respiratory,Respiratory diseases,respiratory,Respiratory diseases,#E0E0E0,Both,36.0,,,,,,,,,,False,False,elevated,,Hazard ratio,36.0,452.53,0.08,153.0,4341.65,0.04,Exposed group,Unexposed group,0.08,0.04,Unexposed group
875,analysis,MDD diagnosis,analysis,MDD diagnosis,473.4,473.4,Voice disturbance,respiratory,Respiratory diseases,respiratory,Respiratory diseases,#E0E0E0,Both,0.0,,,,,,,,,,False,False,elevated,,Hazard ratio,0.0,445.87,0.0,0.0,4248.82,0.0,Exposed group,Unexposed group,0.0,0.0,Unexposed group
466,analysis,MDD diagnosis,analysis,MDD diagnosis,512.1,512.1,Wheezing,respiratory,Respiratory diseases,respiratory,Respiratory diseases,#E0E0E0,Both,0.0,,,,,,,,,,False,False,elevated,,Hazard ratio,0.0,468.54,0.0,0.0,4594.58,0.0,Exposed group,Unexposed group,0.0,0.0,Unexposed group
